2026-06-25T20:02:36.270072Z  INFO herdr::api::server: api server listening path=C:\Users\rnldc_kvkk1y2\AppData\Roaming\herdr\herdr.sock
2026-06-25T20:02:36.271077Z  INFO herdr::app: using pane scrollback configuration pane_scrollback_limit_bytes=10000000
2026-06-25T20:02:36.392441Z  INFO herdr::logging: checking for updates event="update.check.start" subsystem="update" outcome="started"
2026-06-25T20:02:36.393361Z  INFO herdr::logging: spawning pane terminal event="pane.spawn.start" subsystem="pane" outcome="started" pane_id=1 rows=24 cols=80 scrollback_limit_bytes=10000000
2026-06-25T20:02:36.437927Z  INFO herdr::logging: pane child spawned event="pane.spawned" subsystem="pane" outcome="ok" pane_id=1 pid=4256
2026-06-25T20:02:36.440837Z  INFO herdr::logging: workspace created event="workspace.create" subsystem="workspace" outcome="ok" workspace_id="w1" pane_id=1
2026-06-25T20:02:36.440963Z  INFO herdr::logging: workspace focused event="workspace.focus" subsystem="workspace" outcome="ok" workspace_id="w1"
2026-06-25T20:02:36.441051Z  INFO herdr::logging: tab focused event="tab.focus" subsystem="tab" outcome="ok" workspace_id="w1" tab_id="w1:t1"
2026-06-25T20:02:36.441082Z  INFO herdr::server::headless: created startup workspace cwd=C:\Users\rnldc_kvkk1y2
2026-06-25T20:02:36.459770Z  INFO herdr::server::headless: client protocol socket listening path=C:\Users\rnldc_kvkk1y2\AppData\Roaming\herdr\herdr-client.sock
2026-06-25T20:02:36.460765Z  INFO herdr::server::headless: herdr server started api_socket=C:\Users\rnldc_kvkk1y2\AppData\Roaming\herdr\herdr.sock client_socket=C:\Users\rnldc_kvkk1y2\AppData\Roaming\herdr\herdr-client.sock
2026-06-25T20:02:36.460867Z  INFO herdr::logging: herdr starting event="app.startup" subsystem="server" outcome="started" pid=24248
2026-06-25T20:02:36.493845Z  INFO herdr::server::headless: client connected client_id=2 cols=159 rows=38 cell_width_px=0 cell_height_px=0 render_encoding=SemanticFrame
2026-06-25T20:02:41.466783Z  INFO herdr::logging: session saved event="persist.save" subsystem="persist" outcome="ok" path=C:\Users\rnldc_kvkk1y2\AppData\Roaming\herdr\session.json workspaces=1
2026-06-25T20:23:10.530890Z  INFO herdr::server::headless: client disconnected client_id=2
2026-06-25T20:23:10.535978Z  INFO herdr::server::headless: server shutdown initiated
2026-06-25T20:23:29.957442Z  INFO herdr::api::server: api server listening path=C:\Users\rnldc_kvkk1y2\AppData\Roaming\herdr\herdr.sock
2026-06-25T20:23:29.959678Z  INFO herdr::logging: spawning pane terminal event="pane.spawn.start" subsystem="pane" outcome="started" pane_id=1 rows=24 cols=80 scrollback_limit_bytes=10000000
2026-06-25T20:23:29.994343Z  INFO herdr::logging: pane child spawned event="pane.spawned" subsystem="pane" outcome="ok" pane_id=1 pid=24948
2026-06-25T20:23:29.995371Z  INFO herdr::logging: session restore evaluated event="persist.restore" subsystem="persist" outcome="ok" workspaces=1
2026-06-25T20:23:29.995447Z  INFO herdr::app: using pane scrollback configuration pane_scrollback_limit_bytes=10000000
2026-06-25T20:23:30.190070Z  INFO herdr::logging: checking for updates event="update.check.start" subsystem="update" outcome="started"
2026-06-25T20:23:30.190164Z  INFO herdr::server::headless: restored session already has workspaces; ignoring startup cwd cwd=C:\Users\rnldc_kvkk1y2
2026-06-25T20:23:30.206293Z  INFO herdr::server::headless: client protocol socket listening path=C:\Users\rnldc_kvkk1y2\AppData\Roaming\herdr\herdr-client.sock
2026-06-25T20:23:30.207078Z  INFO herdr::server::headless: herdr server started api_socket=C:\Users\rnldc_kvkk1y2\AppData\Roaming\herdr\herdr.sock client_socket=C:\Users\rnldc_kvkk1y2\AppData\Roaming\herdr\herdr-client.sock
2026-06-25T20:23:30.207174Z  INFO herdr::logging: herdr starting event="app.startup" subsystem="server" outcome="started" pid=3500
2026-06-25T20:23:30.238456Z  INFO herdr::server::headless: client connected client_id=2 cols=159 rows=38 cell_width_px=0 cell_height_px=0 render_encoding=SemanticFrame
2026-06-25T20:24:12.259507Z  INFO herdr::app::actions: copied selection to clipboard
2026-06-25T20:24:28.914160Z  INFO herdr::app::actions: copied selection to clipboard
2026-06-25T20:25:43.172582Z  INFO herdr::server::headless: client disconnected client_id=2
2026-06-25T20:25:51.502307Z  INFO herdr::api::server: api server listening path=C:\Users\rnldc_kvkk1y2\AppData\Roaming\herdr\herdr.sock
2026-06-25T20:25:51.504386Z  INFO herdr::logging: spawning pane terminal event="pane.spawn.start" subsystem="pane" outcome="started" pane_id=1 rows=24 cols=80 scrollback_limit_bytes=10000000
2026-06-25T20:25:51.535128Z  INFO herdr::logging: pane child spawned event="pane.spawned" subsystem="pane" outcome="ok" pane_id=1 pid=25348
2026-06-25T20:25:51.535993Z  INFO herdr::logging: session restore evaluated event="persist.restore" subsystem="persist" outcome="ok" workspaces=1
2026-06-25T20:25:51.536068Z  INFO herdr::app: using pane scrollback configuration pane_scrollback_limit_bytes=10000000
2026-06-25T20:25:51.745051Z  INFO herdr::logging: checking for updates event="update.check.start" subsystem="update" outcome="started"
2026-06-25T20:25:51.745138Z  INFO herdr::server::headless: restored session already has workspaces; ignoring startup cwd cwd=C:\Users\rnldc_kvkk1y2
2026-06-25T20:25:51.769238Z  INFO herdr::server::headless: client protocol socket listening path=C:\Users\rnldc_kvkk1y2\AppData\Roaming\herdr\herdr-client.sock
2026-06-25T20:25:51.770051Z  INFO herdr::server::headless: herdr server started api_socket=C:\Users\rnldc_kvkk1y2\AppData\Roaming\herdr\herdr.sock client_socket=C:\Users\rnldc_kvkk1y2\AppData\Roaming\herdr\herdr-client.sock
2026-06-25T20:25:51.770154Z  INFO herdr::logging: herdr starting event="app.startup" subsystem="server" outcome="started" pid=7256
2026-06-25T20:25:51.784566Z  INFO herdr::server::headless: client connected client_id=2 cols=159 rows=38 cell_width_px=0 cell_height_px=0 render_encoding=SemanticFrame
2026-06-25T20:27:55.398419Z  INFO herdr::logging: session saved event="persist.save" subsystem="persist" outcome="ok" path=C:\Users\rnldc_kvkk1y2\AppData\Roaming\herdr\session.json workspaces=1
2026-06-25T20:28:01.326212Z  INFO herdr::logging: spawning pane terminal event="pane.spawn.start" subsystem="pane" outcome="started" pane_id=2 rows=37 cols=133 scrollback_limit_bytes=10000000
2026-06-25T20:28:01.354732Z  INFO herdr::logging: pane child spawned event="pane.spawned" subsystem="pane" outcome="ok" pane_id=2 pid=11928
2026-06-25T20:28:01.355011Z  INFO herdr::logging: tab focused event="tab.focus" subsystem="tab" outcome="ok" workspace_id="w1" tab_id="w1:t2"
2026-06-25T20:28:01.355040Z  INFO herdr::logging: tab created event="tab.create" subsystem="tab" outcome="ok" workspace_id="w1" tab_id="w1:t2" pane_id=2
2026-06-25T20:28:06.370329Z  INFO herdr::logging: session saved event="persist.save" subsystem="persist" outcome="ok" path=C:\Users\rnldc_kvkk1y2\AppData\Roaming\herdr\session.json workspaces=1
2026-06-25T20:28:11.441791Z  INFO herdr::server::headless: client disconnected client_id=2
2026-06-25T20:28:31.171016Z  INFO herdr::api::server: api server listening path=C:\Users\rnldc_kvkk1y2\AppData\Roaming\herdr\herdr.sock
2026-06-25T20:28:31.173093Z  INFO herdr::logging: spawning pane terminal event="pane.spawn.start" subsystem="pane" outcome="started" pane_id=1 rows=24 cols=80 scrollback_limit_bytes=10000000
2026-06-25T20:28:31.206015Z  INFO herdr::logging: pane child spawned event="pane.spawned" subsystem="pane" outcome="ok" pane_id=1 pid=18780
2026-06-25T20:28:31.206984Z  INFO herdr::logging: spawning pane terminal event="pane.spawn.start" subsystem="pane" outcome="started" pane_id=2 rows=24 cols=80 scrollback_limit_bytes=10000000
2026-06-25T20:28:31.231673Z  INFO herdr::logging: pane child spawned event="pane.spawned" subsystem="pane" outcome="ok" pane_id=2 pid=3604
2026-06-25T20:28:31.233398Z  INFO herdr::logging: session restore evaluated event="persist.restore" subsystem="persist" outcome="ok" workspaces=1
2026-06-25T20:28:31.233465Z  INFO herdr::app: using pane scrollback configuration pane_scrollback_limit_bytes=10000000
2026-06-25T20:28:31.469999Z  INFO herdr::logging: checking for updates event="update.check.start" subsystem="update" outcome="started"
2026-06-25T20:28:31.470049Z  INFO herdr::server::headless: restored session already has workspaces; ignoring startup cwd cwd=C:\Users\rnldc_kvkk1y2
2026-06-25T20:28:31.487950Z  INFO herdr::server::headless: client protocol socket listening path=C:\Users\rnldc_kvkk1y2\AppData\Roaming\herdr\herdr-client.sock
2026-06-25T20:28:31.488925Z  INFO herdr::server::headless: herdr server started api_socket=C:\Users\rnldc_kvkk1y2\AppData\Roaming\herdr\herdr.sock client_socket=C:\Users\rnldc_kvkk1y2\AppData\Roaming\herdr\herdr-client.sock
2026-06-25T20:28:31.489037Z  INFO herdr::logging: herdr starting event="app.startup" subsystem="server" outcome="started" pid=25556
2026-06-25T20:28:31.500022Z  INFO herdr::server::headless: client connected client_id=2 cols=159 rows=38 cell_width_px=0 cell_height_px=0 render_encoding=SemanticFrame
2026-06-25T20:43:18.262308Z  INFO herdr::server::headless: client disconnected client_id=2
2026-06-25T20:43:31.232749Z  INFO herdr::api::server: api server listening path=C:\Users\rnldc_kvkk1y2\AppData\Roaming\herdr\herdr.sock
2026-06-25T20:43:31.242934Z  INFO herdr::logging: spawning pane terminal event="pane.spawn.start" subsystem="pane" outcome="started" pane_id=1 rows=24 cols=80 scrollback_limit_bytes=10000000
2026-06-25T20:43:31.279449Z  INFO herdr::logging: pane child spawned event="pane.spawned" subsystem="pane" outcome="ok" pane_id=1 pid=19340
2026-06-25T20:43:31.280206Z  INFO herdr::logging: spawning pane terminal event="pane.spawn.start" subsystem="pane" outcome="started" pane_id=2 rows=24 cols=80 scrollback_limit_bytes=10000000
2026-06-25T20:43:31.308902Z  INFO herdr::logging: pane child spawned event="pane.spawned" subsystem="pane" outcome="ok" pane_id=2 pid=22636
2026-06-25T20:43:31.310804Z  INFO herdr::logging: session restore evaluated event="persist.restore" subsystem="persist" outcome="ok" workspaces=1
2026-06-25T20:43:31.310887Z  INFO herdr::app: using pane scrollback configuration pane_scrollback_limit_bytes=10000000
2026-06-25T20:43:31.817202Z  INFO herdr::logging: checking for updates event="update.check.start" subsystem="update" outcome="started"
2026-06-25T20:43:31.817280Z  INFO herdr::server::headless: restored session already has workspaces; ignoring startup cwd cwd=C:\Users\rnldc_kvkk1y2
2026-06-25T20:43:31.844797Z  INFO herdr::server::headless: client protocol socket listening path=C:\Users\rnldc_kvkk1y2\AppData\Roaming\herdr\herdr-client.sock
2026-06-25T20:43:31.850973Z  INFO herdr::server::headless: herdr server started api_socket=C:\Users\rnldc_kvkk1y2\AppData\Roaming\herdr\herdr.sock client_socket=C:\Users\rnldc_kvkk1y2\AppData\Roaming\herdr\herdr-client.sock
2026-06-25T20:43:31.851386Z  INFO herdr::logging: herdr starting event="app.startup" subsystem="server" outcome="started" pid=14676
2026-06-25T20:43:31.863646Z  INFO herdr::server::headless: client connected client_id=2 cols=159 rows=38 cell_width_px=0 cell_height_px=0 render_encoding=SemanticFrame
2026-06-25T20:46:21.444071Z  INFO herdr::server::headless: client disconnected client_id=2
2026-06-25T20:46:21.448575Z  INFO herdr::server::headless: server shutdown initiated
2026-06-25T20:46:29.776396Z  INFO herdr::api::server: api server listening path=C:\Users\rnldc_kvkk1y2\AppData\Roaming\herdr\herdr.sock
2026-06-25T20:46:29.779495Z  INFO herdr::logging: spawning pane terminal event="pane.spawn.start" subsystem="pane" outcome="started" pane_id=1 rows=24 cols=80 scrollback_limit_bytes=10000000
2026-06-25T20:46:29.826064Z  INFO herdr::logging: pane child spawned event="pane.spawned" subsystem="pane" outcome="ok" pane_id=1 pid=5996
2026-06-25T20:46:29.828013Z  INFO herdr::logging: spawning pane terminal event="pane.spawn.start" subsystem="pane" outcome="started" pane_id=2 rows=24 cols=80 scrollback_limit_bytes=10000000
2026-06-25T20:46:29.865764Z  INFO herdr::logging: pane child spawned event="pane.spawned" subsystem="pane" outcome="ok" pane_id=2 pid=4276
2026-06-25T20:46:29.868374Z  INFO herdr::logging: session restore evaluated event="persist.restore" subsystem="persist" outcome="ok" workspaces=1
2026-06-25T20:46:29.868601Z  INFO herdr::app: using pane scrollback configuration pane_scrollback_limit_bytes=10000000
2026-06-25T20:46:30.166736Z  INFO herdr::logging: checking for updates event="update.check.start" subsystem="update" outcome="started"
2026-06-25T20:46:30.166816Z  INFO herdr::server::headless: restored session already has workspaces; ignoring startup cwd cwd=C:\Users\rnldc_kvkk1y2
2026-06-25T20:46:30.189720Z  INFO herdr::server::headless: client protocol socket listening path=C:\Users\rnldc_kvkk1y2\AppData\Roaming\herdr\herdr-client.sock
2026-06-25T20:46:30.190903Z  INFO herdr::server::headless: herdr server started api_socket=C:\Users\rnldc_kvkk1y2\AppData\Roaming\herdr\herdr.sock client_socket=C:\Users\rnldc_kvkk1y2\AppData\Roaming\herdr\herdr-client.sock
2026-06-25T20:46:30.191063Z  INFO herdr::logging: herdr starting event="app.startup" subsystem="server" outcome="started" pid=24328
2026-06-25T20:46:30.201023Z  INFO herdr::server::headless: client connected client_id=2 cols=159 rows=38 cell_width_px=0 cell_height_px=0 render_encoding=SemanticFrame
2026-06-25T20:46:35.063560Z  INFO herdr::logging: spawning pane terminal event="pane.spawn.start" subsystem="pane" outcome="started" pane_id=3 rows=37 cols=133 scrollback_limit_bytes=10000000
2026-06-25T20:46:35.093972Z  INFO herdr::logging: pane child spawned event="pane.spawned" subsystem="pane" outcome="ok" pane_id=3 pid=11956
2026-06-25T20:46:35.094242Z  INFO herdr::logging: tab focused event="tab.focus" subsystem="tab" outcome="ok" workspace_id="w1" tab_id="w1:t3"
2026-06-25T20:46:35.094271Z  INFO herdr::logging: tab created event="tab.create" subsystem="tab" outcome="ok" workspace_id="w1" tab_id="w1:t3" pane_id=3
2026-06-25T20:46:40.105921Z  INFO herdr::logging: session saved event="persist.save" subsystem="persist" outcome="ok" path=C:\Users\rnldc_kvkk1y2\AppData\Roaming\herdr\session.json workspaces=1
2026-06-25T20:46:45.936964Z  INFO herdr::logging: tab focused event="tab.focus" subsystem="tab" outcome="ok" workspace_id="w1" tab_id="w1:t1"
2026-06-25T20:46:50.954215Z  INFO herdr::logging: session saved event="persist.save" subsystem="persist" outcome="ok" path=C:\Users\rnldc_kvkk1y2\AppData\Roaming\herdr\session.json workspaces=1
2026-06-25T20:46:54.010309Z  INFO herdr::logging: tab focused event="tab.focus" subsystem="tab" outcome="ok" workspace_id="w1" tab_id="w1:t2"
2026-06-25T20:46:55.266297Z  INFO herdr::logging: tab focused event="tab.focus" subsystem="tab" outcome="ok" workspace_id="w1" tab_id="w1:t3"
2026-06-25T20:47:01.961797Z  INFO herdr::logging: session saved event="persist.save" subsystem="persist" outcome="ok" path=C:\Users\rnldc_kvkk1y2\AppData\Roaming\herdr\session.json workspaces=1
2026-06-25T20:47:03.748673Z  INFO herdr::pane: pane session terminated pane=3 pid=11956 signal=Hangup
2026-06-25T20:47:03.751269Z  INFO herdr::logging: pane child exited event="pane.exit" subsystem="pane" outcome="completed" pane_id=3 status="ExitStatus { code: 3221225786, signal: None }"
2026-06-25T20:47:03.775847Z  INFO herdr::logging: pane child exited event="pane.exit" subsystem="pane" outcome="completed" pane_id=2 status="ExitStatus { code: 3221225786, signal: None }"
2026-06-25T20:47:03.777841Z  INFO herdr::pane: pane session terminated pane=2 pid=4276 signal=Hangup
2026-06-25T20:47:03.778134Z  WARN herdr::app::actions: PaneDied for unknown pane pane=3
2026-06-25T20:47:03.778156Z  WARN herdr::app::actions: PaneDied for unknown pane pane=2
2026-06-25T20:47:10.045576Z  INFO herdr::logging: session saved event="persist.save" subsystem="persist" outcome="ok" path=C:\Users\rnldc_kvkk1y2\AppData\Roaming\herdr\session.json workspaces=1
2026-06-25T20:47:21.385940Z  INFO herdr::logging: session saved event="persist.save" subsystem="persist" outcome="ok" path=C:\Users\rnldc_kvkk1y2\AppData\Roaming\herdr\session.json workspaces=1
2026-06-25T20:47:59.202086Z  INFO herdr::logging: spawning pane terminal event="pane.spawn.start" subsystem="pane" outcome="started" pane_id=4 rows=37 cols=133 scrollback_limit_bytes=10000000
2026-06-25T20:47:59.228399Z  INFO herdr::logging: pane child spawned event="pane.spawned" subsystem="pane" outcome="ok" pane_id=4 pid=19000
2026-06-25T20:47:59.228677Z  INFO herdr::logging: tab focused event="tab.focus" subsystem="tab" outcome="ok" workspace_id="w1" tab_id="w1:t4"
2026-06-25T20:47:59.228707Z  INFO herdr::logging: tab created event="tab.create" subsystem="tab" outcome="ok" workspace_id="w1" tab_id="w1:t4" pane_id=4
2026-06-25T20:48:02.263219Z  INFO herdr::server::headless: client disconnected client_id=2
2026-06-26T12:39:15.526211Z  INFO herdr::api::server: api server listening path=C:\Users\rnldc_kvkk1y2\AppData\Roaming\herdr\herdr.sock
2026-06-26T12:39:15.537836Z  INFO herdr::logging: spawning pane terminal event="pane.spawn.start" subsystem="pane" outcome="started" pane_id=1 rows=24 cols=80 scrollback_limit_bytes=10000000
2026-06-26T12:39:15.562830Z  INFO herdr::logging: pane child spawned event="pane.spawned" subsystem="pane" outcome="ok" pane_id=1 pid=19820
2026-06-26T12:39:15.564842Z  INFO herdr::logging: session restore evaluated event="persist.restore" subsystem="persist" outcome="ok" workspaces=1
2026-06-26T12:39:15.564932Z  INFO herdr::app: using pane scrollback configuration pane_scrollback_limit_bytes=10000000
2026-06-26T12:39:15.897702Z  INFO herdr::logging: checking for updates event="update.check.start" subsystem="update" outcome="started"
2026-06-26T12:39:15.897741Z  INFO herdr::server::headless: restored session already has workspaces; ignoring startup cwd cwd=C:\Users\rnldc_kvkk1y2
2026-06-26T12:39:15.909959Z  INFO herdr::server::headless: client protocol socket listening path=C:\Users\rnldc_kvkk1y2\AppData\Roaming\herdr\herdr-client.sock
2026-06-26T12:39:15.910786Z  INFO herdr::server::headless: herdr server started api_socket=C:\Users\rnldc_kvkk1y2\AppData\Roaming\herdr\herdr.sock client_socket=C:\Users\rnldc_kvkk1y2\AppData\Roaming\herdr\herdr-client.sock
2026-06-26T12:39:15.910877Z  INFO herdr::logging: herdr starting event="app.startup" subsystem="server" outcome="started" pid=12244
2026-06-26T12:39:15.914417Z  INFO herdr::server::headless: client connected client_id=2 cols=159 rows=37 cell_width_px=0 cell_height_px=0 render_encoding=SemanticFrame
2026-06-26T12:43:01.514485Z  INFO herdr::logging: pane child exited event="pane.exit" subsystem="pane" outcome="completed" pane_id=1 status="ExitStatus { code: 0, signal: None }"
2026-06-26T12:43:01.525731Z  INFO herdr::pane: pane session terminated pane=1 pid=19820 signal=Hangup
2026-06-26T12:43:01.526492Z  INFO herdr::logging: spawning pane terminal event="pane.spawn.start" subsystem="pane" outcome="started" pane_id=2 rows=36 cols=133 scrollback_limit_bytes=10000000
2026-06-26T12:43:01.538738Z  INFO herdr::logging: pane child spawned event="pane.spawned" subsystem="pane" outcome="ok" pane_id=2 pid=10788
2026-06-26T12:43:01.539332Z  INFO herdr::logging: workspace created event="workspace.create" subsystem="workspace" outcome="ok" workspace_id="w2" pane_id=2
2026-06-26T12:43:01.539346Z  INFO herdr::logging: workspace focused event="workspace.focus" subsystem="workspace" outcome="ok" workspace_id="w2"
2026-06-26T12:43:01.539355Z  INFO herdr::logging: tab focused event="tab.focus" subsystem="tab" outcome="ok" workspace_id="w2" tab_id="w2:t1"
2026-06-26T12:43:03.563442Z  INFO herdr::logging: pane child exited event="pane.exit" subsystem="pane" outcome="completed" pane_id=2 status="ExitStatus { code: 0, signal: None }"
2026-06-26T12:43:03.573145Z  INFO herdr::pane: pane session terminated pane=2 pid=10788 signal=Hangup
2026-06-26T12:43:03.574044Z  INFO herdr::logging: spawning pane terminal event="pane.spawn.start" subsystem="pane" outcome="started" pane_id=3 rows=36 cols=133 scrollback_limit_bytes=10000000
2026-06-26T12:43:03.586914Z  INFO herdr::logging: pane child spawned event="pane.spawned" subsystem="pane" outcome="ok" pane_id=3 pid=21320
2026-06-26T12:43:03.587747Z  INFO herdr::logging: workspace created event="workspace.create" subsystem="workspace" outcome="ok" workspace_id="w3" pane_id=3
2026-06-26T12:43:03.587792Z  INFO herdr::logging: workspace focused event="workspace.focus" subsystem="workspace" outcome="ok" workspace_id="w3"
2026-06-26T12:43:03.587918Z  INFO herdr::logging: tab focused event="tab.focus" subsystem="tab" outcome="ok" workspace_id="w3" tab_id="w3:t1"
2026-06-26T12:43:06.414206Z  INFO herdr::server::headless: client detach requested via keybind client_id=2
2026-06-26T12:43:06.449051Z  INFO herdr::server::headless: client disconnected client_id=2
2026-06-26T12:43:08.602050Z  INFO herdr::logging: session saved event="persist.save" subsystem="persist" outcome="ok" path=C:\Users\rnldc_kvkk1y2\AppData\Roaming\herdr\session.json workspaces=1
2026-06-26T12:45:34.786080Z  INFO herdr::server::headless: client connected client_id=3 cols=80 rows=24 cell_width_px=0 cell_height_px=0 render_encoding=SemanticFrame
2026-06-26T12:45:34.787666Z  INFO herdr::server::headless: client disconnected client_id=3
2026-06-26T12:45:34.787730Z  INFO herdr::server::headless: client connected client_id=4 cols=159 rows=37 cell_width_px=0 cell_height_px=0 render_encoding=SemanticFrame
2026-06-26T12:53:49.911308Z  INFO herdr::logging: pane child exited event="pane.exit" subsystem="pane" outcome="completed" pane_id=3 status="ExitStatus { code: 0, signal: None }"
2026-06-26T12:53:49.923448Z  INFO herdr::pane: pane session terminated pane=3 pid=21320 signal=Hangup
2026-06-26T12:53:49.924076Z  INFO herdr::logging: spawning pane terminal event="pane.spawn.start" subsystem="pane" outcome="started" pane_id=4 rows=36 cols=133 scrollback_limit_bytes=10000000
2026-06-26T12:53:49.938682Z  INFO herdr::logging: pane child spawned event="pane.spawned" subsystem="pane" outcome="ok" pane_id=4 pid=376
2026-06-26T12:53:49.939383Z  INFO herdr::logging: workspace created event="workspace.create" subsystem="workspace" outcome="ok" workspace_id="w4" pane_id=4
2026-06-26T12:53:49.939403Z  INFO herdr::logging: workspace focused event="workspace.focus" subsystem="workspace" outcome="ok" workspace_id="w4"
2026-06-26T12:53:49.939417Z  INFO herdr::logging: tab focused event="tab.focus" subsystem="tab" outcome="ok" workspace_id="w4" tab_id="w4:t1"
2026-06-26T12:53:52.238972Z  INFO herdr::server::headless: client detach requested via keybind client_id=4
2026-06-26T12:53:52.244736Z  INFO herdr::server::headless: client disconnected client_id=4
2026-06-26T12:53:54.961439Z  INFO herdr::logging: session saved event="persist.save" subsystem="persist" outcome="ok" path=C:\Users\rnldc_kvkk1y2\AppData\Roaming\herdr\session.json workspaces=1
2026-06-26T13:03:29.411732Z  INFO herdr::server::headless: client connected client_id=5 cols=80 rows=24 cell_width_px=0 cell_height_px=0 render_encoding=SemanticFrame
2026-06-26T13:03:29.413056Z  INFO herdr::server::headless: client disconnected client_id=5
2026-06-26T13:03:29.413144Z  INFO herdr::server::headless: client connected client_id=6 cols=159 rows=37 cell_width_px=0 cell_height_px=0 render_encoding=SemanticFrame
2026-06-26T13:07:15.097907Z  INFO herdr::server::headless: server shutdown initiated
2026-06-26T13:08:22.786778Z  INFO herdr::api::server: api server listening path=C:\Users\rnldc_kvkk1y2\AppData\Roaming\herdr\herdr.sock
2026-06-26T13:08:22.788759Z  INFO herdr::logging: spawning pane terminal event="pane.spawn.start" subsystem="pane" outcome="started" pane_id=1 rows=24 cols=80 scrollback_limit_bytes=10000000
2026-06-26T13:08:22.805635Z  INFO herdr::logging: pane child spawned event="pane.spawned" subsystem="pane" outcome="ok" pane_id=1 pid=21512
2026-06-26T13:08:22.806980Z  INFO herdr::logging: session restore evaluated event="persist.restore" subsystem="persist" outcome="ok" workspaces=1
2026-06-26T13:08:22.807031Z  INFO herdr::app: using pane scrollback configuration pane_scrollback_limit_bytes=10000000
2026-06-26T13:08:22.926653Z  INFO herdr::server::headless: restored session already has workspaces; ignoring startup cwd cwd=C:\Users\rnldc_kvkk1y2
2026-06-26T13:08:22.926653Z  INFO herdr::logging: checking for updates event="update.check.start" subsystem="update" outcome="started"
2026-06-26T13:08:22.937812Z  INFO herdr::server::headless: client protocol socket listening path=C:\Users\rnldc_kvkk1y2\AppData\Roaming\herdr\herdr-client.sock
2026-06-26T13:08:22.938378Z  INFO herdr::server::headless: herdr server started api_socket=C:\Users\rnldc_kvkk1y2\AppData\Roaming\herdr\herdr.sock client_socket=C:\Users\rnldc_kvkk1y2\AppData\Roaming\herdr\herdr-client.sock
2026-06-26T13:08:22.938479Z  INFO herdr::logging: herdr starting event="app.startup" subsystem="server" outcome="started" pid=17048
2026-06-26T13:08:22.974082Z  INFO herdr::server::headless: client connected client_id=1 cols=80 rows=24 cell_width_px=0 cell_height_px=0 render_encoding=SemanticFrame
2026-06-26T13:08:22.974528Z  INFO herdr::server::headless: client disconnected client_id=1
2026-06-26T13:08:22.974595Z  INFO herdr::server::headless: client connected client_id=2 cols=159 rows=37 cell_width_px=0 cell_height_px=0 render_encoding=SemanticFrame
2026-06-26T13:09:58.337808Z  INFO herdr::server::headless: client disconnected client_id=2
2026-06-26T13:11:55.573546Z  INFO herdr::api::server: api server listening path=C:\Users\rnldc_kvkk1y2\AppData\Roaming\herdr\herdr.sock
2026-06-26T13:11:55.575589Z  INFO herdr::logging: spawning pane terminal event="pane.spawn.start" subsystem="pane" outcome="started" pane_id=1 rows=24 cols=80 scrollback_limit_bytes=10000000
2026-06-26T13:11:55.593783Z  INFO herdr::logging: pane child spawned event="pane.spawned" subsystem="pane" outcome="ok" pane_id=1 pid=9340
2026-06-26T13:11:55.595184Z  INFO herdr::logging: session restore evaluated event="persist.restore" subsystem="persist" outcome="ok" workspaces=1
2026-06-26T13:11:55.595322Z  INFO herdr::app: using pane scrollback configuration pane_scrollback_limit_bytes=10000000
2026-06-26T13:11:55.719117Z  INFO herdr::logging: checking for updates event="update.check.start" subsystem="update" outcome="started"
2026-06-26T13:11:55.719165Z  INFO herdr::server::headless: restored session already has workspaces; ignoring startup cwd cwd=C:\Users\rnldc_kvkk1y2
2026-06-26T13:11:55.730597Z  INFO herdr::server::headless: client protocol socket listening path=C:\Users\rnldc_kvkk1y2\AppData\Roaming\herdr\herdr-client.sock
2026-06-26T13:11:55.731088Z  INFO herdr::server::headless: herdr server started api_socket=C:\Users\rnldc_kvkk1y2\AppData\Roaming\herdr\herdr.sock client_socket=C:\Users\rnldc_kvkk1y2\AppData\Roaming\herdr\herdr-client.sock
2026-06-26T13:11:55.731142Z  INFO herdr::logging: herdr starting event="app.startup" subsystem="server" outcome="started" pid=18492
2026-06-26T13:11:55.757976Z  INFO herdr::server::headless: client connected client_id=1 cols=80 rows=24 cell_width_px=0 cell_height_px=0 render_encoding=SemanticFrame
2026-06-26T13:11:55.758438Z  INFO herdr::server::headless: client disconnected client_id=1
2026-06-26T13:11:55.760694Z  INFO herdr::server::headless: client connected client_id=2 cols=159 rows=37 cell_width_px=0 cell_height_px=0 render_encoding=SemanticFrame
2026-06-26T13:12:04.728685Z  INFO herdr::server::headless: client disconnected client_id=2
2026-06-26T13:12:04.742570Z  INFO herdr::server::headless: server shutdown initiated
2026-06-26T13:19:47.847786Z  INFO herdr::api::server: api server listening path=C:\Users\rnldc_kvkk1y2\AppData\Roaming\herdr\herdr.sock
2026-06-26T13:19:47.849866Z  INFO herdr::logging: spawning pane terminal event="pane.spawn.start" subsystem="pane" outcome="started" pane_id=1 rows=24 cols=80 scrollback_limit_bytes=10000000
2026-06-26T13:19:47.869917Z  INFO herdr::logging: pane child spawned event="pane.spawned" subsystem="pane" outcome="ok" pane_id=1 pid=7388
2026-06-26T13:19:47.871017Z  INFO herdr::logging: session restore evaluated event="persist.restore" subsystem="persist" outcome="ok" workspaces=1
2026-06-26T13:19:47.871071Z  INFO herdr::app: using pane scrollback configuration pane_scrollback_limit_bytes=10000000
2026-06-26T13:19:48.017556Z  INFO herdr::logging: checking for updates event="update.check.start" subsystem="update" outcome="started"
2026-06-26T13:19:48.017636Z  INFO herdr::server::headless: restored session already has workspaces; ignoring startup cwd cwd=C:\Users\rnldc_kvkk1y2
2026-06-26T13:19:48.032975Z  INFO herdr::server::headless: client protocol socket listening path=C:\Users\rnldc_kvkk1y2\AppData\Roaming\herdr\herdr-client.sock
2026-06-26T13:19:48.033762Z  INFO herdr::server::headless: herdr server started api_socket=C:\Users\rnldc_kvkk1y2\AppData\Roaming\herdr\herdr.sock client_socket=C:\Users\rnldc_kvkk1y2\AppData\Roaming\herdr\herdr-client.sock
2026-06-26T13:19:48.033859Z  INFO herdr::logging: herdr starting event="app.startup" subsystem="server" outcome="started" pid=16304
2026-06-26T13:19:48.034036Z  INFO herdr::server::headless: client connected client_id=2 cols=159 rows=38 cell_width_px=0 cell_height_px=0 render_encoding=SemanticFrame
2026-06-26T13:21:08.603268Z  INFO herdr::app::actions: copied selection to clipboard
2026-06-26T13:21:12.114897Z  INFO herdr::server::headless: client detach requested via keybind client_id=2
2026-06-26T13:21:12.118840Z  INFO herdr::server::headless: client disconnected client_id=2
2026-06-26T13:24:48.297046Z  INFO herdr::server::headless: client connected client_id=3 cols=80 rows=24 cell_width_px=0 cell_height_px=0 render_encoding=SemanticFrame
2026-06-26T13:24:48.299287Z  INFO herdr::server::headless: client disconnected client_id=3
2026-06-26T13:24:48.299461Z  INFO herdr::server::headless: client connected client_id=4 cols=159 rows=37 cell_width_px=0 cell_height_px=0 render_encoding=SemanticFrame
2026-06-26T13:24:48.309469Z  WARN herdr::config::io: config parse error, using defaults err=TOML parse error at line 8, column 23
  |
8 | default_shell = "pwsh"]
  |                       ^
expected newline, `#`

2026-06-26T13:24:59.471615Z  INFO herdr::logging: spawning pane terminal event="pane.spawn.start" subsystem="pane" outcome="started" pane_id=2 rows=36 cols=133 scrollback_limit_bytes=10000000
2026-06-26T13:24:59.489620Z  INFO herdr::logging: pane child spawned event="pane.spawned" subsystem="pane" outcome="ok" pane_id=2 pid=15436
2026-06-26T13:24:59.489829Z  INFO herdr::logging: tab focused event="tab.focus" subsystem="tab" outcome="ok" workspace_id="w4" tab_id="w4:t2"
2026-06-26T13:24:59.489856Z  INFO herdr::logging: tab created event="tab.create" subsystem="tab" outcome="ok" workspace_id="w4" tab_id="w4:t2" pane_id=2
2026-06-26T13:25:02.746189Z  INFO herdr::logging: workspace closed event="workspace.close" subsystem="workspace" outcome="ok" workspace_id="w4"
2026-06-26T13:25:02.746751Z  INFO herdr::logging: spawning pane terminal event="pane.spawn.start" subsystem="pane" outcome="started" pane_id=3 rows=36 cols=133 scrollback_limit_bytes=10000000
2026-06-26T13:25:02.761231Z  INFO herdr::logging: pane child spawned event="pane.spawned" subsystem="pane" outcome="ok" pane_id=3 pid=24524
2026-06-26T13:25:02.761736Z  INFO herdr::logging: workspace created event="workspace.create" subsystem="workspace" outcome="ok" workspace_id="w5" pane_id=3
2026-06-26T13:25:02.761754Z  INFO herdr::logging: workspace focused event="workspace.focus" subsystem="workspace" outcome="ok" workspace_id="w5"
2026-06-26T13:25:02.761764Z  INFO herdr::logging: tab focused event="tab.focus" subsystem="tab" outcome="ok" workspace_id="w5" tab_id="w5:t1"
2026-06-26T13:25:03.112049Z  INFO herdr::pane: pane session terminated pane=2 pid=15436 signal=Hangup
2026-06-26T13:25:03.113745Z  INFO herdr::logging: pane child exited event="pane.exit" subsystem="pane" outcome="completed" pane_id=2 status="ExitStatus { code: 3221225786, signal: None }"
2026-06-26T13:25:03.125569Z  INFO herdr::pane: pane session terminated pane=1 pid=7388 signal=Hangup
2026-06-26T13:25:03.126017Z  WARN herdr::app::actions: PaneDied for unknown pane pane=2
2026-06-26T13:25:03.129525Z  INFO herdr::logging: pane child exited event="pane.exit" subsystem="pane" outcome="completed" pane_id=1 status="ExitStatus { code: 3221225786, signal: None }"
2026-06-26T13:25:03.129830Z  WARN herdr::app::actions: PaneDied for unknown pane pane=1
2026-06-26T13:25:06.024487Z  INFO herdr::server::headless: client detach requested via keybind client_id=4
2026-06-26T13:25:06.029365Z  INFO herdr::server::headless: client disconnected client_id=4
2026-06-26T13:25:07.772933Z  INFO herdr::logging: session saved event="persist.save" subsystem="persist" outcome="ok" path=C:\Users\rnldc_kvkk1y2\AppData\Roaming\herdr\session.json workspaces=1
2026-06-26T13:25:19.229213Z  INFO herdr::server::headless: client connected client_id=6 cols=159 rows=37 cell_width_px=0 cell_height_px=0 render_encoding=SemanticFrame
2026-06-26T13:25:19.238340Z  WARN herdr::config::io: config parse error, using defaults err=TOML parse error at line 8, column 23
  |
8 | default_shell = "pwsh"]
  |                       ^
expected newline, `#`

2026-06-26T13:25:45.490823Z  INFO herdr::server::headless: client detach requested via keybind client_id=6
2026-06-26T13:25:45.510765Z  INFO herdr::server::headless: client disconnected client_id=6
2026-06-26T13:26:11.337877Z  INFO herdr::server::headless: client connected client_id=7 cols=80 rows=24 cell_width_px=0 cell_height_px=0 render_encoding=SemanticFrame
2026-06-26T13:26:11.339260Z  INFO herdr::server::headless: client disconnected client_id=7
2026-06-26T13:26:11.342524Z  INFO herdr::server::headless: client connected client_id=8 cols=159 rows=37 cell_width_px=0 cell_height_px=0 render_encoding=SemanticFrame
2026-06-26T13:26:18.423526Z  INFO herdr::server::headless: client disconnected client_id=8
2026-06-26T13:26:26.556408Z  INFO herdr::server::headless: client connected client_id=9 cols=80 rows=24 cell_width_px=0 cell_height_px=0 render_encoding=SemanticFrame
2026-06-26T13:26:26.557310Z  INFO herdr::server::headless: client disconnected client_id=9
2026-06-26T13:26:26.559674Z  INFO herdr::server::headless: client connected client_id=10 cols=159 rows=37 cell_width_px=0 cell_height_px=0 render_encoding=SemanticFrame
2026-06-26T13:26:29.675132Z  INFO herdr::server::headless: server shutdown initiated
2026-06-26T13:26:37.319269Z  INFO herdr::api::server: api server listening path=C:\Users\rnldc_kvkk1y2\AppData\Roaming\herdr\herdr.sock
2026-06-26T13:26:37.321562Z  INFO herdr::logging: spawning pane terminal event="pane.spawn.start" subsystem="pane" outcome="started" pane_id=1 rows=24 cols=80 scrollback_limit_bytes=10000000
2026-06-26T13:26:38.072756Z  INFO herdr::logging: pane child spawned event="pane.spawned" subsystem="pane" outcome="ok" pane_id=1 pid=21532
2026-06-26T13:26:38.073878Z  INFO herdr::logging: session restore evaluated event="persist.restore" subsystem="persist" outcome="ok" workspaces=1
2026-06-26T13:26:38.073914Z  INFO herdr::app: using pane scrollback configuration pane_scrollback_limit_bytes=10000000
2026-06-26T13:26:38.209531Z  INFO herdr::logging: checking for updates event="update.check.start" subsystem="update" outcome="started"
2026-06-26T13:26:38.209600Z  INFO herdr::server::headless: restored session already has workspaces; ignoring startup cwd cwd=C:\Users\rnldc_kvkk1y2
2026-06-26T13:26:38.220884Z  INFO herdr::server::headless: client protocol socket listening path=C:\Users\rnldc_kvkk1y2\AppData\Roaming\herdr\herdr-client.sock
2026-06-26T13:26:38.221519Z  INFO herdr::server::headless: herdr server started api_socket=C:\Users\rnldc_kvkk1y2\AppData\Roaming\herdr\herdr.sock client_socket=C:\Users\rnldc_kvkk1y2\AppData\Roaming\herdr\herdr-client.sock
2026-06-26T13:26:38.221582Z  INFO herdr::logging: herdr starting event="app.startup" subsystem="server" outcome="started" pid=21056
2026-06-26T13:26:38.221705Z  INFO herdr::server::headless: client connected client_id=2 cols=159 rows=38 cell_width_px=0 cell_height_px=0 render_encoding=SemanticFrame
2026-06-26T13:26:53.923343Z  INFO herdr::server::headless: client detach requested via keybind client_id=2
2026-06-26T13:26:53.944098Z  INFO herdr::server::headless: client disconnected client_id=2
2026-06-26T13:34:12.616022Z  INFO herdr::server::headless: client connected client_id=3 cols=80 rows=24 cell_width_px=0 cell_height_px=0 render_encoding=SemanticFrame
2026-06-26T13:34:12.617562Z  INFO herdr::server::headless: client disconnected client_id=3
2026-06-26T13:34:12.617653Z  INFO herdr::server::headless: client connected client_id=4 cols=159 rows=37 cell_width_px=0 cell_height_px=0 render_encoding=SemanticFrame
2026-06-26T13:34:40.985624Z  INFO herdr::server::headless: server shutdown initiated
2026-06-26T13:34:50.135016Z  INFO herdr::api::server: api server listening path=C:\Users\rnldc_kvkk1y2\AppData\Roaming\herdr\herdr.sock
2026-06-26T13:34:50.137905Z  INFO herdr::logging: spawning pane terminal event="pane.spawn.start" subsystem="pane" outcome="started" pane_id=1 rows=24 cols=80 scrollback_limit_bytes=10000000
2026-06-26T13:34:50.880587Z  INFO herdr::logging: pane child spawned event="pane.spawned" subsystem="pane" outcome="ok" pane_id=1 pid=5140
2026-06-26T13:34:50.881547Z  INFO herdr::logging: session restore evaluated event="persist.restore" subsystem="persist" outcome="ok" workspaces=1
2026-06-26T13:34:50.881599Z  INFO herdr::app: using pane scrollback configuration pane_scrollback_limit_bytes=10000000
2026-06-26T13:34:51.006710Z  INFO herdr::logging: checking for updates event="update.check.start" subsystem="update" outcome="started"
2026-06-26T13:34:51.006743Z  INFO herdr::server::headless: restored session already has workspaces; ignoring startup cwd cwd=C:\Users\rnldc_kvkk1y2
2026-06-26T13:34:51.016350Z  INFO herdr::server::headless: client protocol socket listening path=C:\Users\rnldc_kvkk1y2\AppData\Roaming\herdr\herdr-client.sock
2026-06-26T13:34:51.016944Z  INFO herdr::server::headless: herdr server started api_socket=C:\Users\rnldc_kvkk1y2\AppData\Roaming\herdr\herdr.sock client_socket=C:\Users\rnldc_kvkk1y2\AppData\Roaming\herdr\herdr-client.sock
2026-06-26T13:34:51.016990Z  INFO herdr::logging: herdr starting event="app.startup" subsystem="server" outcome="started" pid=15780
2026-06-26T13:34:51.026905Z  INFO herdr::server::headless: client connected client_id=1 cols=80 rows=24 cell_width_px=0 cell_height_px=0 render_encoding=SemanticFrame
2026-06-26T13:34:51.027532Z  INFO herdr::server::headless: client disconnected client_id=1
2026-06-26T13:34:51.028047Z  INFO herdr::server::headless: client connected client_id=2 cols=159 rows=38 cell_width_px=0 cell_height_px=0 render_encoding=SemanticFrame
2026-06-26T13:35:52.757490Z  INFO herdr::logging: spawning pane terminal event="pane.spawn.start" subsystem="pane" outcome="started" pane_id=2 rows=37 cols=133 scrollback_limit_bytes=10000000
2026-06-26T13:35:52.776364Z  INFO herdr::logging: pane child spawned event="pane.spawned" subsystem="pane" outcome="ok" pane_id=2 pid=7932
2026-06-26T13:35:52.776533Z  INFO herdr::logging: tab focused event="tab.focus" subsystem="tab" outcome="ok" workspace_id="w5" tab_id="w5:t2"
2026-06-26T13:35:52.776559Z  INFO herdr::logging: tab created event="tab.create" subsystem="tab" outcome="ok" workspace_id="w5" tab_id="w5:t2" pane_id=2
2026-06-26T13:35:57.796378Z  INFO herdr::logging: session saved event="persist.save" subsystem="persist" outcome="ok" path=C:\Users\rnldc_kvkk1y2\AppData\Roaming\herdr\session.json workspaces=1
2026-06-26T13:36:15.081701Z  INFO herdr::server::headless: client resize client_id=2 cols=159 rows=37 cell_width_px=0 cell_height_px=0
2026-06-26T13:36:17.705993Z  INFO herdr::server::headless: client disconnected client_id=2
2026-06-26T13:36:17.745047Z  INFO herdr::server::headless: server shutdown initiated
2026-06-26T13:39:20.171870Z  INFO herdr::api::server: api server listening path=C:\Users\rnldc_kvkk1y2\AppData\Roaming\herdr\herdr.sock
2026-06-26T13:39:20.173951Z  INFO herdr::logging: spawning pane terminal event="pane.spawn.start" subsystem="pane" outcome="started" pane_id=1 rows=24 cols=80 scrollback_limit_bytes=10000000
2026-06-26T13:39:20.193998Z  INFO herdr::logging: pane child spawned event="pane.spawned" subsystem="pane" outcome="ok" pane_id=1 pid=14060
2026-06-26T13:39:20.195192Z  INFO herdr::logging: spawning pane terminal event="pane.spawn.start" subsystem="pane" outcome="started" pane_id=2 rows=24 cols=80 scrollback_limit_bytes=10000000
2026-06-26T13:39:20.205768Z  INFO herdr::logging: pane child spawned event="pane.spawned" subsystem="pane" outcome="ok" pane_id=2 pid=3092
2026-06-26T13:39:20.206736Z  INFO herdr::logging: session restore evaluated event="persist.restore" subsystem="persist" outcome="ok" workspaces=1
2026-06-26T13:39:20.206892Z  INFO herdr::app: using pane scrollback configuration pane_scrollback_limit_bytes=10000000
2026-06-26T13:39:20.367139Z  INFO herdr::server::headless: restored session already has workspaces; ignoring startup cwd cwd=C:\Users\rnldc_kvkk1y2
2026-06-26T13:39:20.367375Z  INFO herdr::logging: checking for updates event="update.check.start" subsystem="update" outcome="started"
2026-06-26T13:39:20.382389Z  INFO herdr::server::headless: client protocol socket listening path=C:\Users\rnldc_kvkk1y2\AppData\Roaming\herdr\herdr-client.sock
2026-06-26T13:39:20.383072Z  INFO herdr::server::headless: herdr server started api_socket=C:\Users\rnldc_kvkk1y2\AppData\Roaming\herdr\herdr.sock client_socket=C:\Users\rnldc_kvkk1y2\AppData\Roaming\herdr\herdr-client.sock
2026-06-26T13:39:20.383165Z  INFO herdr::logging: herdr starting event="app.startup" subsystem="server" outcome="started" pid=17720
2026-06-26T13:39:20.407142Z  INFO herdr::server::headless: client connected client_id=1 cols=80 rows=24 cell_width_px=0 cell_height_px=0 render_encoding=SemanticFrame
2026-06-26T13:39:20.407690Z  INFO herdr::server::headless: client disconnected client_id=1
2026-06-26T13:39:20.410235Z  INFO herdr::server::headless: client connected client_id=2 cols=159 rows=38 cell_width_px=0 cell_height_px=0 render_encoding=SemanticFrame
2026-06-26T13:39:51.687631Z  INFO herdr::server::headless: client resize client_id=2 cols=159 rows=37 cell_width_px=0 cell_height_px=0
2026-06-26T13:39:54.242767Z  INFO herdr::server::headless: client disconnected client_id=2
2026-06-26T13:40:50.116651Z  INFO herdr::api::server: api server listening path=C:\Users\rnldc_kvkk1y2\AppData\Roaming\herdr\herdr.sock
2026-06-26T13:40:50.118321Z  INFO herdr::logging: spawning pane terminal event="pane.spawn.start" subsystem="pane" outcome="started" pane_id=1 rows=24 cols=80 scrollback_limit_bytes=10000000
2026-06-26T13:40:50.134908Z  INFO herdr::logging: pane child spawned event="pane.spawned" subsystem="pane" outcome="ok" pane_id=1 pid=11016
2026-06-26T13:40:50.135984Z  INFO herdr::logging: spawning pane terminal event="pane.spawn.start" subsystem="pane" outcome="started" pane_id=2 rows=24 cols=80 scrollback_limit_bytes=10000000
2026-06-26T13:40:50.145724Z  INFO herdr::logging: pane child spawned event="pane.spawned" subsystem="pane" outcome="ok" pane_id=2 pid=21560
2026-06-26T13:40:50.146644Z  INFO herdr::logging: session restore evaluated event="persist.restore" subsystem="persist" outcome="ok" workspaces=1
2026-06-26T13:40:50.146684Z  INFO herdr::app: using pane scrollback configuration pane_scrollback_limit_bytes=10000000
2026-06-26T13:40:50.298222Z  INFO herdr::logging: checking for updates event="update.check.start" subsystem="update" outcome="started"
2026-06-26T13:40:50.298286Z  INFO herdr::server::headless: restored session already has workspaces; ignoring startup cwd cwd=C:\Users\rnldc_kvkk1y2
2026-06-26T13:40:50.313399Z  INFO herdr::server::headless: client protocol socket listening path=C:\Users\rnldc_kvkk1y2\AppData\Roaming\herdr\herdr-client.sock
2026-06-26T13:40:50.314067Z  INFO herdr::server::headless: herdr server started api_socket=C:\Users\rnldc_kvkk1y2\AppData\Roaming\herdr\herdr.sock client_socket=C:\Users\rnldc_kvkk1y2\AppData\Roaming\herdr\herdr-client.sock
2026-06-26T13:40:50.314212Z  INFO herdr::logging: herdr starting event="app.startup" subsystem="server" outcome="started" pid=24496
2026-06-26T13:40:50.314328Z  INFO herdr::server::headless: client connected client_id=2 cols=159 rows=37 cell_width_px=0 cell_height_px=0 render_encoding=SemanticFrame
2026-06-26T13:41:56.809122Z  INFO herdr::server::headless: client disconnected client_id=2
2026-06-26T13:50:26.906324Z  INFO herdr::api::server: api server listening path=C:\Users\rnldc_kvkk1y2\AppData\Roaming\herdr\herdr.sock
2026-06-26T13:50:26.921219Z  INFO herdr::logging: spawning pane terminal event="pane.spawn.start" subsystem="pane" outcome="started" pane_id=1 rows=24 cols=80 scrollback_limit_bytes=10000000
2026-06-26T13:50:28.079958Z  INFO herdr::logging: pane child spawned event="pane.spawned" subsystem="pane" outcome="ok" pane_id=1 pid=13116
2026-06-26T13:50:28.081028Z  INFO herdr::logging: spawning pane terminal event="pane.spawn.start" subsystem="pane" outcome="started" pane_id=2 rows=24 cols=80 scrollback_limit_bytes=10000000
2026-06-26T13:50:28.102222Z  INFO herdr::logging: pane child spawned event="pane.spawned" subsystem="pane" outcome="ok" pane_id=2 pid=8124
2026-06-26T13:50:28.103205Z  INFO herdr::logging: session restore evaluated event="persist.restore" subsystem="persist" outcome="ok" workspaces=1
2026-06-26T13:50:28.103247Z  INFO herdr::app: using pane scrollback configuration pane_scrollback_limit_bytes=10000000
2026-06-26T13:50:28.607268Z  INFO herdr::logging: checking for updates event="update.check.start" subsystem="update" outcome="started"
2026-06-26T13:50:28.607358Z  INFO herdr::server::headless: restored session already has workspaces; ignoring startup cwd cwd=C:\Users\rnldc_kvkk1y2
2026-06-26T13:50:28.624127Z  INFO herdr::server::headless: client protocol socket listening path=C:\Users\rnldc_kvkk1y2\AppData\Roaming\herdr\herdr-client.sock
2026-06-26T13:50:28.624796Z  INFO herdr::server::headless: herdr server started api_socket=C:\Users\rnldc_kvkk1y2\AppData\Roaming\herdr\herdr.sock client_socket=C:\Users\rnldc_kvkk1y2\AppData\Roaming\herdr\herdr-client.sock
2026-06-26T13:50:28.624868Z  INFO herdr::logging: herdr starting event="app.startup" subsystem="server" outcome="started" pid=19924
2026-06-26T13:50:28.649923Z  INFO herdr::server::headless: client connected client_id=2 cols=159 rows=38 cell_width_px=0 cell_height_px=0 render_encoding=SemanticFrame
2026-06-26T13:50:37.854744Z  INFO herdr::logging: tab focused event="tab.focus" subsystem="tab" outcome="ok" workspace_id="w5" tab_id="w5:t1"
2026-06-26T13:50:38.757979Z  INFO herdr::logging: tab focused event="tab.focus" subsystem="tab" outcome="ok" workspace_id="w5" tab_id="w5:t2"
2026-06-26T13:50:44.355297Z  INFO herdr::logging: session saved event="persist.save" subsystem="persist" outcome="ok" path=C:\Users\rnldc_kvkk1y2\AppData\Roaming\herdr\session.json workspaces=1
2026-06-26T13:54:07.545062Z  INFO herdr::server::headless: client resize client_id=2 cols=57 rows=19 cell_width_px=0 cell_height_px=0
2026-06-26T13:54:07.946727Z  INFO herdr::server::headless: client resize client_id=2 cols=159 rows=38 cell_width_px=0 cell_height_px=0
2026-06-26T13:54:38.614873Z  INFO herdr::server::headless: client resize client_id=2 cols=159 rows=37 cell_width_px=0 cell_height_px=0
2026-06-26T13:54:43.439820Z  INFO herdr::server::headless: client disconnected client_id=2
2026-06-26T13:54:43.443360Z  INFO herdr::server::headless: server shutdown initiated
2026-06-26T13:54:47.043928Z  INFO herdr::api::server: api server listening path=C:\Users\rnldc_kvkk1y2\AppData\Roaming\herdr\herdr.sock
2026-06-26T13:54:47.053009Z  INFO herdr::logging: spawning pane terminal event="pane.spawn.start" subsystem="pane" outcome="started" pane_id=1 rows=24 cols=80 scrollback_limit_bytes=10000000
2026-06-26T13:54:47.940703Z  INFO herdr::logging: pane child spawned event="pane.spawned" subsystem="pane" outcome="ok" pane_id=1 pid=5832
2026-06-26T13:54:47.941481Z  INFO herdr::logging: session restore evaluated event="persist.restore" subsystem="persist" outcome="ok" workspaces=1
2026-06-26T13:54:47.941515Z  INFO herdr::app: using pane scrollback configuration pane_scrollback_limit_bytes=10000000
2026-06-26T13:54:48.274547Z  INFO herdr::logging: checking for updates event="update.check.start" subsystem="update" outcome="started"
2026-06-26T13:54:48.274680Z  INFO herdr::server::headless: restored session already has workspaces; ignoring startup cwd cwd=C:\Users\rnldc_kvkk1y2
2026-06-26T13:54:48.284941Z  INFO herdr::server::headless: client protocol socket listening path=C:\Users\rnldc_kvkk1y2\AppData\Roaming\herdr\herdr-client.sock
2026-06-26T13:54:48.285475Z  INFO herdr::server::headless: herdr server started api_socket=C:\Users\rnldc_kvkk1y2\AppData\Roaming\herdr\herdr.sock client_socket=C:\Users\rnldc_kvkk1y2\AppData\Roaming\herdr\herdr-client.sock
2026-06-26T13:54:48.285605Z  INFO herdr::logging: herdr starting event="app.startup" subsystem="server" outcome="started" pid=14476
2026-06-26T13:54:48.291182Z  INFO herdr::server::headless: client connected client_id=1 cols=80 rows=24 cell_width_px=0 cell_height_px=0 render_encoding=SemanticFrame
2026-06-26T13:54:48.292086Z  INFO herdr::server::headless: client disconnected client_id=1
2026-06-26T13:54:48.294131Z  INFO herdr::server::headless: client connected client_id=2 cols=159 rows=38 cell_width_px=0 cell_height_px=0 render_encoding=SemanticFrame
2026-06-26T13:55:05.682964Z  INFO herdr::logging: session saved event="persist.save" subsystem="persist" outcome="ok" path=C:\Users\rnldc_kvkk1y2\AppData\Roaming\herdr\session.json workspaces=1
2026-06-26T13:56:11.345801Z  INFO herdr::server::headless: client resize client_id=2 cols=79 rows=38 cell_width_px=0 cell_height_px=0
2026-06-26T13:56:19.686791Z  INFO herdr::server::headless: client resize client_id=2 cols=159 rows=38 cell_width_px=0 cell_height_px=0
2026-06-26T13:56:22.802970Z  INFO herdr::server::headless: client resize client_id=2 cols=79 rows=38 cell_width_px=0 cell_height_px=0
2026-06-26T13:57:21.023853Z  INFO herdr::server::headless: client resize client_id=2 cols=159 rows=38 cell_width_px=0 cell_height_px=0
2026-06-26T14:03:58.762536Z  INFO herdr::logging: tab renamed event="tab.rename" subsystem="tab" outcome="ok" workspace_id="w5" tab_id="w5:t1"
2026-06-26T14:04:03.783286Z  INFO herdr::logging: session saved event="persist.save" subsystem="persist" outcome="ok" path=C:\Users\rnldc_kvkk1y2\AppData\Roaming\herdr\session.json workspaces=1
2026-06-26T14:04:32.098424Z  INFO herdr::logging: workspace renamed event="workspace.rename" subsystem="workspace" outcome="ok" workspace_id="w5"
2026-06-26T14:04:37.112250Z  INFO herdr::logging: session saved event="persist.save" subsystem="persist" outcome="ok" path=C:\Users\rnldc_kvkk1y2\AppData\Roaming\herdr\session.json workspaces=1
2026-06-26T14:12:35.546012Z  INFO herdr::server::headless: client resize client_id=2 cols=79 rows=38 cell_width_px=0 cell_height_px=0
2026-06-26T14:12:46.605499Z  INFO herdr::server::headless: client resize client_id=2 cols=159 rows=38 cell_width_px=0 cell_height_px=0
2026-06-26T14:24:48.287505Z  INFO herdr::logging: checking for updates event="update.check.start" subsystem="update" outcome="started"
2026-06-26T14:32:36.626230Z  INFO herdr::server::headless: client resize client_id=2 cols=79 rows=38 cell_width_px=0 cell_height_px=0
2026-06-26T14:32:39.247437Z  INFO herdr::server::headless: client resize client_id=2 cols=159 rows=38 cell_width_px=0 cell_height_px=0
2026-06-26T14:54:48.307030Z  INFO herdr::logging: checking for updates event="update.check.start" subsystem="update" outcome="started"
2026-06-26T15:24:48.293934Z  INFO herdr::logging: checking for updates event="update.check.start" subsystem="update" outcome="started"
2026-06-26T15:54:48.298678Z  INFO herdr::logging: checking for updates event="update.check.start" subsystem="update" outcome="started"
2026-06-26T16:24:48.325691Z  INFO herdr::logging: checking for updates event="update.check.start" subsystem="update" outcome="started"
2026-06-26T16:54:48.329813Z  INFO herdr::logging: checking for updates event="update.check.start" subsystem="update" outcome="started"
2026-06-26T17:24:48.469300Z  INFO herdr::logging: checking for updates event="update.check.start" subsystem="update" outcome="started"
2026-06-26T17:54:48.598366Z  INFO herdr::logging: checking for updates event="update.check.start" subsystem="update" outcome="started"
2026-06-26T18:24:48.599657Z  INFO herdr::logging: checking for updates event="update.check.start" subsystem="update" outcome="started"
2026-06-26T18:54:48.615593Z  INFO herdr::logging: checking for updates event="update.check.start" subsystem="update" outcome="started"
2026-06-26T19:24:48.630413Z  INFO herdr::logging: checking for updates event="update.check.start" subsystem="update" outcome="started"
2026-06-26T19:54:48.632164Z  INFO herdr::logging: checking for updates event="update.check.start" subsystem="update" outcome="started"
2026-06-26T20:24:48.638991Z  INFO herdr::logging: checking for updates event="update.check.start" subsystem="update" outcome="started"
2026-06-26T21:52:44.593537Z  INFO herdr::logging: checking for updates event="update.check.start" subsystem="update" outcome="started"
2026-06-26T21:52:50.071776Z  WARN herdr::detect::manifest_update: agent detection manifest update failed: failed to fetch https://herdr.dev/agent-detection/index.toml
2026-06-26T21:52:54.147236Z  WARN herdr::logging: update check failed event="update.check.complete" subsystem="update" outcome="error" err="failed to fetch update manifest"
2026-06-26T22:22:44.604503Z  INFO herdr::logging: checking for updates event="update.check.start" subsystem="update" outcome="started"
2026-06-26T22:22:47.702376Z  WARN herdr::detect::manifest_update: agent detection manifest update failed: failed to fetch https://herdr.dev/agent-detection/index.toml
2026-06-26T22:22:51.731414Z  WARN herdr::logging: update check failed event="update.check.complete" subsystem="update" outcome="error" err="failed to fetch update manifest"
2026-06-26T22:52:44.612752Z  INFO herdr::logging: checking for updates event="update.check.start" subsystem="update" outcome="started"
2026-06-26T22:52:47.713614Z  WARN herdr::detect::manifest_update: agent detection manifest update failed: failed to fetch https://herdr.dev/agent-detection/index.toml
2026-06-26T22:52:51.727638Z  WARN herdr::logging: update check failed event="update.check.complete" subsystem="update" outcome="error" err="failed to fetch update manifest"
2026-06-26T23:53:31.562448Z  INFO herdr::logging: checking for updates event="update.check.start" subsystem="update" outcome="started"
2026-06-26T23:53:34.657926Z  WARN herdr::detect::manifest_update: agent detection manifest update failed: failed to fetch https://herdr.dev/agent-detection/index.toml
2026-06-26T23:53:38.656301Z  WARN herdr::logging: update check failed event="update.check.complete" subsystem="update" outcome="error" err="failed to fetch update manifest"
2026-06-27T00:23:31.598815Z  INFO herdr::logging: checking for updates event="update.check.start" subsystem="update" outcome="started"
2026-06-27T00:23:34.733890Z  WARN herdr::detect::manifest_update: agent detection manifest update failed: failed to fetch https://herdr.dev/agent-detection/index.toml
2026-06-27T00:23:38.741750Z  WARN herdr::logging: update check failed event="update.check.complete" subsystem="update" outcome="error" err="failed to fetch update manifest"
2026-06-27T00:53:31.615283Z  INFO herdr::logging: checking for updates event="update.check.start" subsystem="update" outcome="started"
2026-06-27T00:53:34.691480Z  WARN herdr::detect::manifest_update: agent detection manifest update failed: failed to fetch https://herdr.dev/agent-detection/index.toml
2026-06-27T01:54:02.540297Z  INFO herdr::logging: checking for updates event="update.check.start" subsystem="update" outcome="started"
2026-06-27T01:54:04.925065Z  WARN herdr::logging: update check failed event="update.check.complete" subsystem="update" outcome="error" err="failed to fetch update manifest"
2026-06-27T01:54:06.072996Z  WARN herdr::detect::manifest_update: agent detection manifest update failed: failed to fetch https://herdr.dev/agent-detection/index.toml
2026-06-27T01:54:10.070776Z  WARN herdr::logging: update check failed event="update.check.complete" subsystem="update" outcome="error" err="failed to fetch update manifest"
2026-06-27T02:24:02.482008Z  INFO herdr::logging: checking for updates event="update.check.start" subsystem="update" outcome="started"
2026-06-27T02:54:02.366620Z  INFO herdr::logging: checking for updates event="update.check.start" subsystem="update" outcome="started"
2026-06-27T03:54:34.611303Z  INFO herdr::logging: checking for updates event="update.check.start" subsystem="update" outcome="started"
2026-06-27T03:54:38.422203Z  WARN herdr::detect::manifest_update: agent detection manifest update failed: failed to fetch https://herdr.dev/agent-detection/index.toml
2026-06-27T03:54:42.473582Z  WARN herdr::logging: update check failed event="update.check.complete" subsystem="update" outcome="error" err="failed to fetch update manifest"
2026-06-27T04:24:34.627099Z  INFO herdr::logging: checking for updates event="update.check.start" subsystem="update" outcome="started"
2026-06-27T04:54:34.630126Z  INFO herdr::logging: checking for updates event="update.check.start" subsystem="update" outcome="started"
2026-06-27T05:55:06.629917Z  INFO herdr::logging: checking for updates event="update.check.start" subsystem="update" outcome="started"
2026-06-27T06:25:06.674465Z  INFO herdr::logging: checking for updates event="update.check.start" subsystem="update" outcome="started"
2026-06-29T12:23:04.806268Z  INFO herdr::api::server: api server listening path=C:\Users\rnldc_kvkk1y2\AppData\Roaming\herdr\herdr.sock
2026-06-29T12:23:04.818377Z  INFO herdr::logging: spawning pane terminal event="pane.spawn.start" subsystem="pane" outcome="started" pane_id=1 rows=24 cols=80 scrollback_limit_bytes=10000000
2026-06-29T12:23:06.163273Z  INFO herdr::logging: pane child spawned event="pane.spawned" subsystem="pane" outcome="ok" pane_id=1 pid=6532
2026-06-29T12:23:06.166718Z  INFO herdr::logging: session restore evaluated event="persist.restore" subsystem="persist" outcome="ok" workspaces=1
2026-06-29T12:23:06.166809Z  INFO herdr::app: using pane scrollback configuration pane_scrollback_limit_bytes=10000000
2026-06-29T12:23:06.960676Z  INFO herdr::logging: checking for updates event="update.check.start" subsystem="update" outcome="started"
2026-06-29T12:23:06.960776Z  INFO herdr::server::headless: restored session already has workspaces; ignoring startup cwd cwd=C:\Users\rnldc_kvkk1y2
2026-06-29T12:23:06.976484Z  INFO herdr::server::headless: client protocol socket listening path=C:\Users\rnldc_kvkk1y2\AppData\Roaming\herdr\herdr-client.sock
2026-06-29T12:23:06.977281Z  INFO herdr::server::headless: herdr server started api_socket=C:\Users\rnldc_kvkk1y2\AppData\Roaming\herdr\herdr.sock client_socket=C:\Users\rnldc_kvkk1y2\AppData\Roaming\herdr\herdr-client.sock
2026-06-29T12:23:06.977385Z  INFO herdr::logging: herdr starting event="app.startup" subsystem="server" outcome="started" pid=10416
2026-06-29T12:23:07.009059Z  INFO herdr::server::headless: client connected client_id=2 cols=159 rows=38 cell_width_px=0 cell_height_px=0 render_encoding=SemanticFrame
2026-06-29T12:25:05.049447Z  INFO herdr::logging: session saved event="persist.save" subsystem="persist" outcome="ok" path=C:\Users\rnldc_kvkk1y2\AppData\Roaming\herdr\session.json workspaces=1
2026-06-29T12:25:54.788200Z  INFO herdr::logging: workspace renamed event="workspace.rename" subsystem="workspace" outcome="ok" workspace_id="w5"
2026-06-29T12:25:59.792648Z  INFO herdr::logging: session saved event="persist.save" subsystem="persist" outcome="ok" path=C:\Users\rnldc_kvkk1y2\AppData\Roaming\herdr\session.json workspaces=1
2026-06-29T12:26:06.484301Z  INFO herdr::logging: session saved event="persist.save" subsystem="persist" outcome="ok" path=C:\Users\rnldc_kvkk1y2\AppData\Roaming\herdr\session.json workspaces=1
2026-06-29T12:27:54.910700Z  INFO herdr::server::headless: client resize client_id=2 cols=148 rows=36 cell_width_px=0 cell_height_px=0
2026-06-29T12:27:56.818917Z  INFO herdr::server::headless: client resize client_id=2 cols=49 rows=16 cell_width_px=0 cell_height_px=0
2026-06-29T12:27:57.321198Z  INFO herdr::server::headless: client resize client_id=2 cols=136 rows=32 cell_width_px=0 cell_height_px=0
2026-06-29T12:32:06.666955Z  INFO herdr::logging: spawning pane terminal event="pane.spawn.start" subsystem="pane" outcome="started" pane_id=2 rows=31 cols=132 scrollback_limit_bytes=10000000
2026-06-29T12:32:06.880343Z  INFO herdr::logging: pane child spawned event="pane.spawned" subsystem="pane" outcome="ok" pane_id=2 pid=22964
2026-06-29T12:32:06.881039Z  INFO herdr::logging: workspace created event="workspace.create" subsystem="workspace" outcome="ok" workspace_id="w6" pane_id=2
2026-06-29T12:32:06.881050Z  INFO herdr::logging: workspace focused event="workspace.focus" subsystem="workspace" outcome="ok" workspace_id="w6"
2026-06-29T12:32:06.881061Z  INFO herdr::logging: tab focused event="tab.focus" subsystem="tab" outcome="ok" workspace_id="w6" tab_id="w6:t1"
2026-06-29T12:32:10.117256Z  INFO herdr::logging: spawning pane terminal event="pane.spawn.start" subsystem="pane" outcome="started" pane_id=3 rows=31 cols=132 scrollback_limit_bytes=10000000
2026-06-29T12:32:10.133669Z  INFO herdr::logging: pane child spawned event="pane.spawned" subsystem="pane" outcome="ok" pane_id=3 pid=15568
2026-06-29T12:32:10.134417Z  INFO herdr::logging: workspace created event="workspace.create" subsystem="workspace" outcome="ok" workspace_id="w7" pane_id=3
2026-06-29T12:32:10.134430Z  INFO herdr::logging: workspace focused event="workspace.focus" subsystem="workspace" outcome="ok" workspace_id="w7"
2026-06-29T12:32:10.134438Z  INFO herdr::logging: tab focused event="tab.focus" subsystem="tab" outcome="ok" workspace_id="w7" tab_id="w7:t1"
2026-06-29T12:32:15.147223Z  INFO herdr::logging: session saved event="persist.save" subsystem="persist" outcome="ok" path=C:\Users\rnldc_kvkk1y2\AppData\Roaming\herdr\session.json workspaces=3
2026-06-29T12:32:42.478753Z  INFO herdr::logging: workspace closed event="workspace.close" subsystem="workspace" outcome="ok" workspace_id="w7"
2026-06-29T12:32:47.495789Z  INFO herdr::logging: session saved event="persist.save" subsystem="persist" outcome="ok" path=C:\Users\rnldc_kvkk1y2\AppData\Roaming\herdr\session.json workspaces=2
2026-06-29T12:32:48.641220Z  INFO herdr::logging: workspace renamed event="workspace.rename" subsystem="workspace" outcome="ok" workspace_id="w6"
2026-06-29T12:32:53.654024Z  INFO herdr::logging: session saved event="persist.save" subsystem="persist" outcome="ok" path=C:\Users\rnldc_kvkk1y2\AppData\Roaming\herdr\session.json workspaces=2
2026-06-29T12:33:26.854024Z  INFO herdr::app::worktrees: opening worktree dialog ws_idx=1 repo_root=\\?\C:\Users\rnldc_kvkk1y2\Desktop\Projects\Obsidian branch="worktree/rapid-valley-397e" checkout_path=C:\Users\rnldc_kvkk1y2\.herdr\worktrees\Obsidian\worktree-rapid-valley-397e
2026-06-29T12:34:02.887452Z  INFO herdr::logging: spawning pane terminal event="pane.spawn.start" subsystem="pane" outcome="started" pane_id=4 rows=31 cols=132 scrollback_limit_bytes=10000000
2026-06-29T12:34:02.902534Z  INFO herdr::logging: pane child spawned event="pane.spawned" subsystem="pane" outcome="ok" pane_id=4 pid=1392
2026-06-29T12:34:02.903299Z  INFO herdr::logging: workspace created event="workspace.create" subsystem="workspace" outcome="ok" workspace_id="w8" pane_id=4
2026-06-29T12:34:02.903328Z  INFO herdr::logging: workspace focused event="workspace.focus" subsystem="workspace" outcome="ok" workspace_id="w8"
2026-06-29T12:34:02.903336Z  INFO herdr::logging: tab focused event="tab.focus" subsystem="tab" outcome="ok" workspace_id="w8" tab_id="w8:t1"
2026-06-29T12:34:03.538559Z  INFO herdr::pane: pane session terminated pane=3 pid=15568 signal=Hangup
2026-06-29T12:34:03.549010Z  INFO herdr::logging: pane child exited event="pane.exit" subsystem="pane" outcome="completed" pane_id=3 status="ExitStatus { code: 3221225786, signal: None }"
2026-06-29T12:34:03.549119Z  WARN herdr::app::actions: PaneDied for unknown pane pane=3
2026-06-29T12:34:07.907961Z  INFO herdr::logging: session saved event="persist.save" subsystem="persist" outcome="ok" path=C:\Users\rnldc_kvkk1y2\AppData\Roaming\herdr\session.json workspaces=3
2026-06-29T12:34:11.657834Z  INFO herdr::logging: workspace renamed event="workspace.rename" subsystem="workspace" outcome="ok" workspace_id="w8"
2026-06-29T12:34:19.256192Z  INFO herdr::logging: session saved event="persist.save" subsystem="persist" outcome="ok" path=C:\Users\rnldc_kvkk1y2\AppData\Roaming\herdr\session.json workspaces=3
2026-06-29T12:37:35.011146Z  INFO herdr::logging: workspace focused event="workspace.focus" subsystem="workspace" outcome="ok" workspace_id="w5"
2026-06-29T12:37:35.011195Z  INFO herdr::logging: tab focused event="tab.focus" subsystem="tab" outcome="ok" workspace_id="w5" tab_id="w5:t1"
2026-06-29T12:37:38.285890Z  INFO herdr::logging: workspace focused event="workspace.focus" subsystem="workspace" outcome="ok" workspace_id="w6"
2026-06-29T12:37:38.286003Z  INFO herdr::logging: tab focused event="tab.focus" subsystem="tab" outcome="ok" workspace_id="w6" tab_id="w6:t1"
2026-06-29T12:37:39.287871Z  INFO herdr::logging: workspace focused event="workspace.focus" subsystem="workspace" outcome="ok" workspace_id="w8"
2026-06-29T12:37:39.287914Z  INFO herdr::logging: tab focused event="tab.focus" subsystem="tab" outcome="ok" workspace_id="w8" tab_id="w8:t1"
2026-06-29T12:37:42.078288Z  INFO herdr::logging: workspace focused event="workspace.focus" subsystem="workspace" outcome="ok" workspace_id="w5"
2026-06-29T12:37:42.078334Z  INFO herdr::logging: tab focused event="tab.focus" subsystem="tab" outcome="ok" workspace_id="w5" tab_id="w5:t1"
2026-06-29T12:37:47.087402Z  INFO herdr::logging: session saved event="persist.save" subsystem="persist" outcome="ok" path=C:\Users\rnldc_kvkk1y2\AppData\Roaming\herdr\session.json workspaces=3
2026-06-29T12:47:18.245874Z  INFO herdr::logging: spawning pane terminal event="pane.spawn.start" subsystem="pane" outcome="started" pane_id=5 rows=31 cols=132 scrollback_limit_bytes=10000000
2026-06-29T12:47:18.262829Z  INFO herdr::logging: pane child spawned event="pane.spawned" subsystem="pane" outcome="ok" pane_id=5 pid=11236
2026-06-29T12:47:18.263069Z  INFO herdr::logging: tab focused event="tab.focus" subsystem="tab" outcome="ok" workspace_id="w5" tab_id="w5:t3"
2026-06-29T12:47:18.263088Z  INFO herdr::logging: tab created event="tab.create" subsystem="tab" outcome="ok" workspace_id="w5" tab_id="w5:t3" pane_id=5
2026-06-29T12:47:28.055363Z  INFO herdr::logging: session saved event="persist.save" subsystem="persist" outcome="ok" path=C:\Users\rnldc_kvkk1y2\AppData\Roaming\herdr\session.json workspaces=3
2026-06-29T12:48:15.274834Z  INFO herdr::server::headless: client resize client_id=2 cols=68 rows=32 cell_width_px=0 cell_height_px=0
2026-06-29T12:48:15.576404Z  INFO herdr::server::headless: client resize client_id=2 cols=136 rows=32 cell_width_px=0 cell_height_px=0
2026-06-29T12:48:15.980372Z  INFO herdr::server::headless: client resize client_id=2 cols=68 rows=32 cell_width_px=0 cell_height_px=0
2026-06-29T12:48:22.414523Z  INFO herdr::server::headless: client resize client_id=2 cols=136 rows=32 cell_width_px=0 cell_height_px=0
2026-06-29T12:48:24.524974Z  INFO herdr::server::headless: client resize client_id=2 cols=68 rows=32 cell_width_px=0 cell_height_px=0
2026-06-29T12:48:24.828663Z  INFO herdr::server::headless: client resize client_id=2 cols=136 rows=32 cell_width_px=0 cell_height_px=0
2026-06-29T12:48:25.230918Z  INFO herdr::server::headless: client resize client_id=2 cols=68 rows=32 cell_width_px=0 cell_height_px=0
2026-06-29T12:48:28.147261Z  INFO herdr::server::headless: client resize client_id=2 cols=136 rows=32 cell_width_px=0 cell_height_px=0
2026-06-29T12:48:38.976159Z  INFO herdr::logging: session saved event="persist.save" subsystem="persist" outcome="ok" path=C:\Users\rnldc_kvkk1y2\AppData\Roaming\herdr\session.json workspaces=3
2026-06-29T12:53:06.965022Z  INFO herdr::logging: checking for updates event="update.check.start" subsystem="update" outcome="started"
2026-06-29T12:53:15.725598Z  INFO herdr::pane: pane session terminated pane=5 pid=11236 signal=Hangup
2026-06-29T12:53:15.829079Z  INFO herdr::logging: pane child exited event="pane.exit" subsystem="pane" outcome="completed" pane_id=5 status="ExitStatus { code: 3221225786, signal: None }"
2026-06-29T12:53:15.829268Z  WARN herdr::app::actions: PaneDied for unknown pane pane=5
2026-06-29T12:58:52.605430Z  INFO herdr::logging: workspace focused event="workspace.focus" subsystem="workspace" outcome="ok" workspace_id="w6"
2026-06-29T12:58:52.605461Z  INFO herdr::logging: tab focused event="tab.focus" subsystem="tab" outcome="ok" workspace_id="w6" tab_id="w6:t1"
2026-06-29T12:58:57.631641Z  INFO herdr::logging: session saved event="persist.save" subsystem="persist" outcome="ok" path=C:\Users\rnldc_kvkk1y2\AppData\Roaming\herdr\session.json workspaces=3
2026-06-29T12:59:08.980872Z  INFO herdr::logging: tab renamed event="tab.rename" subsystem="tab" outcome="ok" workspace_id="w6" tab_id="w6:t1"
2026-06-29T12:59:17.487503Z  INFO herdr::logging: session saved event="persist.save" subsystem="persist" outcome="ok" path=C:\Users\rnldc_kvkk1y2\AppData\Roaming\herdr\session.json workspaces=3
2026-06-29T12:59:43.762618Z  INFO herdr::server::headless: client resize client_id=2 cols=136 rows=31 cell_width_px=0 cell_height_px=0
2026-06-29T13:00:07.789023Z  INFO herdr::server::headless: client resize client_id=2 cols=136 rows=32 cell_width_px=0 cell_height_px=0
2026-06-29T13:00:12.178254Z  INFO herdr::logging: workspace focused event="workspace.focus" subsystem="workspace" outcome="ok" workspace_id="w8"
2026-06-29T13:00:12.178296Z  INFO herdr::logging: tab focused event="tab.focus" subsystem="tab" outcome="ok" workspace_id="w8" tab_id="w8:t1"
2026-06-29T13:00:17.184825Z  INFO herdr::logging: session saved event="persist.save" subsystem="persist" outcome="ok" path=C:\Users\rnldc_kvkk1y2\AppData\Roaming\herdr\session.json workspaces=3
2026-06-29T13:01:33.326869Z  INFO herdr::logging: workspace focused event="workspace.focus" subsystem="workspace" outcome="ok" workspace_id="w5"
2026-06-29T13:01:33.326918Z  INFO herdr::logging: tab focused event="tab.focus" subsystem="tab" outcome="ok" workspace_id="w5" tab_id="w5:t1"
2026-06-29T13:01:38.337803Z  INFO herdr::logging: session saved event="persist.save" subsystem="persist" outcome="ok" path=C:\Users\rnldc_kvkk1y2\AppData\Roaming\herdr\session.json workspaces=3
2026-06-29T13:08:23.920192Z  INFO herdr::server::headless: client resize client_id=2 cols=136 rows=31 cell_width_px=0 cell_height_px=0
2026-06-29T13:11:00.541928Z  INFO herdr::server::headless: client resize client_id=2 cols=136 rows=32 cell_width_px=0 cell_height_px=0
2026-06-29T13:11:04.709868Z  INFO herdr::logging: workspace focused event="workspace.focus" subsystem="workspace" outcome="ok" workspace_id="w6"
2026-06-29T13:11:04.709971Z  INFO herdr::logging: tab focused event="tab.focus" subsystem="tab" outcome="ok" workspace_id="w6" tab_id="w6:t1"
2026-06-29T13:11:06.235643Z  INFO herdr::logging: workspace focused event="workspace.focus" subsystem="workspace" outcome="ok" workspace_id="w8"
2026-06-29T13:11:06.235675Z  INFO herdr::logging: tab focused event="tab.focus" subsystem="tab" outcome="ok" workspace_id="w8" tab_id="w8:t1"
2026-06-29T13:11:11.239395Z  INFO herdr::logging: session saved event="persist.save" subsystem="persist" outcome="ok" path=C:\Users\rnldc_kvkk1y2\AppData\Roaming\herdr\session.json workspaces=3
2026-06-29T13:20:05.017990Z  INFO herdr::server::headless: client resize client_id=2 cols=136 rows=31 cell_width_px=0 cell_height_px=0
2026-06-29T13:20:46.236974Z  INFO herdr::server::headless: client resize client_id=2 cols=136 rows=32 cell_width_px=0 cell_height_px=0
2026-06-29T13:23:06.965776Z  INFO herdr::logging: checking for updates event="update.check.start" subsystem="update" outcome="started"
2026-06-29T13:31:46.887539Z  INFO herdr::server::headless: client disconnected client_id=2
2026-06-29T13:38:54.400399Z  INFO herdr::api::server: api server listening path=C:\Users\rnldc_kvkk1y2\AppData\Roaming\herdr\herdr.sock
2026-06-29T13:38:54.403409Z  INFO herdr::logging: spawning pane terminal event="pane.spawn.start" subsystem="pane" outcome="started" pane_id=1 rows=24 cols=80 scrollback_limit_bytes=10000000
2026-06-29T13:38:55.332238Z  INFO herdr::logging: pane child spawned event="pane.spawned" subsystem="pane" outcome="ok" pane_id=1 pid=20948
2026-06-29T13:38:55.336324Z  INFO herdr::logging: spawning pane terminal event="pane.spawn.start" subsystem="pane" outcome="started" pane_id=2 rows=24 cols=80 scrollback_limit_bytes=10000000
2026-06-29T13:38:55.359290Z  INFO herdr::logging: pane child spawned event="pane.spawned" subsystem="pane" outcome="ok" pane_id=2 pid=7456
2026-06-29T13:38:55.363727Z  INFO herdr::logging: spawning pane terminal event="pane.spawn.start" subsystem="pane" outcome="started" pane_id=3 rows=24 cols=80 scrollback_limit_bytes=10000000
2026-06-29T13:38:55.386983Z  INFO herdr::logging: pane child spawned event="pane.spawned" subsystem="pane" outcome="ok" pane_id=3 pid=23580
2026-06-29T13:38:55.388698Z  INFO herdr::logging: session restore evaluated event="persist.restore" subsystem="persist" outcome="ok" workspaces=3
2026-06-29T13:38:55.388752Z  INFO herdr::app: using pane scrollback configuration pane_scrollback_limit_bytes=10000000
2026-06-29T13:38:55.651317Z  INFO herdr::logging: checking for updates event="update.check.start" subsystem="update" outcome="started"
2026-06-29T13:38:55.651435Z  INFO herdr::server::headless: restored session already has workspaces; ignoring startup cwd cwd=C:\Users\rnldc_kvkk1y2
2026-06-29T13:38:55.669029Z  INFO herdr::server::headless: client protocol socket listening path=C:\Users\rnldc_kvkk1y2\AppData\Roaming\herdr\herdr-client.sock
2026-06-29T13:38:55.669877Z  INFO herdr::server::headless: herdr server started api_socket=C:\Users\rnldc_kvkk1y2\AppData\Roaming\herdr\herdr.sock client_socket=C:\Users\rnldc_kvkk1y2\AppData\Roaming\herdr\herdr-client.sock
2026-06-29T13:38:55.669986Z  INFO herdr::logging: herdr starting event="app.startup" subsystem="server" outcome="started" pid=20372
2026-06-29T13:38:55.695819Z  INFO herdr::server::headless: client connected client_id=1 cols=80 rows=24 cell_width_px=0 cell_height_px=0 render_encoding=SemanticFrame
2026-06-29T13:38:55.696017Z  INFO herdr::server::headless: client disconnected client_id=1
2026-06-29T13:38:55.702173Z  INFO herdr::server::headless: client connected client_id=2 cols=159 rows=38 cell_width_px=0 cell_height_px=0 render_encoding=SemanticFrame
2026-06-29T13:39:33.129155Z  INFO herdr::logging: workspace focused event="workspace.focus" subsystem="workspace" outcome="ok" workspace_id="w5"
2026-06-29T13:39:33.129192Z  INFO herdr::logging: tab focused event="tab.focus" subsystem="tab" outcome="ok" workspace_id="w5" tab_id="w5:t1"
2026-06-29T13:39:38.147275Z  INFO herdr::logging: session saved event="persist.save" subsystem="persist" outcome="ok" path=C:\Users\rnldc_kvkk1y2\AppData\Roaming\herdr\session.json workspaces=3
2026-06-29T13:41:18.044914Z  INFO herdr::server::headless: client resize client_id=2 cols=159 rows=37 cell_width_px=0 cell_height_px=0
2026-06-29T13:59:05.227730Z  INFO herdr::logging: spawning pane terminal event="pane.spawn.start" subsystem="pane" outcome="started" pane_id=4 rows=36 cols=133 scrollback_limit_bytes=10000000
2026-06-29T13:59:05.246991Z  INFO herdr::logging: pane child spawned event="pane.spawned" subsystem="pane" outcome="ok" pane_id=4 pid=8188
2026-06-29T13:59:05.247249Z  INFO herdr::logging: tab focused event="tab.focus" subsystem="tab" outcome="ok" workspace_id="w5" tab_id="w5:t4"
2026-06-29T13:59:05.247319Z  INFO herdr::logging: tab created event="tab.create" subsystem="tab" outcome="ok" workspace_id="w5" tab_id="w5:t4" pane_id=4
2026-06-29T13:59:10.262688Z  INFO herdr::logging: session saved event="persist.save" subsystem="persist" outcome="ok" path=C:\Users\rnldc_kvkk1y2\AppData\Roaming\herdr\session.json workspaces=3
2026-06-29T14:02:57.063516Z  INFO herdr::logging: session saved event="persist.save" subsystem="persist" outcome="ok" path=C:\Users\rnldc_kvkk1y2\AppData\Roaming\herdr\session.json workspaces=3
2026-06-29T14:05:52.282462Z  INFO herdr::server::headless: client connected client_id=4 cols=120 rows=30 cell_width_px=0 cell_height_px=0 render_encoding=SemanticFrame
2026-06-29T14:06:43.223552Z  INFO herdr::server::headless: client disconnected client_id=4
2026-06-29T14:08:55.665161Z  INFO herdr::logging: checking for updates event="update.check.start" subsystem="update" outcome="started"
2026-06-29T14:09:04.228390Z  INFO herdr::pane: pane session terminated pane=4 pid=8188 signal=Hangup
2026-06-29T14:09:04.284860Z  INFO herdr::logging: pane child exited event="pane.exit" subsystem="pane" outcome="completed" pane_id=4 status="ExitStatus { code: 3221225786, signal: None }"
2026-06-29T14:09:04.284929Z  WARN herdr::app::actions: PaneDied for unknown pane pane=4
2026-06-29T14:18:58.653818Z  INFO herdr::logging: spawning pane terminal event="pane.spawn.start" subsystem="pane" outcome="started" pane_id=5 rows=36 cols=133 scrollback_limit_bytes=10000000
2026-06-29T14:18:58.679268Z  INFO herdr::logging: pane child spawned event="pane.spawned" subsystem="pane" outcome="ok" pane_id=5 pid=24892
2026-06-29T14:18:58.679548Z  INFO herdr::logging: tab focused event="tab.focus" subsystem="tab" outcome="ok" workspace_id="w5" tab_id="w5:t5"
2026-06-29T14:18:58.679575Z  INFO herdr::logging: tab created event="tab.create" subsystem="tab" outcome="ok" workspace_id="w5" tab_id="w5:t5" pane_id=5
2026-06-29T14:19:03.701200Z  INFO herdr::logging: session saved event="persist.save" subsystem="persist" outcome="ok" path=C:\Users\rnldc_kvkk1y2\AppData\Roaming\herdr\session.json workspaces=3
2026-06-29T14:19:16.816284Z  INFO herdr::app::actions: copied selection to clipboard
2026-06-29T14:20:17.747183Z  INFO herdr::server::headless: client resize client_id=2 cols=79 rows=37 cell_width_px=0 cell_height_px=0
2026-06-29T14:20:18.149099Z  INFO herdr::server::headless: client resize client_id=2 cols=159 rows=37 cell_width_px=0 cell_height_px=0
2026-06-29T14:20:18.450282Z  INFO herdr::server::headless: client resize client_id=2 cols=79 rows=37 cell_width_px=0 cell_height_px=0
2026-06-29T14:20:21.564173Z  INFO herdr::server::headless: client resize client_id=2 cols=159 rows=37 cell_width_px=0 cell_height_px=0
2026-06-29T14:24:49.524882Z  INFO herdr::logging: workspace focused event="workspace.focus" subsystem="workspace" outcome="ok" workspace_id="w8"
2026-06-29T14:24:49.524933Z  INFO herdr::logging: tab focused event="tab.focus" subsystem="tab" outcome="ok" workspace_id="w8" tab_id="w8:t1"
2026-06-29T14:24:54.541227Z  INFO herdr::logging: session saved event="persist.save" subsystem="persist" outcome="ok" path=C:\Users\rnldc_kvkk1y2\AppData\Roaming\herdr\session.json workspaces=3
2026-06-29T14:34:15.209675Z  INFO herdr::logging: workspace focused event="workspace.focus" subsystem="workspace" outcome="ok" workspace_id="w5"
2026-06-29T14:34:15.209766Z  INFO herdr::logging: tab focused event="tab.focus" subsystem="tab" outcome="ok" workspace_id="w5" tab_id="w5:t1"
2026-06-29T14:34:20.248710Z  INFO herdr::logging: session saved event="persist.save" subsystem="persist" outcome="ok" path=C:\Users\rnldc_kvkk1y2\AppData\Roaming\herdr\session.json workspaces=3
2026-06-29T14:34:25.310385Z  INFO herdr::logging: workspace renamed event="workspace.rename" subsystem="workspace" outcome="ok" workspace_id="w5"
2026-06-29T14:34:30.323409Z  INFO herdr::logging: session saved event="persist.save" subsystem="persist" outcome="ok" path=C:\Users\rnldc_kvkk1y2\AppData\Roaming\herdr\session.json workspaces=3
2026-06-29T14:38:55.624894Z  INFO herdr::logging: checking for updates event="update.check.start" subsystem="update" outcome="started"
2026-06-29T14:39:00.455164Z  INFO herdr::pane: pane session terminated pane=5 pid=24892 signal=Hangup
2026-06-29T14:39:00.466636Z  INFO herdr::logging: pane child exited event="pane.exit" subsystem="pane" outcome="completed" pane_id=5 status="ExitStatus { code: 3221225786, signal: None }"
2026-06-29T14:39:00.466738Z  WARN herdr::app::actions: PaneDied for unknown pane pane=5
2026-06-29T14:44:03.439332Z  INFO herdr::server::headless: client resize client_id=2 cols=79 rows=37 cell_width_px=0 cell_height_px=0
2026-06-29T14:46:38.546473Z  INFO herdr::server::headless: client resize client_id=2 cols=159 rows=37 cell_width_px=0 cell_height_px=0
2026-06-29T15:08:55.616845Z  INFO herdr::logging: checking for updates event="update.check.start" subsystem="update" outcome="started"
2026-06-29T15:24:49.704878Z  INFO herdr::server::headless: client resize client_id=2 cols=159 rows=38 cell_width_px=0 cell_height_px=0
2026-06-29T15:38:55.632205Z  INFO herdr::logging: checking for updates event="update.check.start" subsystem="update" outcome="started"
2026-06-29T15:41:45.940482Z  INFO herdr::logging: spawning pane terminal event="pane.spawn.start" subsystem="pane" outcome="started" pane_id=6 rows=37 cols=133 scrollback_limit_bytes=10000000
2026-06-29T15:41:45.958224Z  INFO herdr::logging: pane child spawned event="pane.spawned" subsystem="pane" outcome="ok" pane_id=6 pid=25160
2026-06-29T15:41:45.958441Z  INFO herdr::logging: tab focused event="tab.focus" subsystem="tab" outcome="ok" workspace_id="w5" tab_id="w5:t6"
2026-06-29T15:41:45.958456Z  INFO herdr::logging: tab created event="tab.create" subsystem="tab" outcome="ok" workspace_id="w5" tab_id="w5:t6" pane_id=6
2026-06-29T15:41:50.973442Z  INFO herdr::logging: session saved event="persist.save" subsystem="persist" outcome="ok" path=C:\Users\rnldc_kvkk1y2\AppData\Roaming\herdr\session.json workspaces=3
2026-06-29T15:41:57.858047Z  INFO herdr::logging: session saved event="persist.save" subsystem="persist" outcome="ok" path=C:\Users\rnldc_kvkk1y2\AppData\Roaming\herdr\session.json workspaces=3
2026-06-29T15:42:49.363620Z  INFO herdr::logging: workspace focused event="workspace.focus" subsystem="workspace" outcome="ok" workspace_id="w6"
2026-06-29T15:42:49.363660Z  INFO herdr::logging: tab focused event="tab.focus" subsystem="tab" outcome="ok" workspace_id="w6" tab_id="w6:t1"
2026-06-29T15:42:52.926119Z  INFO herdr::logging: workspace renamed event="workspace.rename" subsystem="workspace" outcome="ok" workspace_id="w6"
2026-06-29T15:42:55.176220Z  INFO herdr::logging: spawning pane terminal event="pane.spawn.start" subsystem="pane" outcome="started" pane_id=7 rows=37 cols=133 scrollback_limit_bytes=10000000
2026-06-29T15:42:55.216360Z  INFO herdr::logging: pane child spawned event="pane.spawned" subsystem="pane" outcome="ok" pane_id=7 pid=28528
2026-06-29T15:42:55.218338Z  INFO herdr::logging: workspace created event="workspace.create" subsystem="workspace" outcome="ok" workspace_id="w9" pane_id=7
2026-06-29T15:42:55.218388Z  INFO herdr::logging: workspace focused event="workspace.focus" subsystem="workspace" outcome="ok" workspace_id="w9"
2026-06-29T15:42:55.218421Z  INFO herdr::logging: tab focused event="tab.focus" subsystem="tab" outcome="ok" workspace_id="w9" tab_id="w9:t1"
2026-06-29T15:42:56.170887Z  INFO herdr::pane: pane session terminated pane=6 pid=25160 signal=Hangup
2026-06-29T15:42:56.209839Z  INFO herdr::logging: pane child exited event="pane.exit" subsystem="pane" outcome="completed" pane_id=6 status="ExitStatus { code: 3221225786, signal: None }"
2026-06-29T15:42:56.209982Z  WARN herdr::app::actions: PaneDied for unknown pane pane=6
2026-06-29T15:43:00.018808Z  INFO herdr::logging: workspace renamed event="workspace.rename" subsystem="workspace" outcome="ok" workspace_id="w9"
2026-06-29T15:43:05.031879Z  INFO herdr::logging: session saved event="persist.save" subsystem="persist" outcome="ok" path=C:\Users\rnldc_kvkk1y2\AppData\Roaming\herdr\session.json workspaces=4
2026-06-29T15:43:11.674101Z  INFO herdr::logging: session saved event="persist.save" subsystem="persist" outcome="ok" path=C:\Users\rnldc_kvkk1y2\AppData\Roaming\herdr\session.json workspaces=4
2026-06-29T15:43:34.598871Z  INFO herdr::server::headless: client resize client_id=2 cols=159 rows=37 cell_width_px=0 cell_height_px=0
2026-06-29T15:43:46.866919Z  INFO herdr::server::headless: client resize client_id=2 cols=159 rows=38 cell_width_px=0 cell_height_px=0
2026-06-29T15:43:58.824475Z  INFO herdr::server::headless: client resize client_id=2 cols=79 rows=38 cell_width_px=0 cell_height_px=0
2026-06-29T15:44:03.852797Z  INFO herdr::server::headless: client resize client_id=2 cols=159 rows=38 cell_width_px=0 cell_height_px=0
2026-06-29T15:53:07.790555Z  INFO herdr::server::headless: client disconnected client_id=2
2026-06-29T15:53:17.804197Z  INFO herdr::api::server: api server listening path=C:\Users\rnldc_kvkk1y2\AppData\Roaming\herdr\herdr.sock
2026-06-29T15:53:17.808372Z  INFO herdr::logging: spawning pane terminal event="pane.spawn.start" subsystem="pane" outcome="started" pane_id=1 rows=24 cols=80 scrollback_limit_bytes=10000000
2026-06-29T15:53:18.936776Z  INFO herdr::logging: pane child spawned event="pane.spawned" subsystem="pane" outcome="ok" pane_id=1 pid=30288
2026-06-29T15:53:18.938811Z  INFO herdr::logging: spawning pane terminal event="pane.spawn.start" subsystem="pane" outcome="started" pane_id=2 rows=24 cols=80 scrollback_limit_bytes=10000000
2026-06-29T15:53:18.954190Z  INFO herdr::logging: pane child spawned event="pane.spawned" subsystem="pane" outcome="ok" pane_id=2 pid=23476
2026-06-29T15:53:18.956608Z  INFO herdr::logging: spawning pane terminal event="pane.spawn.start" subsystem="pane" outcome="started" pane_id=3 rows=24 cols=80 scrollback_limit_bytes=10000000
2026-06-29T15:53:18.978230Z  INFO herdr::logging: pane child spawned event="pane.spawned" subsystem="pane" outcome="ok" pane_id=3 pid=31944
2026-06-29T15:53:18.981780Z  INFO herdr::logging: spawning pane terminal event="pane.spawn.start" subsystem="pane" outcome="started" pane_id=4 rows=24 cols=80 scrollback_limit_bytes=10000000
2026-06-29T15:53:19.005415Z  INFO herdr::logging: pane child spawned event="pane.spawned" subsystem="pane" outcome="ok" pane_id=4 pid=19404
2026-06-29T15:53:19.009379Z  INFO herdr::logging: session restore evaluated event="persist.restore" subsystem="persist" outcome="ok" workspaces=4
2026-06-29T15:53:19.009542Z  INFO herdr::app: using pane scrollback configuration pane_scrollback_limit_bytes=10000000
2026-06-29T15:53:19.651780Z  INFO herdr::logging: checking for updates event="update.check.start" subsystem="update" outcome="started"
2026-06-29T15:53:19.654950Z  INFO herdr::server::headless: restored session already has workspaces; ignoring startup cwd cwd=C:\Users\rnldc_kvkk1y2
2026-06-29T15:53:19.676030Z  INFO herdr::server::headless: client protocol socket listening path=C:\Users\rnldc_kvkk1y2\AppData\Roaming\herdr\herdr-client.sock
2026-06-29T15:53:19.676957Z  INFO herdr::server::headless: herdr server started api_socket=C:\Users\rnldc_kvkk1y2\AppData\Roaming\herdr\herdr.sock client_socket=C:\Users\rnldc_kvkk1y2\AppData\Roaming\herdr\herdr-client.sock
2026-06-29T15:53:19.677081Z  INFO herdr::logging: herdr starting event="app.startup" subsystem="server" outcome="started" pid=27928
2026-06-29T15:53:19.686113Z  INFO herdr::server::headless: client connected client_id=2 cols=159 rows=38 cell_width_px=0 cell_height_px=0 render_encoding=SemanticFrame
2026-06-29T15:54:04.952800Z  INFO herdr::logging: workspace focused event="workspace.focus" subsystem="workspace" outcome="ok" workspace_id="w5"
2026-06-29T15:54:04.952840Z  INFO herdr::logging: tab focused event="tab.focus" subsystem="tab" outcome="ok" workspace_id="w5" tab_id="w5:t1"
2026-06-29T15:54:09.964167Z  INFO herdr::logging: session saved event="persist.save" subsystem="persist" outcome="ok" path=C:\Users\rnldc_kvkk1y2\AppData\Roaming\herdr\session.json workspaces=4
2026-06-29T16:23:19.667590Z  INFO herdr::logging: checking for updates event="update.check.start" subsystem="update" outcome="started"
2026-06-29T16:53:19.713684Z  INFO herdr::logging: checking for updates event="update.check.start" subsystem="update" outcome="started"
2026-06-29T17:23:19.720442Z  INFO herdr::logging: checking for updates event="update.check.start" subsystem="update" outcome="started"
2026-06-29T17:53:19.729239Z  INFO herdr::logging: checking for updates event="update.check.start" subsystem="update" outcome="started"
2026-06-29T18:23:19.736019Z  INFO herdr::logging: checking for updates event="update.check.start" subsystem="update" outcome="started"
2026-06-29T18:53:19.735942Z  INFO herdr::logging: checking for updates event="update.check.start" subsystem="update" outcome="started"
2026-06-29T19:18:23.143123Z  INFO herdr::logging: workspace focused event="workspace.focus" subsystem="workspace" outcome="ok" workspace_id="w6"
2026-06-29T19:18:23.144844Z  INFO herdr::logging: tab focused event="tab.focus" subsystem="tab" outcome="ok" workspace_id="w6" tab_id="w6:t1"
2026-06-29T19:18:28.180332Z  INFO herdr::logging: session saved event="persist.save" subsystem="persist" outcome="ok" path=C:\Users\rnldc_kvkk1y2\AppData\Roaming\herdr\session.json workspaces=4
2026-06-29T19:23:19.757027Z  INFO herdr::logging: checking for updates event="update.check.start" subsystem="update" outcome="started"
2026-06-29T19:47:42.806293Z  INFO herdr::server::headless: client resize client_id=2 cols=148 rows=36 cell_width_px=0 cell_height_px=0
2026-06-29T19:47:45.520368Z  INFO herdr::server::headless: client resize client_id=2 cols=49 rows=16 cell_width_px=0 cell_height_px=0
2026-06-29T19:47:45.934149Z  INFO herdr::server::headless: client resize client_id=2 cols=136 rows=32 cell_width_px=0 cell_height_px=0
2026-06-29T19:53:19.781598Z  INFO herdr::logging: checking for updates event="update.check.start" subsystem="update" outcome="started"
2026-06-29T20:23:19.792931Z  INFO herdr::logging: checking for updates event="update.check.start" subsystem="update" outcome="started"
2026-06-29T21:49:46.643141Z  INFO herdr::logging: checking for updates event="update.check.start" subsystem="update" outcome="started"
2026-06-29T21:49:52.941316Z  WARN herdr::detect::manifest_update: agent detection manifest update failed: failed to fetch https://herdr.dev/agent-detection/index.toml
2026-06-29T21:49:56.788853Z  WARN herdr::logging: update check failed event="update.check.complete" subsystem="update" outcome="error" err="failed to fetch update manifest"
2026-06-29T22:19:46.635413Z  INFO herdr::logging: checking for updates event="update.check.start" subsystem="update" outcome="started"
2026-06-29T22:49:46.637822Z  INFO herdr::logging: checking for updates event="update.check.start" subsystem="update" outcome="started"
2026-06-29T22:56:22.706197Z  INFO herdr::server::headless: client disconnected client_id=2
2026-06-30T12:51:28.835118Z  INFO herdr::api::server: api server listening path=C:\Users\rnldc_kvkk1y2\AppData\Roaming\herdr\herdr.sock
2026-06-30T12:51:28.853824Z  INFO herdr::logging: spawning pane terminal event="pane.spawn.start" subsystem="pane" outcome="started" pane_id=1 rows=24 cols=80 scrollback_limit_bytes=10000000
2026-06-30T12:51:29.713375Z  INFO herdr::logging: pane child spawned event="pane.spawned" subsystem="pane" outcome="ok" pane_id=1 pid=14788
2026-06-30T12:51:29.751889Z  INFO herdr::logging: spawning pane terminal event="pane.spawn.start" subsystem="pane" outcome="started" pane_id=2 rows=24 cols=80 scrollback_limit_bytes=10000000
2026-06-30T12:51:29.766073Z  INFO herdr::logging: pane child spawned event="pane.spawned" subsystem="pane" outcome="ok" pane_id=2 pid=10556
2026-06-30T12:51:29.781644Z  INFO herdr::logging: spawning pane terminal event="pane.spawn.start" subsystem="pane" outcome="started" pane_id=3 rows=24 cols=80 scrollback_limit_bytes=10000000
2026-06-30T12:51:29.799146Z  INFO herdr::logging: pane child spawned event="pane.spawned" subsystem="pane" outcome="ok" pane_id=3 pid=6208
2026-06-30T12:51:29.802001Z  INFO herdr::logging: spawning pane terminal event="pane.spawn.start" subsystem="pane" outcome="started" pane_id=4 rows=24 cols=80 scrollback_limit_bytes=10000000
2026-06-30T12:51:29.830015Z  INFO herdr::logging: pane child spawned event="pane.spawned" subsystem="pane" outcome="ok" pane_id=4 pid=15420
2026-06-30T12:51:29.857627Z  INFO herdr::logging: session restore evaluated event="persist.restore" subsystem="persist" outcome="ok" workspaces=4
2026-06-30T12:51:29.857696Z  INFO herdr::app: using pane scrollback configuration pane_scrollback_limit_bytes=10000000
2026-06-30T12:51:30.469456Z  INFO herdr::logging: checking for updates event="update.check.start" subsystem="update" outcome="started"
2026-06-30T12:51:30.469512Z  INFO herdr::server::headless: restored session already has workspaces; ignoring startup cwd cwd=C:\Users\rnldc_kvkk1y2
2026-06-30T12:51:30.482821Z  INFO herdr::server::headless: client protocol socket listening path=C:\Users\rnldc_kvkk1y2\AppData\Roaming\herdr\herdr-client.sock
2026-06-30T12:51:30.483639Z  INFO herdr::server::headless: herdr server started api_socket=C:\Users\rnldc_kvkk1y2\AppData\Roaming\herdr\herdr.sock client_socket=C:\Users\rnldc_kvkk1y2\AppData\Roaming\herdr\herdr-client.sock
2026-06-30T12:51:30.483874Z  INFO herdr::logging: herdr starting event="app.startup" subsystem="server" outcome="started" pid=17628
2026-06-30T12:51:30.502397Z  INFO herdr::server::headless: client connected client_id=2 cols=159 rows=38 cell_width_px=0 cell_height_px=0 render_encoding=SemanticFrame
2026-06-30T12:51:36.939525Z  INFO herdr::logging: workspace focused event="workspace.focus" subsystem="workspace" outcome="ok" workspace_id="w5"
2026-06-30T12:51:36.939572Z  INFO herdr::logging: tab focused event="tab.focus" subsystem="tab" outcome="ok" workspace_id="w5" tab_id="w5:t1"
2026-06-30T12:51:41.946583Z  INFO herdr::logging: session saved event="persist.save" subsystem="persist" outcome="ok" path=C:\Users\rnldc_kvkk1y2\AppData\Roaming\herdr\session.json workspaces=4
2026-06-30T13:21:30.486113Z  INFO herdr::logging: checking for updates event="update.check.start" subsystem="update" outcome="started"
2026-06-30T13:51:30.495106Z  INFO herdr::logging: checking for updates event="update.check.start" subsystem="update" outcome="started"
2026-06-30T14:21:30.503969Z  INFO herdr::logging: checking for updates event="update.check.start" subsystem="update" outcome="started"
2026-06-30T14:51:30.505567Z  INFO herdr::logging: checking for updates event="update.check.start" subsystem="update" outcome="started"
2026-06-30T14:51:57.417406Z  INFO herdr::logging: workspace focused event="workspace.focus" subsystem="workspace" outcome="ok" workspace_id="w9"
2026-06-30T14:51:57.417450Z  INFO herdr::logging: tab focused event="tab.focus" subsystem="tab" outcome="ok" workspace_id="w9" tab_id="w9:t1"
2026-06-30T14:52:02.437860Z  INFO herdr::logging: session saved event="persist.save" subsystem="persist" outcome="ok" path=C:\Users\rnldc_kvkk1y2\AppData\Roaming\herdr\session.json workspaces=4
2026-06-30T14:52:08.952173Z  INFO herdr::logging: workspace focused event="workspace.focus" subsystem="workspace" outcome="ok" workspace_id="w6"
2026-06-30T14:52:08.952217Z  INFO herdr::logging: tab focused event="tab.focus" subsystem="tab" outcome="ok" workspace_id="w6" tab_id="w6:t1"
2026-06-30T14:52:13.973943Z  INFO herdr::logging: session saved event="persist.save" subsystem="persist" outcome="ok" path=C:\Users\rnldc_kvkk1y2\AppData\Roaming\herdr\session.json workspaces=4
2026-06-30T14:52:19.301637Z  INFO herdr::logging: spawning pane terminal event="pane.spawn.start" subsystem="pane" outcome="started" pane_id=5 rows=37 cols=133 scrollback_limit_bytes=10000000
2026-06-30T14:52:19.759887Z  INFO herdr::logging: pane child spawned event="pane.spawned" subsystem="pane" outcome="ok" pane_id=5 pid=13796
2026-06-30T14:52:19.760207Z  INFO herdr::logging: tab focused event="tab.focus" subsystem="tab" outcome="ok" workspace_id="w6" tab_id="w6:t2"
2026-06-30T14:52:19.760244Z  INFO herdr::logging: tab created event="tab.create" subsystem="tab" outcome="ok" workspace_id="w6" tab_id="w6:t2" pane_id=5
2026-06-30T14:52:24.774815Z  INFO herdr::logging: session saved event="persist.save" subsystem="persist" outcome="ok" path=C:\Users\rnldc_kvkk1y2\AppData\Roaming\herdr\session.json workspaces=4
2026-06-30T14:52:37.066228Z  INFO herdr::logging: session saved event="persist.save" subsystem="persist" outcome="ok" path=C:\Users\rnldc_kvkk1y2\AppData\Roaming\herdr\session.json workspaces=4
2026-06-30T14:52:54.776305Z  INFO herdr::logging: session saved event="persist.save" subsystem="persist" outcome="ok" path=C:\Users\rnldc_kvkk1y2\AppData\Roaming\herdr\session.json workspaces=4
2026-06-30T14:53:06.510388Z  INFO herdr::logging: session saved event="persist.save" subsystem="persist" outcome="ok" path=C:\Users\rnldc_kvkk1y2\AppData\Roaming\herdr\session.json workspaces=4
2026-06-30T14:55:47.869503Z  INFO herdr::logging: tab focused event="tab.focus" subsystem="tab" outcome="ok" workspace_id="w6" tab_id="w6:t1"
2026-06-30T14:55:52.887917Z  INFO herdr::logging: session saved event="persist.save" subsystem="persist" outcome="ok" path=C:\Users\rnldc_kvkk1y2\AppData\Roaming\herdr\session.json workspaces=4
2026-06-30T14:57:31.443600Z  INFO herdr::logging: tab focused event="tab.focus" subsystem="tab" outcome="ok" workspace_id="w6" tab_id="w6:t2"
2026-06-30T14:57:36.460706Z  INFO herdr::logging: session saved event="persist.save" subsystem="persist" outcome="ok" path=C:\Users\rnldc_kvkk1y2\AppData\Roaming\herdr\session.json workspaces=4
2026-06-30T15:21:30.508517Z  INFO herdr::logging: checking for updates event="update.check.start" subsystem="update" outcome="started"
2026-06-30T15:51:30.514079Z  INFO herdr::logging: checking for updates event="update.check.start" subsystem="update" outcome="started"
2026-06-30T16:21:30.536652Z  INFO herdr::logging: checking for updates event="update.check.start" subsystem="update" outcome="started"
2026-06-30T16:51:30.552628Z  INFO herdr::logging: checking for updates event="update.check.start" subsystem="update" outcome="started"
2026-06-30T17:52:35.601116Z  INFO herdr::logging: checking for updates event="update.check.start" subsystem="update" outcome="started"
2026-06-30T17:52:38.865019Z  WARN herdr::detect::manifest_update: agent detection manifest update failed: failed to fetch https://herdr.dev/agent-detection/index.toml
2026-06-30T17:52:42.776992Z  WARN herdr::logging: update check failed event="update.check.complete" subsystem="update" outcome="error" err="failed to fetch update manifest"
2026-06-30T18:22:35.605152Z  INFO herdr::logging: checking for updates event="update.check.start" subsystem="update" outcome="started"
2026-06-30T18:22:36.243231Z  INFO herdr::logging: update available event="update.available" subsystem="update" outcome="ok" version="0.7.1-preview.2026-06-30-3459798b606d"
2026-06-30T18:22:36.243255Z  INFO herdr::update: new preview build available at https://github.com/ogulcancelik/herdr/releases/download/preview-2026-06-30-3459798b606d/herdr-windows-x86_64.exe
2026-06-30T18:22:36.245037Z  INFO herdr::update: auto-update check: 0.7.1-preview.2026-06-30-3459798b606d available, waiting for explicit install
2026-06-30T19:11:29.306195Z  INFO herdr::logging: tab focused event="tab.focus" subsystem="tab" outcome="ok" workspace_id="w6" tab_id="w6:t1"
2026-06-30T19:11:34.328793Z  INFO herdr::logging: session saved event="persist.save" subsystem="persist" outcome="ok" path=C:\Users\rnldc_kvkk1y2\AppData\Roaming\herdr\session.json workspaces=4
2026-06-30T19:13:46.385115Z  INFO herdr::logging: tab focused event="tab.focus" subsystem="tab" outcome="ok" workspace_id="w6" tab_id="w6:t2"
2026-06-30T19:13:51.404243Z  INFO herdr::logging: session saved event="persist.save" subsystem="persist" outcome="ok" path=C:\Users\rnldc_kvkk1y2\AppData\Roaming\herdr\session.json workspaces=4
2026-06-30T20:37:11.541016Z  INFO herdr::server::headless: client resize client_id=2 cols=159 rows=37 cell_width_px=0 cell_height_px=0
2026-06-30T20:37:12.746143Z  INFO herdr::server::headless: client resize client_id=2 cols=159 rows=38 cell_width_px=0 cell_height_px=0
2026-06-30T20:37:17.252803Z  INFO herdr::server::headless: client disconnected client_id=2
2026-06-30T20:44:06.314062Z  INFO herdr::api::server: api server listening path=C:\Users\rnldc_kvkk1y2\AppData\Roaming\herdr\herdr.sock
2026-06-30T20:44:06.331004Z  INFO herdr::logging: spawning pane terminal event="pane.spawn.start" subsystem="pane" outcome="started" pane_id=1 rows=24 cols=80 scrollback_limit_bytes=10000000
2026-06-30T20:44:07.680262Z  INFO herdr::logging: pane child spawned event="pane.spawned" subsystem="pane" outcome="ok" pane_id=1 pid=5864
2026-06-30T20:44:07.709376Z  INFO herdr::logging: spawning pane terminal event="pane.spawn.start" subsystem="pane" outcome="started" pane_id=2 rows=24 cols=80 scrollback_limit_bytes=10000000
2026-06-30T20:44:07.735616Z  INFO herdr::logging: pane child spawned event="pane.spawned" subsystem="pane" outcome="ok" pane_id=2 pid=19800
2026-06-30T20:44:07.737115Z  INFO herdr::logging: spawning pane terminal event="pane.spawn.start" subsystem="pane" outcome="started" pane_id=3 rows=24 cols=80 scrollback_limit_bytes=10000000
2026-06-30T20:44:07.763035Z  INFO herdr::logging: pane child spawned event="pane.spawned" subsystem="pane" outcome="ok" pane_id=3 pid=2472
2026-06-30T20:44:07.790340Z  INFO herdr::logging: spawning pane terminal event="pane.spawn.start" subsystem="pane" outcome="started" pane_id=4 rows=24 cols=80 scrollback_limit_bytes=10000000
2026-06-30T20:44:07.827688Z  INFO herdr::logging: pane child spawned event="pane.spawned" subsystem="pane" outcome="ok" pane_id=4 pid=4972
2026-06-30T20:44:07.832080Z  INFO herdr::logging: spawning pane terminal event="pane.spawn.start" subsystem="pane" outcome="started" pane_id=5 rows=24 cols=80 scrollback_limit_bytes=10000000
2026-06-30T20:44:07.867004Z  INFO herdr::logging: pane child spawned event="pane.spawned" subsystem="pane" outcome="ok" pane_id=5 pid=6344
2026-06-30T20:44:07.912604Z  INFO herdr::logging: session restore evaluated event="persist.restore" subsystem="persist" outcome="ok" workspaces=4
2026-06-30T20:44:07.912701Z  INFO herdr::app: using pane scrollback configuration pane_scrollback_limit_bytes=10000000
2026-06-30T20:44:08.895785Z  INFO herdr::logging: checking for updates event="update.check.start" subsystem="update" outcome="started"
2026-06-30T20:44:08.895866Z  INFO herdr::server::headless: restored session already has workspaces; ignoring startup cwd cwd=C:\Users\rnldc_kvkk1y2
2026-06-30T20:44:08.914921Z  INFO herdr::server::headless: client protocol socket listening path=C:\Users\rnldc_kvkk1y2\AppData\Roaming\herdr\herdr-client.sock
2026-06-30T20:44:08.915848Z  INFO herdr::server::headless: herdr server started api_socket=C:\Users\rnldc_kvkk1y2\AppData\Roaming\herdr\herdr.sock client_socket=C:\Users\rnldc_kvkk1y2\AppData\Roaming\herdr\herdr-client.sock
2026-06-30T20:44:08.915971Z  INFO herdr::logging: herdr starting event="app.startup" subsystem="server" outcome="started" pid=12996
2026-06-30T20:44:08.923080Z  INFO herdr::server::headless: client connected client_id=2 cols=159 rows=38 cell_width_px=0 cell_height_px=0 render_encoding=SemanticFrame
2026-06-30T20:44:09.279035Z  INFO herdr::logging: update available event="update.available" subsystem="update" outcome="ok" version="0.7.1-preview.2026-06-30-3459798b606d"
2026-06-30T20:44:09.279082Z  INFO herdr::update: new preview build available at https://github.com/ogulcancelik/herdr/releases/download/preview-2026-06-30-3459798b606d/herdr-windows-x86_64.exe
2026-06-30T20:44:09.283607Z  INFO herdr::update: auto-update check: 0.7.1-preview.2026-06-30-3459798b606d available, waiting for explicit install
2026-06-30T20:44:17.893299Z  INFO herdr::logging: tab focused event="tab.focus" subsystem="tab" outcome="ok" workspace_id="w6" tab_id="w6:t1"
2026-06-30T20:44:18.600528Z  INFO herdr::logging: tab focused event="tab.focus" subsystem="tab" outcome="ok" workspace_id="w6" tab_id="w6:t2"
2026-06-30T20:44:23.618729Z  INFO herdr::logging: session saved event="persist.save" subsystem="persist" outcome="ok" path=C:\Users\rnldc_kvkk1y2\AppData\Roaming\herdr\session.json workspaces=4
2026-06-30T22:50:09.878979Z  WARN herdr::detect::manifest_update: agent detection manifest update failed: failed to fetch https://herdr.dev/agent-detection/index.toml
2026-06-30T23:51:10.678896Z  WARN herdr::detect::manifest_update: agent detection manifest update failed: failed to fetch https://herdr.dev/agent-detection/index.toml
2026-07-01T00:21:10.730686Z  WARN herdr::detect::manifest_update: agent detection manifest update failed: failed to fetch https://herdr.dev/agent-detection/index.toml
2026-07-01T01:51:42.942046Z  WARN herdr::detect::manifest_update: agent detection manifest update failed: failed to fetch https://herdr.dev/agent-detection/index.toml
2026-07-01T01:51:43.405945Z  WARN herdr::detect::manifest_update: agent detection manifest update failed for agent agent="codex" error=fetch failed: failed to fetch https://herdr.dev/agent-detection/codex.toml
2026-07-01T03:52:14.712577Z  WARN herdr::detect::manifest_update: agent detection manifest update failed: failed to fetch https://herdr.dev/agent-detection/index.toml
2026-07-01T14:52:44.792396Z  INFO herdr::app::actions: copied double-clicked token to clipboard
2026-07-01T17:56:53.713816Z  WARN herdr::detect::manifest_update: agent detection manifest update failed: failed to fetch https://herdr.dev/agent-detection/index.toml
2026-07-01T20:29:07.829169Z  INFO herdr::logging: spawning pane terminal event="pane.spawn.start" subsystem="pane" outcome="started" pane_id=6 rows=37 cols=133 scrollback_limit_bytes=10000000
2026-07-01T20:29:08.338854Z  INFO herdr::logging: pane child spawned event="pane.spawned" subsystem="pane" outcome="ok" pane_id=6 pid=9972
2026-07-01T20:29:08.340372Z  INFO herdr::logging: workspace created event="workspace.create" subsystem="workspace" outcome="ok" workspace_id="wA" pane_id=6
2026-07-01T20:29:08.340419Z  INFO herdr::logging: workspace focused event="workspace.focus" subsystem="workspace" outcome="ok" workspace_id="wA"
2026-07-01T20:29:08.340447Z  INFO herdr::logging: tab focused event="tab.focus" subsystem="tab" outcome="ok" workspace_id="wA" tab_id="wA:t1"
2026-07-01T20:29:13.368778Z  INFO herdr::logging: session saved event="persist.save" subsystem="persist" outcome="ok" path=C:\Users\rnldc_kvkk1y2\AppData\Roaming\herdr\session.json workspaces=5
2026-07-01T20:29:19.744919Z  INFO herdr::logging: workspace renamed event="workspace.rename" subsystem="workspace" outcome="ok" workspace_id="wA"
2026-07-01T20:29:24.757508Z  INFO herdr::logging: session saved event="persist.save" subsystem="persist" outcome="ok" path=C:\Users\rnldc_kvkk1y2\AppData\Roaming\herdr\session.json workspaces=5
2026-07-01T20:29:30.651517Z  INFO herdr::logging: session saved event="persist.save" subsystem="persist" outcome="ok" path=C:\Users\rnldc_kvkk1y2\AppData\Roaming\herdr\session.json workspaces=5
2026-07-01T20:31:29.871860Z  INFO herdr::logging: workspace closed event="workspace.close" subsystem="workspace" outcome="ok" workspace_id="wA"
2026-07-01T20:31:34.734810Z  INFO herdr::logging: workspace focused event="workspace.focus" subsystem="workspace" outcome="ok" workspace_id="w6"
2026-07-01T20:31:34.734855Z  INFO herdr::logging: tab focused event="tab.focus" subsystem="tab" outcome="ok" workspace_id="w6" tab_id="w6:t2"
2026-07-01T20:31:38.781323Z  INFO herdr::logging: spawning pane terminal event="pane.spawn.start" subsystem="pane" outcome="started" pane_id=7 rows=37 cols=133 scrollback_limit_bytes=10000000
2026-07-01T20:31:38.801045Z  INFO herdr::logging: pane child spawned event="pane.spawned" subsystem="pane" outcome="ok" pane_id=7 pid=14848
2026-07-01T20:31:38.801215Z  INFO herdr::logging: tab focused event="tab.focus" subsystem="tab" outcome="ok" workspace_id="w6" tab_id="w6:t3"
2026-07-01T20:31:38.801236Z  INFO herdr::logging: tab created event="tab.create" subsystem="tab" outcome="ok" workspace_id="w6" tab_id="w6:t3" pane_id=7
2026-07-01T20:31:39.500892Z  INFO herdr::pane: pane session terminated pane=6 pid=9972 signal=Hangup
2026-07-01T20:31:39.521951Z  INFO herdr::logging: pane child exited event="pane.exit" subsystem="pane" outcome="completed" pane_id=6 status="ExitStatus { code: 3221225786, signal: None }"
2026-07-01T20:31:39.522056Z  WARN herdr::app::actions: PaneDied for unknown pane pane=6
2026-07-01T20:31:45.487488Z  INFO herdr::logging: tab focused event="tab.focus" subsystem="tab" outcome="ok" workspace_id="w6" tab_id="w6:t2"
2026-07-01T20:31:50.506420Z  INFO herdr::logging: session saved event="persist.save" subsystem="persist" outcome="ok" path=C:\Users\rnldc_kvkk1y2\AppData\Roaming\herdr\session.json workspaces=4
2026-07-01T20:32:56.990133Z  INFO herdr::logging: tab focused event="tab.focus" subsystem="tab" outcome="ok" workspace_id="w6" tab_id="w6:t3"
2026-07-01T20:33:02.005522Z  INFO herdr::logging: session saved event="persist.save" subsystem="persist" outcome="ok" path=C:\Users\rnldc_kvkk1y2\AppData\Roaming\herdr\session.json workspaces=4
2026-07-01T20:33:48.563847Z  INFO herdr::logging: tab focused event="tab.focus" subsystem="tab" outcome="ok" workspace_id="w6" tab_id="w6:t2"
2026-07-01T20:33:53.270072Z  INFO herdr::logging: tab focused event="tab.focus" subsystem="tab" outcome="ok" workspace_id="w6" tab_id="w6:t3"
2026-07-01T20:33:58.279525Z  INFO herdr::logging: session saved event="persist.save" subsystem="persist" outcome="ok" path=C:\Users\rnldc_kvkk1y2\AppData\Roaming\herdr\session.json workspaces=4
2026-07-01T20:33:59.288577Z  INFO herdr::logging: tab focused event="tab.focus" subsystem="tab" outcome="ok" workspace_id="w6" tab_id="w6:t2"
2026-07-01T20:34:04.297414Z  INFO herdr::logging: session saved event="persist.save" subsystem="persist" outcome="ok" path=C:\Users\rnldc_kvkk1y2\AppData\Roaming\herdr\session.json workspaces=4
2026-07-01T20:35:54.079340Z  INFO herdr::logging: tab focused event="tab.focus" subsystem="tab" outcome="ok" workspace_id="w6" tab_id="w6:t3"
2026-07-01T20:35:59.086633Z  INFO herdr::logging: session saved event="persist.save" subsystem="persist" outcome="ok" path=C:\Users\rnldc_kvkk1y2\AppData\Roaming\herdr\session.json workspaces=4
2026-07-01T20:38:29.474754Z  INFO herdr::logging: tab focused event="tab.focus" subsystem="tab" outcome="ok" workspace_id="w6" tab_id="w6:t2"
2026-07-01T20:38:34.490382Z  INFO herdr::logging: session saved event="persist.save" subsystem="persist" outcome="ok" path=C:\Users\rnldc_kvkk1y2\AppData\Roaming\herdr\session.json workspaces=4
2026-07-01T20:39:22.059688Z  INFO herdr::logging: tab focused event="tab.focus" subsystem="tab" outcome="ok" workspace_id="w6" tab_id="w6:t3"
2026-07-01T20:39:27.080116Z  INFO herdr::logging: session saved event="persist.save" subsystem="persist" outcome="ok" path=C:\Users\rnldc_kvkk1y2\AppData\Roaming\herdr\session.json workspaces=4
2026-07-01T20:39:33.860676Z  INFO herdr::logging: tab focused event="tab.focus" subsystem="tab" outcome="ok" workspace_id="w6" tab_id="w6:t2"
2026-07-01T20:39:36.385843Z  INFO herdr::logging: tab focused event="tab.focus" subsystem="tab" outcome="ok" workspace_id="w6" tab_id="w6:t3"
2026-07-01T20:39:41.397712Z  INFO herdr::logging: session saved event="persist.save" subsystem="persist" outcome="ok" path=C:\Users\rnldc_kvkk1y2\AppData\Roaming\herdr\session.json workspaces=4
2026-07-01T20:40:12.187879Z  INFO herdr::logging: tab focused event="tab.focus" subsystem="tab" outcome="ok" workspace_id="w6" tab_id="w6:t2"
2026-07-01T20:40:17.199840Z  INFO herdr::logging: session saved event="persist.save" subsystem="persist" outcome="ok" path=C:\Users\rnldc_kvkk1y2\AppData\Roaming\herdr\session.json workspaces=4
2026-07-01T20:40:42.138397Z  INFO herdr::logging: tab focused event="tab.focus" subsystem="tab" outcome="ok" workspace_id="w6" tab_id="w6:t3"
2026-07-01T20:40:47.156945Z  INFO herdr::logging: session saved event="persist.save" subsystem="persist" outcome="ok" path=C:\Users\rnldc_kvkk1y2\AppData\Roaming\herdr\session.json workspaces=4
2026-07-01T20:43:37.269989Z  INFO herdr::logging: tab focused event="tab.focus" subsystem="tab" outcome="ok" workspace_id="w6" tab_id="w6:t2"
2026-07-01T20:43:42.281108Z  INFO herdr::logging: session saved event="persist.save" subsystem="persist" outcome="ok" path=C:\Users\rnldc_kvkk1y2\AppData\Roaming\herdr\session.json workspaces=4
2026-07-01T20:46:51.618590Z  INFO herdr::logging: tab focused event="tab.focus" subsystem="tab" outcome="ok" workspace_id="w6" tab_id="w6:t3"
2026-07-01T20:46:56.639249Z  INFO herdr::logging: session saved event="persist.save" subsystem="persist" outcome="ok" path=C:\Users\rnldc_kvkk1y2\AppData\Roaming\herdr\session.json workspaces=4
2026-07-01T20:47:06.411446Z  INFO herdr::logging: tab focused event="tab.focus" subsystem="tab" outcome="ok" workspace_id="w6" tab_id="w6:t2"
2026-07-01T20:47:11.426509Z  INFO herdr::logging: session saved event="persist.save" subsystem="persist" outcome="ok" path=C:\Users\rnldc_kvkk1y2\AppData\Roaming\herdr\session.json workspaces=4
2026-07-01T20:48:14.450472Z  INFO herdr::logging: tab focused event="tab.focus" subsystem="tab" outcome="ok" workspace_id="w6" tab_id="w6:t3"
2026-07-01T20:48:19.468567Z  INFO herdr::logging: session saved event="persist.save" subsystem="persist" outcome="ok" path=C:\Users\rnldc_kvkk1y2\AppData\Roaming\herdr\session.json workspaces=4
2026-07-01T23:52:59.076432Z  INFO herdr::server::headless: client resize client_id=2 cols=158 rows=38 cell_width_px=0 cell_height_px=0
2026-07-01T23:52:59.387134Z  INFO herdr::server::headless: client resize client_id=2 cols=159 rows=38 cell_width_px=0 cell_height_px=0
2026-07-01T23:52:59.545316Z  WARN herdr::detect::manifest_update: agent detection manifest update failed: failed to fetch https://herdr.dev/agent-detection/index.toml
2026-07-02T01:53:59.603223Z  WARN herdr::detect::manifest_update: agent detection manifest update failed: failed to fetch https://herdr.dev/agent-detection/index.toml
2026-07-02T03:54:59.653642Z  WARN herdr::detect::manifest_update: agent detection manifest update failed: failed to fetch https://herdr.dev/agent-detection/index.toml
2026-07-02T04:25:14.643102Z  WARN herdr::detect::manifest_update: agent detection manifest update failed: failed to fetch https://herdr.dev/agent-detection/index.toml
2026-07-02T04:55:14.622146Z  WARN herdr::detect::manifest_update: agent detection manifest update failed: failed to fetch https://herdr.dev/agent-detection/index.toml
2026-07-02T05:56:02.809272Z  WARN herdr::detect::manifest_update: agent detection manifest update failed: failed to fetch https://herdr.dev/agent-detection/index.toml
2026-07-02T12:26:19.012478Z  INFO herdr::logging: tab focused event="tab.focus" subsystem="tab" outcome="ok" workspace_id="w6" tab_id="w6:t1"
2026-07-02T12:26:24.056153Z  INFO herdr::logging: session saved event="persist.save" subsystem="persist" outcome="ok" path=C:\Users\rnldc_kvkk1y2\AppData\Roaming\herdr\session.json workspaces=4
2026-07-02T12:31:05.760520Z  INFO herdr::logging: tab focused event="tab.focus" subsystem="tab" outcome="ok" workspace_id="w6" tab_id="w6:t3"
2026-07-02T12:31:10.771583Z  INFO herdr::logging: session saved event="persist.save" subsystem="persist" outcome="ok" path=C:\Users\rnldc_kvkk1y2\AppData\Roaming\herdr\session.json workspaces=4
2026-07-02T12:38:39.422354Z  INFO herdr::logging: workspace focused event="workspace.focus" subsystem="workspace" outcome="ok" workspace_id="w9"
2026-07-02T12:38:39.422405Z  INFO herdr::logging: tab focused event="tab.focus" subsystem="tab" outcome="ok" workspace_id="w9" tab_id="w9:t1"
2026-07-02T12:38:44.438230Z  INFO herdr::logging: session saved event="persist.save" subsystem="persist" outcome="ok" path=C:\Users\rnldc_kvkk1y2\AppData\Roaming\herdr\session.json workspaces=4
2026-07-02T13:00:58.180230Z  INFO herdr::server::headless: client disconnected client_id=2
2026-07-02T13:01:51.147024Z  INFO herdr::api::server: api server listening path=C:\Users\rnldc_kvkk1y2\AppData\Roaming\herdr\herdr.sock
2026-07-02T13:01:51.149546Z  INFO herdr::logging: spawning pane terminal event="pane.spawn.start" subsystem="pane" outcome="started" pane_id=1 rows=24 cols=80 scrollback_limit_bytes=10000000
2026-07-02T13:01:52.131910Z  INFO herdr::logging: pane child spawned event="pane.spawned" subsystem="pane" outcome="ok" pane_id=1 pid=1368
2026-07-02T13:01:52.134721Z  INFO herdr::logging: spawning pane terminal event="pane.spawn.start" subsystem="pane" outcome="started" pane_id=2 rows=24 cols=80 scrollback_limit_bytes=10000000
2026-07-02T13:01:52.157070Z  INFO herdr::logging: pane child spawned event="pane.spawned" subsystem="pane" outcome="ok" pane_id=2 pid=31468
2026-07-02T13:01:52.158035Z  INFO herdr::logging: spawning pane terminal event="pane.spawn.start" subsystem="pane" outcome="started" pane_id=3 rows=24 cols=80 scrollback_limit_bytes=10000000
2026-07-02T13:01:52.177236Z  INFO herdr::logging: pane child spawned event="pane.spawned" subsystem="pane" outcome="ok" pane_id=3 pid=31684
2026-07-02T13:01:52.178310Z  INFO herdr::logging: spawning pane terminal event="pane.spawn.start" subsystem="pane" outcome="started" pane_id=4 rows=24 cols=80 scrollback_limit_bytes=10000000
2026-07-02T13:01:52.201180Z  INFO herdr::logging: pane child spawned event="pane.spawned" subsystem="pane" outcome="ok" pane_id=4 pid=11536
2026-07-02T13:01:52.204320Z  INFO herdr::logging: spawning pane terminal event="pane.spawn.start" subsystem="pane" outcome="started" pane_id=5 rows=24 cols=80 scrollback_limit_bytes=10000000
2026-07-02T13:01:52.238577Z  INFO herdr::logging: pane child spawned event="pane.spawned" subsystem="pane" outcome="ok" pane_id=5 pid=30288
2026-07-02T13:01:52.242302Z  INFO herdr::logging: spawning pane terminal event="pane.spawn.start" subsystem="pane" outcome="started" pane_id=6 rows=24 cols=80 scrollback_limit_bytes=10000000
2026-07-02T13:01:52.285780Z  INFO herdr::logging: pane child spawned event="pane.spawned" subsystem="pane" outcome="ok" pane_id=6 pid=27832
2026-07-02T13:01:52.289360Z  INFO herdr::logging: session restore evaluated event="persist.restore" subsystem="persist" outcome="ok" workspaces=4
2026-07-02T13:01:52.289444Z  INFO herdr::app: using pane scrollback configuration pane_scrollback_limit_bytes=10000000
2026-07-02T13:01:52.740166Z  INFO herdr::logging: checking for updates event="update.check.start" subsystem="update" outcome="started"
2026-07-02T13:01:52.744492Z  INFO herdr::server::headless: restored session already has workspaces; ignoring startup cwd cwd=C:\Users\rnldc_kvkk1y2
2026-07-02T13:01:52.782656Z  INFO herdr::server::headless: client protocol socket listening path=C:\Users\rnldc_kvkk1y2\AppData\Roaming\herdr\herdr-client.sock
2026-07-02T13:01:52.784084Z  INFO herdr::server::headless: herdr server started api_socket=C:\Users\rnldc_kvkk1y2\AppData\Roaming\herdr\herdr.sock client_socket=C:\Users\rnldc_kvkk1y2\AppData\Roaming\herdr\herdr-client.sock
2026-07-02T13:01:52.784249Z  INFO herdr::logging: herdr starting event="app.startup" subsystem="server" outcome="started" pid=30788
2026-07-02T13:01:52.794857Z  INFO herdr::server::headless: client connected client_id=2 cols=159 rows=38 cell_width_px=0 cell_height_px=0 render_encoding=SemanticFrame
2026-07-02T13:01:53.635286Z  INFO herdr::logging: update available event="update.available" subsystem="update" outcome="ok" version="0.7.1-preview.2026-06-30-3459798b606d"
2026-07-02T13:01:53.635329Z  INFO herdr::update: new preview build available at https://github.com/ogulcancelik/herdr/releases/download/preview-2026-06-30-3459798b606d/herdr-windows-x86_64.exe
2026-07-02T13:01:53.638707Z  INFO herdr::update: auto-update check: 0.7.1-preview.2026-06-30-3459798b606d available, waiting for explicit install
2026-07-02T14:28:30.564922Z  INFO herdr::logging: spawning pane terminal event="pane.spawn.start" subsystem="pane" outcome="started" pane_id=7 rows=37 cols=133 scrollback_limit_bytes=10000000
2026-07-02T14:28:30.589720Z  INFO herdr::logging: pane child spawned event="pane.spawned" subsystem="pane" outcome="ok" pane_id=7 pid=26572
2026-07-02T14:28:30.590908Z  INFO herdr::logging: tab focused event="tab.focus" subsystem="tab" outcome="ok" workspace_id="w9" tab_id="w9:t2"
2026-07-02T14:28:30.590963Z  INFO herdr::logging: tab created event="tab.create" subsystem="tab" outcome="ok" workspace_id="w9" tab_id="w9:t2" pane_id=7
2026-07-02T14:28:35.627100Z  INFO herdr::logging: session saved event="persist.save" subsystem="persist" outcome="ok" path=C:\Users\rnldc_kvkk1y2\AppData\Roaming\herdr\session.json workspaces=4
2026-07-02T14:31:48.133486Z  INFO herdr::logging: tab focused event="tab.focus" subsystem="tab" outcome="ok" workspace_id="w9" tab_id="w9:t1"
2026-07-02T14:31:52.379290Z  INFO herdr::logging: tab focused event="tab.focus" subsystem="tab" outcome="ok" workspace_id="w9" tab_id="w9:t2"
2026-07-02T14:31:53.784606Z  INFO herdr::logging: tab focused event="tab.focus" subsystem="tab" outcome="ok" workspace_id="w9" tab_id="w9:t1"
2026-07-02T14:31:58.789823Z  INFO herdr::logging: session saved event="persist.save" subsystem="persist" outcome="ok" path=C:\Users\rnldc_kvkk1y2\AppData\Roaming\herdr\session.json workspaces=4
2026-07-02T14:47:02.753910Z  INFO herdr::logging: tab focused event="tab.focus" subsystem="tab" outcome="ok" workspace_id="w9" tab_id="w9:t2"
2026-07-02T14:47:07.758184Z  INFO herdr::logging: session saved event="persist.save" subsystem="persist" outcome="ok" path=C:\Users\rnldc_kvkk1y2\AppData\Roaming\herdr\session.json workspaces=4
2026-07-02T14:48:07.833909Z  INFO herdr::logging: session saved event="persist.save" subsystem="persist" outcome="ok" path=C:\Users\rnldc_kvkk1y2\AppData\Roaming\herdr\session.json workspaces=4
2026-07-02T14:51:56.587769Z  INFO herdr::logging: tab focused event="tab.focus" subsystem="tab" outcome="ok" workspace_id="w9" tab_id="w9:t1"
2026-07-02T14:52:01.594845Z  INFO herdr::logging: session saved event="persist.save" subsystem="persist" outcome="ok" path=C:\Users\rnldc_kvkk1y2\AppData\Roaming\herdr\session.json workspaces=4
2026-07-02T14:53:11.136671Z  INFO herdr::server::headless: client disconnected client_id=2
2026-07-02T14:53:26.310299Z  INFO herdr::api::server: api server listening path=C:\Users\rnldc_kvkk1y2\AppData\Roaming\herdr\herdr.sock
2026-07-02T14:53:26.313892Z  INFO herdr::logging: spawning pane terminal event="pane.spawn.start" subsystem="pane" outcome="started" pane_id=1 rows=24 cols=80 scrollback_limit_bytes=10000000
2026-07-02T14:53:27.279508Z  INFO herdr::logging: pane child spawned event="pane.spawned" subsystem="pane" outcome="ok" pane_id=1 pid=25912
2026-07-02T14:53:27.282610Z  INFO herdr::logging: spawning pane terminal event="pane.spawn.start" subsystem="pane" outcome="started" pane_id=2 rows=24 cols=80 scrollback_limit_bytes=10000000
2026-07-02T14:53:27.297095Z  INFO herdr::logging: pane child spawned event="pane.spawned" subsystem="pane" outcome="ok" pane_id=2 pid=23792
2026-07-02T14:53:27.297906Z  INFO herdr::logging: spawning pane terminal event="pane.spawn.start" subsystem="pane" outcome="started" pane_id=3 rows=24 cols=80 scrollback_limit_bytes=10000000
2026-07-02T14:53:27.313040Z  INFO herdr::logging: pane child spawned event="pane.spawned" subsystem="pane" outcome="ok" pane_id=3 pid=32540
2026-07-02T14:53:27.313878Z  INFO herdr::logging: spawning pane terminal event="pane.spawn.start" subsystem="pane" outcome="started" pane_id=4 rows=24 cols=80 scrollback_limit_bytes=10000000
2026-07-02T14:53:27.337191Z  INFO herdr::logging: pane child spawned event="pane.spawned" subsystem="pane" outcome="ok" pane_id=4 pid=30884
2026-07-02T14:53:27.340531Z  INFO herdr::logging: spawning pane terminal event="pane.spawn.start" subsystem="pane" outcome="started" pane_id=5 rows=24 cols=80 scrollback_limit_bytes=10000000
2026-07-02T14:53:27.370480Z  INFO herdr::logging: pane child spawned event="pane.spawned" subsystem="pane" outcome="ok" pane_id=5 pid=12940
2026-07-02T14:53:27.374344Z  INFO herdr::logging: spawning pane terminal event="pane.spawn.start" subsystem="pane" outcome="started" pane_id=6 rows=24 cols=80 scrollback_limit_bytes=10000000
2026-07-02T14:53:27.411981Z  INFO herdr::logging: pane child spawned event="pane.spawned" subsystem="pane" outcome="ok" pane_id=6 pid=29444
2026-07-02T14:53:27.414206Z  INFO herdr::logging: spawning pane terminal event="pane.spawn.start" subsystem="pane" outcome="started" pane_id=7 rows=24 cols=80 scrollback_limit_bytes=10000000
2026-07-02T14:53:27.450952Z  INFO herdr::logging: pane child spawned event="pane.spawned" subsystem="pane" outcome="ok" pane_id=7 pid=30104
2026-07-02T14:53:27.456153Z  INFO herdr::logging: session restore evaluated event="persist.restore" subsystem="persist" outcome="ok" workspaces=4
2026-07-02T14:53:27.456274Z  INFO herdr::app: using pane scrollback configuration pane_scrollback_limit_bytes=10000000
2026-07-02T14:53:27.971237Z  INFO herdr::logging: checking for updates event="update.check.start" subsystem="update" outcome="started"
2026-07-02T14:53:27.980937Z  INFO herdr::server::headless: restored session already has workspaces; ignoring startup cwd cwd=C:\Users\rnldc_kvkk1y2
2026-07-02T14:53:28.122955Z  INFO herdr::server::headless: client protocol socket listening path=C:\Users\rnldc_kvkk1y2\AppData\Roaming\herdr\herdr-client.sock
2026-07-02T14:53:28.125496Z  INFO herdr::server::headless: herdr server started api_socket=C:\Users\rnldc_kvkk1y2\AppData\Roaming\herdr\herdr.sock client_socket=C:\Users\rnldc_kvkk1y2\AppData\Roaming\herdr\herdr-client.sock
2026-07-02T14:53:28.125627Z  INFO herdr::logging: herdr starting event="app.startup" subsystem="server" outcome="started" pid=27300
2026-07-02T14:53:28.169936Z  INFO herdr::server::headless: client connected client_id=2 cols=159 rows=38 cell_width_px=0 cell_height_px=0 render_encoding=SemanticFrame
2026-07-02T14:53:28.862873Z  INFO herdr::logging: update available event="update.available" subsystem="update" outcome="ok" version="0.7.1-preview.2026-06-30-3459798b606d"
2026-07-02T14:53:28.863001Z  INFO herdr::update: new preview build available at https://github.com/ogulcancelik/herdr/releases/download/preview-2026-06-30-3459798b606d/herdr-windows-x86_64.exe
2026-07-02T14:53:28.867262Z  INFO herdr::update: auto-update check: 0.7.1-preview.2026-06-30-3459798b606d available, waiting for explicit install
2026-07-02T14:53:34.319179Z  INFO herdr::logging: tab focused event="tab.focus" subsystem="tab" outcome="ok" workspace_id="w9" tab_id="w9:t2"
2026-07-02T14:53:40.962294Z  INFO herdr::logging: tab renamed event="tab.rename" subsystem="tab" outcome="ok" workspace_id="w9" tab_id="w9:t2"
2026-07-02T14:53:45.965516Z  INFO herdr::logging: session saved event="persist.save" subsystem="persist" outcome="ok" path=C:\Users\rnldc_kvkk1y2\AppData\Roaming\herdr\session.json workspaces=4
2026-07-02T14:54:18.904560Z  INFO herdr::logging: tab focused event="tab.focus" subsystem="tab" outcome="ok" workspace_id="w9" tab_id="w9:t1"
2026-07-02T14:54:23.911316Z  INFO herdr::logging: session saved event="persist.save" subsystem="persist" outcome="ok" path=C:\Users\rnldc_kvkk1y2\AppData\Roaming\herdr\session.json workspaces=4
2026-07-02T14:54:58.770682Z  INFO herdr::logging: tab focused event="tab.focus" subsystem="tab" outcome="ok" workspace_id="w9" tab_id="w9:t2"
2026-07-02T14:55:03.775484Z  INFO herdr::logging: session saved event="persist.save" subsystem="persist" outcome="ok" path=C:\Users\rnldc_kvkk1y2\AppData\Roaming\herdr\session.json workspaces=4
2026-07-02T15:12:47.647888Z  INFO herdr::logging: tab focused event="tab.focus" subsystem="tab" outcome="ok" workspace_id="w9" tab_id="w9:t1"
2026-07-02T15:12:52.653776Z  INFO herdr::logging: session saved event="persist.save" subsystem="persist" outcome="ok" path=C:\Users\rnldc_kvkk1y2\AppData\Roaming\herdr\session.json workspaces=4
2026-07-02T18:34:45.705581Z  INFO herdr::logging: tab focused event="tab.focus" subsystem="tab" outcome="ok" workspace_id="w9" tab_id="w9:t2"
2026-07-02T18:34:50.763558Z  INFO herdr::logging: session saved event="persist.save" subsystem="persist" outcome="ok" path=C:\Users\rnldc_kvkk1y2\AppData\Roaming\herdr\session.json workspaces=4
2026-07-02T18:35:08.661692Z  INFO herdr::server::headless: client disconnected client_id=2
2026-07-02T18:35:21.880361Z  INFO herdr::api::server: api server listening path=C:\Users\rnldc_kvkk1y2\AppData\Roaming\herdr\herdr.sock
2026-07-02T18:35:21.891687Z  INFO herdr::logging: spawning pane terminal event="pane.spawn.start" subsystem="pane" outcome="started" pane_id=1 rows=24 cols=80 scrollback_limit_bytes=10000000
2026-07-02T18:35:22.719882Z  INFO herdr::logging: pane child spawned event="pane.spawned" subsystem="pane" outcome="ok" pane_id=1 pid=22608
2026-07-02T18:35:22.722535Z  INFO herdr::logging: spawning pane terminal event="pane.spawn.start" subsystem="pane" outcome="started" pane_id=2 rows=24 cols=80 scrollback_limit_bytes=10000000
2026-07-02T18:35:22.736862Z  INFO herdr::logging: pane child spawned event="pane.spawned" subsystem="pane" outcome="ok" pane_id=2 pid=32028
2026-07-02T18:35:22.737604Z  INFO herdr::logging: spawning pane terminal event="pane.spawn.start" subsystem="pane" outcome="started" pane_id=3 rows=24 cols=80 scrollback_limit_bytes=10000000
2026-07-02T18:35:22.756857Z  INFO herdr::logging: pane child spawned event="pane.spawned" subsystem="pane" outcome="ok" pane_id=3 pid=21160
2026-07-02T18:35:22.757751Z  INFO herdr::logging: spawning pane terminal event="pane.spawn.start" subsystem="pane" outcome="started" pane_id=4 rows=24 cols=80 scrollback_limit_bytes=10000000
2026-07-02T18:35:22.776046Z  INFO herdr::logging: pane child spawned event="pane.spawned" subsystem="pane" outcome="ok" pane_id=4 pid=27832
2026-07-02T18:35:22.779471Z  INFO herdr::logging: spawning pane terminal event="pane.spawn.start" subsystem="pane" outcome="started" pane_id=5 rows=24 cols=80 scrollback_limit_bytes=10000000
2026-07-02T18:35:22.804991Z  INFO herdr::logging: pane child spawned event="pane.spawned" subsystem="pane" outcome="ok" pane_id=5 pid=29288
2026-07-02T18:35:22.809745Z  INFO herdr::logging: spawning pane terminal event="pane.spawn.start" subsystem="pane" outcome="started" pane_id=6 rows=24 cols=80 scrollback_limit_bytes=10000000
2026-07-02T18:35:22.846296Z  INFO herdr::logging: pane child spawned event="pane.spawned" subsystem="pane" outcome="ok" pane_id=6 pid=6236
2026-07-02T18:35:22.847762Z  INFO herdr::logging: spawning pane terminal event="pane.spawn.start" subsystem="pane" outcome="started" pane_id=7 rows=24 cols=80 scrollback_limit_bytes=10000000
2026-07-02T18:35:22.891122Z  INFO herdr::logging: pane child spawned event="pane.spawned" subsystem="pane" outcome="ok" pane_id=7 pid=25852
2026-07-02T18:35:22.894839Z  INFO herdr::logging: session restore evaluated event="persist.restore" subsystem="persist" outcome="ok" workspaces=4
2026-07-02T18:35:22.894947Z  INFO herdr::app: using pane scrollback configuration pane_scrollback_limit_bytes=10000000
2026-07-02T18:35:23.276101Z  INFO herdr::logging: checking for updates event="update.check.start" subsystem="update" outcome="started"
2026-07-02T18:35:23.281622Z  INFO herdr::server::headless: restored session already has workspaces; ignoring startup cwd cwd=C:\Users\rnldc_kvkk1y2
2026-07-02T18:35:23.302728Z  INFO herdr::server::headless: client protocol socket listening path=C:\Users\rnldc_kvkk1y2\AppData\Roaming\herdr\herdr-client.sock
2026-07-02T18:35:23.303894Z  INFO herdr::server::headless: herdr server started api_socket=C:\Users\rnldc_kvkk1y2\AppData\Roaming\herdr\herdr.sock client_socket=C:\Users\rnldc_kvkk1y2\AppData\Roaming\herdr\herdr-client.sock
2026-07-02T18:35:23.304004Z  INFO herdr::logging: herdr starting event="app.startup" subsystem="server" outcome="started" pid=32616
2026-07-02T18:35:23.336252Z  INFO herdr::server::headless: client connected client_id=2 cols=159 rows=38 cell_width_px=0 cell_height_px=0 render_encoding=SemanticFrame
2026-07-02T18:35:23.940614Z  INFO herdr::logging: update available event="update.available" subsystem="update" outcome="ok" version="0.7.1-preview.2026-06-30-3459798b606d"
2026-07-02T18:35:23.940653Z  INFO herdr::update: new preview build available at https://github.com/ogulcancelik/herdr/releases/download/preview-2026-06-30-3459798b606d/herdr-windows-x86_64.exe
2026-07-02T18:35:23.943602Z  INFO herdr::update: auto-update check: 0.7.1-preview.2026-06-30-3459798b606d available, waiting for explicit install
2026-07-02T18:37:51.263453Z  INFO herdr::server::headless: client resize client_id=2 cols=79 rows=38 cell_width_px=0 cell_height_px=0
2026-07-02T18:38:03.151841Z  INFO herdr::server::headless: client connected client_id=4 cols=79 rows=38 cell_width_px=0 cell_height_px=0 render_encoding=SemanticFrame
2026-07-02T18:38:07.321917Z  INFO herdr::server::headless: client disconnected client_id=2
2026-07-02T18:38:07.337243Z  INFO herdr::server::headless: server shutdown initiated
2026-07-02T18:38:59.913304Z  INFO herdr::api::server: api server listening path=C:\Users\rnldc_kvkk1y2\AppData\Roaming\herdr\herdr.sock
2026-07-02T18:38:59.916075Z  INFO herdr::logging: spawning pane terminal event="pane.spawn.start" subsystem="pane" outcome="started" pane_id=1 rows=24 cols=80 scrollback_limit_bytes=10000000
2026-07-02T18:39:01.082974Z  INFO herdr::logging: pane child spawned event="pane.spawned" subsystem="pane" outcome="ok" pane_id=1 pid=5792
2026-07-02T18:39:01.089120Z  INFO herdr::logging: spawning pane terminal event="pane.spawn.start" subsystem="pane" outcome="started" pane_id=2 rows=24 cols=80 scrollback_limit_bytes=10000000
2026-07-02T18:39:01.128620Z  INFO herdr::logging: pane child spawned event="pane.spawned" subsystem="pane" outcome="ok" pane_id=2 pid=22140
2026-07-02T18:39:01.130229Z  INFO herdr::logging: spawning pane terminal event="pane.spawn.start" subsystem="pane" outcome="started" pane_id=3 rows=24 cols=80 scrollback_limit_bytes=10000000
2026-07-02T18:39:01.175255Z  INFO herdr::logging: pane child spawned event="pane.spawned" subsystem="pane" outcome="ok" pane_id=3 pid=21104
2026-07-02T18:39:01.176514Z  INFO herdr::logging: spawning pane terminal event="pane.spawn.start" subsystem="pane" outcome="started" pane_id=4 rows=24 cols=80 scrollback_limit_bytes=10000000
2026-07-02T18:39:01.219375Z  INFO herdr::logging: pane child spawned event="pane.spawned" subsystem="pane" outcome="ok" pane_id=4 pid=28736
2026-07-02T18:39:01.223721Z  INFO herdr::logging: spawning pane terminal event="pane.spawn.start" subsystem="pane" outcome="started" pane_id=5 rows=24 cols=80 scrollback_limit_bytes=10000000
2026-07-02T18:39:01.273898Z  INFO herdr::logging: pane child spawned event="pane.spawned" subsystem="pane" outcome="ok" pane_id=5 pid=27356
2026-07-02T18:39:01.277227Z  INFO herdr::logging: spawning pane terminal event="pane.spawn.start" subsystem="pane" outcome="started" pane_id=6 rows=24 cols=80 scrollback_limit_bytes=10000000
2026-07-02T18:39:01.338529Z  INFO herdr::logging: pane child spawned event="pane.spawned" subsystem="pane" outcome="ok" pane_id=6 pid=18144
2026-07-02T18:39:01.340453Z  INFO herdr::logging: spawning pane terminal event="pane.spawn.start" subsystem="pane" outcome="started" pane_id=7 rows=24 cols=80 scrollback_limit_bytes=10000000
2026-07-02T18:39:01.418249Z  INFO herdr::logging: pane child spawned event="pane.spawned" subsystem="pane" outcome="ok" pane_id=7 pid=26040
2026-07-02T18:39:01.422945Z  INFO herdr::logging: session restore evaluated event="persist.restore" subsystem="persist" outcome="ok" workspaces=4
2026-07-02T18:39:01.423105Z  INFO herdr::app: using pane scrollback configuration pane_scrollback_limit_bytes=10000000
2026-07-02T18:39:02.047286Z  INFO herdr::logging: checking for updates event="update.check.start" subsystem="update" outcome="started"
2026-07-02T18:39:02.047412Z  INFO herdr::server::headless: restored session already has workspaces; ignoring startup cwd cwd=C:\Users\rnldc_kvkk1y2
2026-07-02T18:39:02.106565Z  INFO herdr::server::headless: client protocol socket listening path=C:\Users\rnldc_kvkk1y2\AppData\Roaming\herdr\herdr-client.sock
2026-07-02T18:39:02.116839Z  INFO herdr::server::headless: herdr server started api_socket=C:\Users\rnldc_kvkk1y2\AppData\Roaming\herdr\herdr.sock client_socket=C:\Users\rnldc_kvkk1y2\AppData\Roaming\herdr\herdr-client.sock
2026-07-02T18:39:02.156655Z  INFO herdr::logging: herdr starting event="app.startup" subsystem="server" outcome="started" pid=21164
2026-07-02T18:39:02.157137Z  INFO herdr::server::headless: client connected client_id=2 cols=159 rows=38 cell_width_px=0 cell_height_px=0 render_encoding=SemanticFrame
2026-07-02T18:39:02.760021Z  INFO herdr::logging: update available event="update.available" subsystem="update" outcome="ok" version="0.7.1-preview.2026-06-30-3459798b606d"
2026-07-02T18:39:02.760069Z  INFO herdr::update: new preview build available at https://github.com/ogulcancelik/herdr/releases/download/preview-2026-06-30-3459798b606d/herdr-windows-x86_64.exe
2026-07-02T18:39:02.762981Z  INFO herdr::update: auto-update check: 0.7.1-preview.2026-06-30-3459798b606d available, waiting for explicit install
2026-07-02T18:39:18.148188Z  INFO herdr::server::headless: client disconnected client_id=2
2026-07-02T18:39:18.150507Z  INFO herdr::server::headless: server shutdown initiated
2026-07-02T18:39:26.470129Z  INFO herdr::api::server: api server listening path=C:\Users\rnldc_kvkk1y2\AppData\Roaming\herdr\herdr.sock
2026-07-02T18:39:26.471945Z  INFO herdr::logging: spawning pane terminal event="pane.spawn.start" subsystem="pane" outcome="started" pane_id=1 rows=24 cols=80 scrollback_limit_bytes=10000000
2026-07-02T18:39:27.403794Z  INFO herdr::logging: pane child spawned event="pane.spawned" subsystem="pane" outcome="ok" pane_id=1 pid=29796
2026-07-02T18:39:27.406878Z  INFO herdr::logging: spawning pane terminal event="pane.spawn.start" subsystem="pane" outcome="started" pane_id=2 rows=24 cols=80 scrollback_limit_bytes=10000000
2026-07-02T18:39:27.427779Z  INFO herdr::logging: pane child spawned event="pane.spawned" subsystem="pane" outcome="ok" pane_id=2 pid=19344
2026-07-02T18:39:27.428959Z  INFO herdr::logging: spawning pane terminal event="pane.spawn.start" subsystem="pane" outcome="started" pane_id=3 rows=24 cols=80 scrollback_limit_bytes=10000000
2026-07-02T18:39:27.450627Z  INFO herdr::logging: pane child spawned event="pane.spawned" subsystem="pane" outcome="ok" pane_id=3 pid=26136
2026-07-02T18:39:27.451798Z  INFO herdr::logging: spawning pane terminal event="pane.spawn.start" subsystem="pane" outcome="started" pane_id=4 rows=24 cols=80 scrollback_limit_bytes=10000000
2026-07-02T18:39:27.471791Z  INFO herdr::logging: pane child spawned event="pane.spawned" subsystem="pane" outcome="ok" pane_id=4 pid=28896
2026-07-02T18:39:27.475236Z  INFO herdr::logging: spawning pane terminal event="pane.spawn.start" subsystem="pane" outcome="started" pane_id=5 rows=24 cols=80 scrollback_limit_bytes=10000000
2026-07-02T18:39:27.502314Z  INFO herdr::logging: pane child spawned event="pane.spawned" subsystem="pane" outcome="ok" pane_id=5 pid=16600
2026-07-02T18:39:27.505964Z  INFO herdr::logging: spawning pane terminal event="pane.spawn.start" subsystem="pane" outcome="started" pane_id=6 rows=24 cols=80 scrollback_limit_bytes=10000000
2026-07-02T18:39:27.533815Z  INFO herdr::logging: pane child spawned event="pane.spawned" subsystem="pane" outcome="ok" pane_id=6 pid=31076
2026-07-02T18:39:27.535366Z  INFO herdr::logging: spawning pane terminal event="pane.spawn.start" subsystem="pane" outcome="started" pane_id=7 rows=24 cols=80 scrollback_limit_bytes=10000000
2026-07-02T18:39:27.567397Z  INFO herdr::logging: pane child spawned event="pane.spawned" subsystem="pane" outcome="ok" pane_id=7 pid=31600
2026-07-02T18:39:27.571565Z  INFO herdr::logging: session restore evaluated event="persist.restore" subsystem="persist" outcome="ok" workspaces=4
2026-07-02T18:39:27.571679Z  INFO herdr::app: using pane scrollback configuration pane_scrollback_limit_bytes=10000000
2026-07-02T18:39:27.957070Z  INFO herdr::logging: checking for updates event="update.check.start" subsystem="update" outcome="started"
2026-07-02T18:39:27.959455Z  INFO herdr::server::headless: restored session already has workspaces; ignoring startup cwd cwd=C:\Users\rnldc_kvkk1y2
2026-07-02T18:39:27.985744Z  INFO herdr::server::headless: client protocol socket listening path=C:\Users\rnldc_kvkk1y2\AppData\Roaming\herdr\herdr-client.sock
2026-07-02T18:39:27.987510Z  INFO herdr::server::headless: herdr server started api_socket=C:\Users\rnldc_kvkk1y2\AppData\Roaming\herdr\herdr.sock client_socket=C:\Users\rnldc_kvkk1y2\AppData\Roaming\herdr\herdr-client.sock
2026-07-02T18:39:27.987651Z  INFO herdr::logging: herdr starting event="app.startup" subsystem="server" outcome="started" pid=22820
2026-07-02T18:39:28.048725Z  INFO herdr::server::headless: client connected client_id=2 cols=159 rows=38 cell_width_px=0 cell_height_px=0 render_encoding=SemanticFrame
2026-07-02T18:39:28.565095Z  INFO herdr::logging: update available event="update.available" subsystem="update" outcome="ok" version="0.7.1-preview.2026-06-30-3459798b606d"
2026-07-02T18:39:28.565144Z  INFO herdr::update: new preview build available at https://github.com/ogulcancelik/herdr/releases/download/preview-2026-06-30-3459798b606d/herdr-windows-x86_64.exe
2026-07-02T18:39:28.568773Z  INFO herdr::update: auto-update check: 0.7.1-preview.2026-06-30-3459798b606d available, waiting for explicit install
2026-07-02T18:39:41.462433Z  INFO herdr::server::headless: client disconnected client_id=2
2026-07-02T18:39:41.465814Z  INFO herdr::server::headless: server shutdown initiated
2026-07-02T18:40:43.050323Z  INFO herdr::api::server: api server listening path=C:\Users\rnldc_kvkk1y2\AppData\Roaming\herdr\herdr.sock
2026-07-02T18:40:43.052164Z  INFO herdr::logging: spawning pane terminal event="pane.spawn.start" subsystem="pane" outcome="started" pane_id=1 rows=24 cols=80 scrollback_limit_bytes=10000000
2026-07-02T18:40:43.970040Z  INFO herdr::logging: pane child spawned event="pane.spawned" subsystem="pane" outcome="ok" pane_id=1 pid=27660
2026-07-02T18:40:43.972028Z  INFO herdr::logging: spawning pane terminal event="pane.spawn.start" subsystem="pane" outcome="started" pane_id=2 rows=24 cols=80 scrollback_limit_bytes=10000000
2026-07-02T18:40:43.987334Z  INFO herdr::logging: pane child spawned event="pane.spawned" subsystem="pane" outcome="ok" pane_id=2 pid=31392
2026-07-02T18:40:43.988253Z  INFO herdr::logging: spawning pane terminal event="pane.spawn.start" subsystem="pane" outcome="started" pane_id=3 rows=24 cols=80 scrollback_limit_bytes=10000000
2026-07-02T18:40:44.003134Z  INFO herdr::logging: pane child spawned event="pane.spawned" subsystem="pane" outcome="ok" pane_id=3 pid=32328
2026-07-02T18:40:44.004007Z  INFO herdr::logging: spawning pane terminal event="pane.spawn.start" subsystem="pane" outcome="started" pane_id=4 rows=24 cols=80 scrollback_limit_bytes=10000000
2026-07-02T18:40:44.021984Z  INFO herdr::logging: pane child spawned event="pane.spawned" subsystem="pane" outcome="ok" pane_id=4 pid=31592
2026-07-02T18:40:44.025728Z  INFO herdr::logging: spawning pane terminal event="pane.spawn.start" subsystem="pane" outcome="started" pane_id=5 rows=24 cols=80 scrollback_limit_bytes=10000000
2026-07-02T18:40:44.046817Z  INFO herdr::logging: pane child spawned event="pane.spawned" subsystem="pane" outcome="ok" pane_id=5 pid=18416
2026-07-02T18:40:44.050115Z  INFO herdr::logging: spawning pane terminal event="pane.spawn.start" subsystem="pane" outcome="started" pane_id=6 rows=24 cols=80 scrollback_limit_bytes=10000000
2026-07-02T18:40:44.084269Z  INFO herdr::logging: pane child spawned event="pane.spawned" subsystem="pane" outcome="ok" pane_id=6 pid=22160
2026-07-02T18:40:44.085674Z  INFO herdr::logging: spawning pane terminal event="pane.spawn.start" subsystem="pane" outcome="started" pane_id=7 rows=24 cols=80 scrollback_limit_bytes=10000000
2026-07-02T18:40:44.119833Z  INFO herdr::logging: pane child spawned event="pane.spawned" subsystem="pane" outcome="ok" pane_id=7 pid=27884
2026-07-02T18:40:44.123108Z  INFO herdr::logging: session restore evaluated event="persist.restore" subsystem="persist" outcome="ok" workspaces=4
2026-07-02T18:40:44.123212Z  INFO herdr::app: using pane scrollback configuration pane_scrollback_limit_bytes=10000000
2026-07-02T18:40:44.551318Z  INFO herdr::logging: checking for updates event="update.check.start" subsystem="update" outcome="started"
2026-07-02T18:40:44.554330Z  INFO herdr::server::headless: restored session already has workspaces; ignoring startup cwd cwd=C:\Users\rnldc_kvkk1y2
2026-07-02T18:40:44.578601Z  INFO herdr::server::headless: client protocol socket listening path=C:\Users\rnldc_kvkk1y2\AppData\Roaming\herdr\herdr-client.sock
2026-07-02T18:40:44.581825Z  INFO herdr::server::headless: herdr server started api_socket=C:\Users\rnldc_kvkk1y2\AppData\Roaming\herdr\herdr.sock client_socket=C:\Users\rnldc_kvkk1y2\AppData\Roaming\herdr\herdr-client.sock
2026-07-02T18:40:44.581945Z  INFO herdr::logging: herdr starting event="app.startup" subsystem="server" outcome="started" pid=11552
2026-07-02T18:40:44.637900Z  INFO herdr::server::headless: client connected client_id=2 cols=159 rows=38 cell_width_px=0 cell_height_px=0 render_encoding=SemanticFrame
2026-07-02T18:40:45.393597Z  INFO herdr::logging: update available event="update.available" subsystem="update" outcome="ok" version="0.7.1-preview.2026-06-30-3459798b606d"
2026-07-02T18:40:45.393637Z  INFO herdr::update: new preview build available at https://github.com/ogulcancelik/herdr/releases/download/preview-2026-06-30-3459798b606d/herdr-windows-x86_64.exe
2026-07-02T18:40:45.396464Z  INFO herdr::update: auto-update check: 0.7.1-preview.2026-06-30-3459798b606d available, waiting for explicit install
2026-07-02T18:40:54.658211Z  INFO herdr::logging: spawning pane terminal event="pane.spawn.start" subsystem="pane" outcome="started" pane_id=8 rows=37 cols=133 scrollback_limit_bytes=10000000
2026-07-02T18:40:54.673122Z  INFO herdr::logging: pane child spawned event="pane.spawned" subsystem="pane" outcome="ok" pane_id=8 pid=24600
2026-07-02T18:40:54.673301Z  INFO herdr::logging: tab focused event="tab.focus" subsystem="tab" outcome="ok" workspace_id="w9" tab_id="w9:t3"
2026-07-02T18:40:54.673324Z  INFO herdr::logging: tab created event="tab.create" subsystem="tab" outcome="ok" workspace_id="w9" tab_id="w9:t3" pane_id=8
2026-07-02T18:40:59.692370Z  INFO herdr::logging: session saved event="persist.save" subsystem="persist" outcome="ok" path=C:\Users\rnldc_kvkk1y2\AppData\Roaming\herdr\session.json workspaces=4
2026-07-02T18:41:35.507180Z  INFO herdr::logging: tab focused event="tab.focus" subsystem="tab" outcome="ok" workspace_id="w9" tab_id="w9:t2"
2026-07-02T18:41:43.345713Z  INFO herdr::logging: spawning pane terminal event="pane.spawn.start" subsystem="pane" outcome="started" pane_id=9 rows=37 cols=133 scrollback_limit_bytes=10000000
2026-07-02T18:41:43.361379Z  INFO herdr::logging: pane child spawned event="pane.spawned" subsystem="pane" outcome="ok" pane_id=9 pid=23248
2026-07-02T18:41:43.361561Z  INFO herdr::logging: tab focused event="tab.focus" subsystem="tab" outcome="ok" workspace_id="w9" tab_id="w9:t4"
2026-07-02T18:41:43.361576Z  INFO herdr::logging: tab created event="tab.create" subsystem="tab" outcome="ok" workspace_id="w9" tab_id="w9:t4" pane_id=9
2026-07-02T18:41:44.035915Z  INFO herdr::pane: pane session terminated pane=7 pid=27884 signal=Hangup
2026-07-02T18:41:44.055664Z  INFO herdr::logging: pane child exited event="pane.exit" subsystem="pane" outcome="completed" pane_id=7 status="ExitStatus { code: 3221225786, signal: None }"
2026-07-02T18:41:44.061130Z  INFO herdr::pane: pane session terminated pane=6 pid=22160 signal=Hangup
2026-07-02T18:41:44.061479Z  WARN herdr::app::actions: PaneDied for unknown pane pane=7
2026-07-02T18:41:44.074017Z  INFO herdr::logging: pane child exited event="pane.exit" subsystem="pane" outcome="completed" pane_id=6 status="ExitStatus { code: 3221225786, signal: None }"
2026-07-02T18:41:44.074114Z  WARN herdr::app::actions: PaneDied for unknown pane pane=6
2026-07-02T18:41:52.194362Z  INFO herdr::logging: session saved event="persist.save" subsystem="persist" outcome="ok" path=C:\Users\rnldc_kvkk1y2\AppData\Roaming\herdr\session.json workspaces=4
2026-07-02T19:10:55.124131Z  INFO herdr::pane: pane session terminated pane=9 pid=23248 signal=Kill
2026-07-02T19:10:55.138819Z  INFO herdr::logging: pane child exited event="pane.exit" subsystem="pane" outcome="completed" pane_id=9 status="ExitStatus { code: 3221225786, signal: None }"
2026-07-02T19:10:55.138943Z  WARN herdr::app::actions: PaneDied for unknown pane pane=9
2026-07-02T21:49:07.983566Z  WARN herdr::detect::manifest_update: agent detection manifest update failed: failed to fetch https://herdr.dev/agent-detection/index.toml
2026-07-02T22:19:06.619739Z  WARN herdr::detect::manifest_update: agent detection manifest update failed: failed to fetch https://herdr.dev/agent-detection/index.toml
2026-07-02T23:49:50.929644Z  WARN herdr::detect::manifest_update: agent detection manifest update failed: failed to fetch https://herdr.dev/agent-detection/index.toml
2026-07-03T01:50:52.174531Z  WARN herdr::detect::manifest_update: agent detection manifest update failed: failed to fetch https://herdr.dev/agent-detection/index.toml
2026-07-03T02:21:06.786831Z  WARN herdr::detect::manifest_update: agent detection manifest update failed: failed to fetch https://herdr.dev/agent-detection/index.toml
2026-07-03T02:51:06.772000Z  WARN herdr::detect::manifest_update: agent detection manifest update failed: failed to fetch https://herdr.dev/agent-detection/index.toml
2026-07-03T03:51:54.618880Z  WARN herdr::detect::manifest_update: agent detection manifest update failed: failed to fetch https://herdr.dev/agent-detection/index.toml
2026-07-03T12:22:15.358655Z  INFO herdr::server::headless: client resize client_id=2 cols=79 rows=38 cell_width_px=0 cell_height_px=0
2026-07-03T12:22:35.056880Z  INFO herdr::server::headless: client resize client_id=2 cols=159 rows=38 cell_width_px=0 cell_height_px=0
2026-07-03T12:22:42.997976Z  INFO herdr::server::headless: client resize client_id=2 cols=79 rows=38 cell_width_px=0 cell_height_px=0
2026-07-03T12:22:46.214733Z  INFO herdr::server::headless: client resize client_id=2 cols=159 rows=38 cell_width_px=0 cell_height_px=0
2026-07-03T15:46:34.648546Z  INFO herdr::api::server: api server listening path=C:\Users\rnldc_kvkk1y2\AppData\Roaming\herdr\herdr.sock
2026-07-03T15:46:34.661019Z  INFO herdr::logging: spawning pane terminal event="pane.spawn.start" subsystem="pane" outcome="started" pane_id=1 rows=24 cols=80 scrollback_limit_bytes=10000000
2026-07-03T15:46:35.900740Z  INFO herdr::logging: pane child spawned event="pane.spawned" subsystem="pane" outcome="ok" pane_id=1 pid=4612
2026-07-03T15:46:35.928411Z  INFO herdr::logging: spawning pane terminal event="pane.spawn.start" subsystem="pane" outcome="started" pane_id=2 rows=24 cols=80 scrollback_limit_bytes=10000000
2026-07-03T15:46:35.945335Z  INFO herdr::logging: pane child spawned event="pane.spawned" subsystem="pane" outcome="ok" pane_id=2 pid=1428
2026-07-03T15:46:35.946275Z  INFO herdr::logging: spawning pane terminal event="pane.spawn.start" subsystem="pane" outcome="started" pane_id=3 rows=24 cols=80 scrollback_limit_bytes=10000000
2026-07-03T15:46:35.966328Z  INFO herdr::logging: pane child spawned event="pane.spawned" subsystem="pane" outcome="ok" pane_id=3 pid=3756
2026-07-03T15:46:35.967975Z  INFO herdr::logging: spawning pane terminal event="pane.spawn.start" subsystem="pane" outcome="started" pane_id=4 rows=24 cols=80 scrollback_limit_bytes=10000000
2026-07-03T15:46:35.993133Z  INFO herdr::logging: pane child spawned event="pane.spawned" subsystem="pane" outcome="ok" pane_id=4 pid=21484
2026-07-03T15:46:36.013582Z  INFO herdr::logging: spawning pane terminal event="pane.spawn.start" subsystem="pane" outcome="started" pane_id=5 rows=24 cols=80 scrollback_limit_bytes=10000000
2026-07-03T15:46:36.040885Z  INFO herdr::logging: pane child spawned event="pane.spawned" subsystem="pane" outcome="ok" pane_id=5 pid=15948
2026-07-03T15:46:36.044421Z  INFO herdr::logging: spawning pane terminal event="pane.spawn.start" subsystem="pane" outcome="started" pane_id=6 rows=24 cols=80 scrollback_limit_bytes=10000000
2026-07-03T15:46:36.078884Z  INFO herdr::logging: pane child spawned event="pane.spawned" subsystem="pane" outcome="ok" pane_id=6 pid=17584
2026-07-03T15:46:36.105053Z  INFO herdr::logging: session restore evaluated event="persist.restore" subsystem="persist" outcome="ok" workspaces=4
2026-07-03T15:46:36.105165Z  INFO herdr::app: using pane scrollback configuration pane_scrollback_limit_bytes=10000000
2026-07-03T15:46:36.864638Z  INFO herdr::logging: checking for updates event="update.check.start" subsystem="update" outcome="started"
2026-07-03T15:46:36.864665Z  INFO herdr::server::headless: restored session already has workspaces; ignoring startup cwd cwd=C:\Users\rnldc_kvkk1y2
2026-07-03T15:46:36.883722Z  INFO herdr::server::headless: client protocol socket listening path=C:\Users\rnldc_kvkk1y2\AppData\Roaming\herdr\herdr-client.sock
2026-07-03T15:46:36.884674Z  INFO herdr::server::headless: herdr server started api_socket=C:\Users\rnldc_kvkk1y2\AppData\Roaming\herdr\herdr.sock client_socket=C:\Users\rnldc_kvkk1y2\AppData\Roaming\herdr\herdr-client.sock
2026-07-03T15:46:36.884951Z  INFO herdr::logging: herdr starting event="app.startup" subsystem="server" outcome="started" pid=14300
2026-07-03T15:46:36.893254Z  INFO herdr::server::headless: client connected client_id=2 cols=159 rows=38 cell_width_px=0 cell_height_px=0 render_encoding=SemanticFrame
2026-07-03T15:46:38.479942Z  INFO herdr::logging: update available event="update.available" subsystem="update" outcome="ok" version="0.7.1-preview.2026-06-30-3459798b606d"
2026-07-03T15:46:38.479984Z  INFO herdr::update: new preview build available at https://github.com/ogulcancelik/herdr/releases/download/preview-2026-06-30-3459798b606d/herdr-windows-x86_64.exe
2026-07-03T15:46:38.483067Z  INFO herdr::update: auto-update check: 0.7.1-preview.2026-06-30-3459798b606d available, waiting for explicit install
2026-07-03T15:46:59.975180Z  INFO herdr::logging: spawning pane terminal event="pane.spawn.start" subsystem="pane" outcome="started" pane_id=7 rows=37 cols=133 scrollback_limit_bytes=10000000
2026-07-03T15:46:59.993721Z  INFO herdr::logging: pane child spawned event="pane.spawned" subsystem="pane" outcome="ok" pane_id=7 pid=12544
2026-07-03T15:46:59.994225Z  INFO herdr::logging: tab focused event="tab.focus" subsystem="tab" outcome="ok" workspace_id="w9" tab_id="w9:t5"
2026-07-03T15:46:59.994263Z  INFO herdr::logging: tab created event="tab.create" subsystem="tab" outcome="ok" workspace_id="w9" tab_id="w9:t5" pane_id=7
2026-07-03T15:47:05.010735Z  INFO herdr::logging: session saved event="persist.save" subsystem="persist" outcome="ok" path=C:\Users\rnldc_kvkk1y2\AppData\Roaming\herdr\session.json workspaces=4
2026-07-03T15:48:19.308109Z  INFO herdr::logging: tab focused event="tab.focus" subsystem="tab" outcome="ok" workspace_id="w9" tab_id="w9:t3"
2026-07-03T15:48:26.284877Z  INFO herdr::logging: session saved event="persist.save" subsystem="persist" outcome="ok" path=C:\Users\rnldc_kvkk1y2\AppData\Roaming\herdr\session.json workspaces=4
