2026-07-22T19:38:13.747036Z  INFO herdr::api::server: api server listening path=/home/Ronaldcdz/.config/herdr/herdr.sock
2026-07-22T19:38:13.749362Z  INFO herdr::app: using pane scrollback configuration pane_scrollback_limit_bytes=10000000
2026-07-22T19:38:13.793438Z  INFO herdr::logging: checking for updates event="update.check.start" subsystem="update" outcome="started"
2026-07-22T19:38:13.795727Z  INFO herdr::logging: spawning pane terminal event="pane.spawn.start" subsystem="pane" outcome="started" pane_id=1 rows=24 cols=80 scrollback_limit_bytes=10000000
2026-07-22T19:38:13.796604Z  INFO herdr::logging: pane child spawned event="pane.spawned" subsystem="pane" outcome="ok" pane_id=1 pid=16560
2026-07-22T19:38:13.796851Z  INFO herdr::logging: workspace created event="workspace.create" subsystem="workspace" outcome="ok" workspace_id="w1" pane_id=1
2026-07-22T19:38:13.796874Z  INFO herdr::logging: workspace focused event="workspace.focus" subsystem="workspace" outcome="ok" workspace_id="w1"
2026-07-22T19:38:13.796887Z  INFO herdr::logging: tab focused event="tab.focus" subsystem="tab" outcome="ok" workspace_id="w1" tab_id="w1:t1"
2026-07-22T19:38:13.796908Z  INFO herdr::server::headless: created startup workspace cwd=/home/Ronaldcdz
2026-07-22T19:38:13.796973Z  INFO herdr::server::headless: client protocol socket listening path=/home/Ronaldcdz/.config/herdr/herdr-client.sock
2026-07-22T19:38:13.796994Z  INFO herdr::server::headless: herdr server started api_socket=/home/Ronaldcdz/.config/herdr/herdr.sock client_socket=/home/Ronaldcdz/.config/herdr/herdr-client.sock
2026-07-22T19:38:13.797280Z  INFO herdr::logging: herdr starting event="app.startup" subsystem="server" outcome="started" pid=16540
2026-07-22T19:38:13.924603Z  INFO herdr::server::headless: client connected client_id=2 cols=191 rows=48 cell_width_px=0 cell_height_px=0 render_encoding=SemanticFrame
2026-07-22T19:38:18.799477Z  INFO herdr::logging: session saved event="persist.save" subsystem="persist" outcome="ok" path=/home/Ronaldcdz/.config/herdr/session.json workspaces=1
2026-07-22T19:38:49.310800Z  INFO herdr::logging: pane child exited event="pane.exit" subsystem="pane" outcome="completed" pane_id=1 status="ExitStatus { code: 130, signal: None }"
2026-07-22T19:38:49.311968Z  INFO herdr::pane: pane session terminated pane=1 pid=16560 signal=Hangup
2026-07-22T19:38:49.312070Z  INFO herdr::logging: spawning pane terminal event="pane.spawn.start" subsystem="pane" outcome="started" pane_id=2 rows=47 cols=165 scrollback_limit_bytes=10000000
2026-07-22T19:38:49.313245Z  INFO herdr::logging: pane child spawned event="pane.spawned" subsystem="pane" outcome="ok" pane_id=2 pid=16802
2026-07-22T19:38:49.313401Z  INFO herdr::logging: workspace created event="workspace.create" subsystem="workspace" outcome="ok" workspace_id="w2" pane_id=2
2026-07-22T19:38:49.313411Z  INFO herdr::logging: workspace focused event="workspace.focus" subsystem="workspace" outcome="ok" workspace_id="w2"
2026-07-22T19:38:49.313489Z  INFO herdr::logging: tab focused event="tab.focus" subsystem="tab" outcome="ok" workspace_id="w2" tab_id="w2:t1"
2026-07-22T19:38:54.329453Z  INFO herdr::logging: session saved event="persist.save" subsystem="persist" outcome="ok" path=/home/Ronaldcdz/.config/herdr/session.json workspaces=1
2026-07-22T19:38:59.640298Z  INFO herdr::server::headless: client detach requested via keybind client_id=2
2026-07-22T19:38:59.647150Z  INFO herdr::server::headless: client disconnected client_id=2
2026-07-22T19:43:15.452977Z  INFO herdr::server::headless: client connected client_id=4 cols=191 rows=48 cell_width_px=0 cell_height_px=0 render_encoding=SemanticFrame
2026-07-22T19:43:40.283976Z  INFO herdr::server::headless: client detach requested via keybind client_id=4
2026-07-22T19:43:40.290119Z  INFO herdr::server::headless: client disconnected client_id=4
2026-07-22T19:44:19.746874Z  INFO herdr::server::headless: client connected client_id=6 cols=191 rows=48 cell_width_px=0 cell_height_px=0 render_encoding=SemanticFrame
2026-07-22T19:44:25.789478Z  INFO herdr::server::headless: client detach requested via keybind client_id=6
2026-07-22T19:44:25.792282Z  INFO herdr::server::headless: client disconnected client_id=6
2026-07-22T19:47:47.971280Z  INFO herdr::logging: api request received event="api.request.start" subsystem="api" outcome="started" request_id="cli:server:reload-config" method="server.reload_config" changes_ui=true
2026-07-22T19:47:47.973002Z  INFO herdr::logging: api request completed event="api.request.complete" subsystem="api" outcome="ok" request_id="cli:server:reload-config" method="server.reload_config"
2026-07-22T19:48:29.672577Z  INFO herdr::server::headless: client connected client_id=8 cols=191 rows=48 cell_width_px=0 cell_height_px=0 render_encoding=SemanticFrame
2026-07-22T19:49:07.715133Z  INFO herdr::server::headless: client detach requested via keybind client_id=8
2026-07-22T19:49:07.726065Z  INFO herdr::server::headless: client disconnected client_id=8
2026-07-22T19:51:10.843091Z  INFO herdr::server::headless: client connected client_id=10 cols=191 rows=48 cell_width_px=0 cell_height_px=0 render_encoding=SemanticFrame
2026-07-22T19:54:45.762310Z  INFO herdr::server::headless: client disconnected client_id=10
2026-07-22T19:54:47.772434Z  INFO herdr::server::headless: client connected client_id=12 cols=79 rows=28 cell_width_px=0 cell_height_px=0 render_encoding=SemanticFrame
2026-07-22T19:54:47.874527Z  INFO herdr::server::headless: client resize client_id=12 cols=191 rows=48 cell_width_px=0 cell_height_px=0
2026-07-22T19:55:00.197213Z  INFO herdr::logging: workspace renamed event="workspace.rename" subsystem="workspace" outcome="ok" workspace_id="w2"
2026-07-22T19:55:05.199329Z  INFO herdr::logging: session saved event="persist.save" subsystem="persist" outcome="ok" path=/home/Ronaldcdz/.config/herdr/session.json workspaces=1
2026-07-22T20:08:13.794480Z  INFO herdr::logging: checking for updates event="update.check.start" subsystem="update" outcome="started"
2026-07-22T20:09:02.441108Z  WARN herdr::detect::manifest_update: agent detection manifest update failed for agent agent="agy" error=fetch failed: failed to fetch https://herdr.dev/agent-detection/antigravity.toml
2026-07-22T20:28:04.307123Z  INFO herdr::logging: tab renamed event="tab.rename" subsystem="tab" outcome="ok" workspace_id="w2" tab_id="w2:t1"
2026-07-22T20:28:09.021616Z  INFO herdr::logging: spawning pane terminal event="pane.spawn.start" subsystem="pane" outcome="started" pane_id=3 rows=47 cols=165 scrollback_limit_bytes=10000000
2026-07-22T20:28:09.022901Z  INFO herdr::logging: pane child spawned event="pane.spawned" subsystem="pane" outcome="ok" pane_id=3 pid=23268
2026-07-22T20:28:09.023039Z  INFO herdr::logging: tab renamed event="tab.rename" subsystem="tab" outcome="ok" workspace_id="w2" tab_id="w2:t2"
2026-07-22T20:28:09.023062Z  INFO herdr::logging: tab focused event="tab.focus" subsystem="tab" outcome="ok" workspace_id="w2" tab_id="w2:t2"
2026-07-22T20:28:14.026438Z  INFO herdr::logging: session saved event="persist.save" subsystem="persist" outcome="ok" path=/home/Ronaldcdz/.config/herdr/session.json workspaces=1
2026-07-22T20:28:14.058180Z  INFO herdr::logging: tab renamed event="tab.rename" subsystem="tab" outcome="ok" workspace_id="w2" tab_id="w2:t2"
2026-07-22T20:28:19.060938Z  INFO herdr::logging: session saved event="persist.save" subsystem="persist" outcome="ok" path=/home/Ronaldcdz/.config/herdr/session.json workspaces=1
2026-07-22T20:29:23.191351Z  INFO herdr::logging: tab focused event="tab.focus" subsystem="tab" outcome="ok" workspace_id="w2" tab_id="w2:t1"
2026-07-22T20:29:28.196197Z  INFO herdr::logging: session saved event="persist.save" subsystem="persist" outcome="ok" path=/home/Ronaldcdz/.config/herdr/session.json workspaces=1
2026-07-22T20:38:13.795432Z  INFO herdr::logging: checking for updates event="update.check.start" subsystem="update" outcome="started"
2026-07-22T20:41:58.881870Z  INFO herdr::logging: tab focused event="tab.focus" subsystem="tab" outcome="ok" workspace_id="w2" tab_id="w2:t2"
2026-07-22T20:42:03.887028Z  INFO herdr::logging: session saved event="persist.save" subsystem="persist" outcome="ok" path=/home/Ronaldcdz/.config/herdr/session.json workspaces=1
2026-07-22T20:51:46.815708Z  INFO herdr::server::headless: client resize client_id=12 cols=191 rows=49 cell_width_px=0 cell_height_px=0
2026-07-23T12:11:17.957017Z  INFO herdr::server::headless: client resize client_id=12 cols=191 rows=48 cell_width_px=0 cell_height_px=0
2026-07-23T12:11:39.684508Z  INFO herdr::server::headless: client resize client_id=12 cols=191 rows=49 cell_width_px=0 cell_height_px=0
2026-07-23T12:11:41.386003Z  INFO herdr::server::headless: client resize client_id=12 cols=191 rows=48 cell_width_px=0 cell_height_px=0
2026-07-23T12:18:11.453563Z  INFO herdr::app::actions: copied selection to clipboard
2026-07-23T12:21:38.408537Z  INFO herdr::app::actions: copied selection to clipboard
2026-07-23T12:22:09.523462Z  INFO herdr::server::headless: client disconnected client_id=12
2026-07-23T12:24:39.645789Z  INFO herdr::api::server: api server listening path=/home/Ronaldcdz/.config/herdr/herdr.sock
2026-07-23T12:24:39.647079Z  INFO herdr::logging: spawning pane terminal event="pane.spawn.start" subsystem="pane" outcome="started" pane_id=1 rows=24 cols=80 scrollback_limit_bytes=10000000
2026-07-23T12:24:39.647928Z  INFO herdr::logging: pane child spawned event="pane.spawned" subsystem="pane" outcome="ok" pane_id=1 pid=3002
2026-07-23T12:24:39.648186Z  INFO herdr::logging: spawning pane terminal event="pane.spawn.start" subsystem="pane" outcome="started" pane_id=2 rows=24 cols=80 scrollback_limit_bytes=10000000
2026-07-23T12:24:39.648963Z  INFO herdr::logging: pane child spawned event="pane.spawned" subsystem="pane" outcome="ok" pane_id=2 pid=3005
2026-07-23T12:24:39.649178Z  INFO herdr::logging: session restore evaluated event="persist.restore" subsystem="persist" outcome="ok" workspaces=1
2026-07-23T12:24:39.649191Z  INFO herdr::app: using pane scrollback configuration pane_scrollback_limit_bytes=10000000
2026-07-23T12:24:39.727826Z  INFO herdr::logging: checking for updates event="update.check.start" subsystem="update" outcome="started"
2026-07-23T12:24:39.730353Z  INFO herdr::server::headless: restored session already has workspaces; ignoring startup cwd cwd=/home/Ronaldcdz
2026-07-23T12:24:39.730485Z  INFO herdr::server::headless: client protocol socket listening path=/home/Ronaldcdz/.config/herdr/herdr-client.sock
2026-07-23T12:24:39.730511Z  INFO herdr::server::headless: herdr server started api_socket=/home/Ronaldcdz/.config/herdr/herdr.sock client_socket=/home/Ronaldcdz/.config/herdr/herdr-client.sock
2026-07-23T12:24:39.730835Z  INFO herdr::logging: herdr starting event="app.startup" subsystem="server" outcome="started" pid=2988
2026-07-23T12:24:39.762704Z  INFO herdr::server::headless: client connected client_id=2 cols=191 rows=48 cell_width_px=0 cell_height_px=0 render_encoding=SemanticFrame
2026-07-23T12:54:39.729090Z  INFO herdr::logging: checking for updates event="update.check.start" subsystem="update" outcome="started"
2026-07-23T13:10:59.164952Z  INFO herdr::logging: tab focused event="tab.focus" subsystem="tab" outcome="ok" workspace_id="w2" tab_id="w2:t1"
2026-07-23T13:11:04.167815Z  INFO herdr::logging: session saved event="persist.save" subsystem="persist" outcome="ok" path=/home/Ronaldcdz/.config/herdr/session.json workspaces=1
2026-07-23T13:11:31.030645Z  INFO herdr::server::headless: client disconnected client_id=2
2026-07-23T13:11:33.546812Z  INFO herdr::server::headless: client connected client_id=4 cols=191 rows=48 cell_width_px=0 cell_height_px=0 render_encoding=SemanticFrame
2026-07-23T13:23:34.443631Z  INFO herdr::app::actions: copied selection to clipboard
2026-07-23T13:24:39.730299Z  INFO herdr::logging: checking for updates event="update.check.start" subsystem="update" outcome="started"
2026-07-23T13:26:02.791764Z  INFO herdr::app::actions: copied selection to clipboard
2026-07-23T13:28:26.628586Z  INFO herdr::logging: workspace renamed event="workspace.rename" subsystem="workspace" outcome="ok" workspace_id="w2"
2026-07-23T13:28:31.630620Z  INFO herdr::logging: session saved event="persist.save" subsystem="persist" outcome="ok" path=/home/Ronaldcdz/.config/herdr/session.json workspaces=1
2026-07-23T13:28:49.256855Z  INFO herdr::app::actions: copied selection to clipboard
2026-07-23T13:49:53.045928Z  INFO herdr::logging: tab focused event="tab.focus" subsystem="tab" outcome="ok" workspace_id="w2" tab_id="w2:t2"
2026-07-23T13:49:54.908422Z  INFO herdr::logging: pane child exited event="pane.exit" subsystem="pane" outcome="completed" pane_id=2 status="ExitStatus { code: 1, signal: Some(\"Hangup\") }"
2026-07-23T13:49:54.930519Z  INFO herdr::pane: pane session terminated pane=2 pid=3005 signal=Hangup
2026-07-23T13:49:54.935096Z  WARN herdr::app::actions: PaneDied for unknown pane pane=2
2026-07-23T13:49:59.932714Z  INFO herdr::logging: session saved event="persist.save" subsystem="persist" outcome="ok" path=/home/Ronaldcdz/.config/herdr/session.json workspaces=1
2026-07-23T13:50:07.145588Z  INFO herdr::logging: spawning pane terminal event="pane.spawn.start" subsystem="pane" outcome="started" pane_id=3 rows=47 cols=165 scrollback_limit_bytes=10000000
2026-07-23T13:50:07.149738Z  INFO herdr::logging: pane child spawned event="pane.spawned" subsystem="pane" outcome="ok" pane_id=3 pid=28925
2026-07-23T13:50:07.150545Z  INFO herdr::logging: workspace created event="workspace.create" subsystem="workspace" outcome="ok" workspace_id="w3" pane_id=3
2026-07-23T13:50:07.150599Z  INFO herdr::logging: workspace focused event="workspace.focus" subsystem="workspace" outcome="ok" workspace_id="w3"
2026-07-23T13:50:07.150833Z  INFO herdr::logging: tab focused event="tab.focus" subsystem="tab" outcome="ok" workspace_id="w3" tab_id="w3:t1"
2026-07-23T13:50:12.162833Z  INFO herdr::logging: session saved event="persist.save" subsystem="persist" outcome="ok" path=/home/Ronaldcdz/.config/herdr/session.json workspaces=2
2026-07-23T13:50:12.691002Z  INFO herdr::logging: tab renamed event="tab.rename" subsystem="tab" outcome="ok" workspace_id="w3" tab_id="w3:t1"
2026-07-23T13:50:17.450949Z  INFO herdr::logging: workspace renamed event="workspace.rename" subsystem="workspace" outcome="ok" workspace_id="w3"
2026-07-23T13:50:22.452824Z  INFO herdr::logging: session saved event="persist.save" subsystem="persist" outcome="ok" path=/home/Ronaldcdz/.config/herdr/session.json workspaces=2
2026-07-23T13:50:31.578250Z  INFO herdr::logging: workspace focused event="workspace.focus" subsystem="workspace" outcome="ok" workspace_id="w2"
2026-07-23T13:50:31.578375Z  INFO herdr::logging: tab focused event="tab.focus" subsystem="tab" outcome="ok" workspace_id="w2" tab_id="w2:t1"
2026-07-23T13:50:32.780494Z  INFO herdr::logging: workspace focused event="workspace.focus" subsystem="workspace" outcome="ok" workspace_id="w3"
2026-07-23T13:50:32.780617Z  INFO herdr::logging: tab focused event="tab.focus" subsystem="tab" outcome="ok" workspace_id="w3" tab_id="w3:t1"
2026-07-23T13:50:37.785437Z  INFO herdr::logging: session saved event="persist.save" subsystem="persist" outcome="ok" path=/home/Ronaldcdz/.config/herdr/session.json workspaces=2
2026-07-23T13:54:16.378552Z  INFO herdr::logging: workspace focused event="workspace.focus" subsystem="workspace" outcome="ok" workspace_id="w2"
2026-07-23T13:54:16.378652Z  INFO herdr::logging: tab focused event="tab.focus" subsystem="tab" outcome="ok" workspace_id="w2" tab_id="w2:t1"
2026-07-23T13:54:21.383017Z  INFO herdr::logging: session saved event="persist.save" subsystem="persist" outcome="ok" path=/home/Ronaldcdz/.config/herdr/session.json workspaces=2
2026-07-23T13:54:39.730690Z  INFO herdr::logging: checking for updates event="update.check.start" subsystem="update" outcome="started"
2026-07-23T14:07:52.977875Z  INFO herdr::logging: workspace focused event="workspace.focus" subsystem="workspace" outcome="ok" workspace_id="w3"
2026-07-23T14:07:52.978036Z  INFO herdr::logging: tab focused event="tab.focus" subsystem="tab" outcome="ok" workspace_id="w3" tab_id="w3:t1"
2026-07-23T14:07:57.984381Z  INFO herdr::logging: session saved event="persist.save" subsystem="persist" outcome="ok" path=/home/Ronaldcdz/.config/herdr/session.json workspaces=2
2026-07-23T14:15:11.414873Z  INFO herdr::logging: spawning pane terminal event="pane.spawn.start" subsystem="pane" outcome="started" pane_id=4 rows=47 cols=165 scrollback_limit_bytes=10000000
2026-07-23T14:15:11.419049Z  INFO herdr::logging: pane child spawned event="pane.spawned" subsystem="pane" outcome="ok" pane_id=4 pid=36758
2026-07-23T14:15:11.419686Z  INFO herdr::logging: tab renamed event="tab.rename" subsystem="tab" outcome="ok" workspace_id="w3" tab_id="w3:t2"
2026-07-23T14:15:11.419956Z  INFO herdr::logging: tab focused event="tab.focus" subsystem="tab" outcome="ok" workspace_id="w3" tab_id="w3:t2"
2026-07-23T14:15:16.426136Z  INFO herdr::logging: session saved event="persist.save" subsystem="persist" outcome="ok" path=/home/Ronaldcdz/.config/herdr/session.json workspaces=2
2026-07-23T14:24:39.732685Z  INFO herdr::logging: checking for updates event="update.check.start" subsystem="update" outcome="started"
2026-07-23T14:28:15.180019Z  INFO herdr::server::headless: client resize client_id=4 cols=191 rows=49 cell_width_px=0 cell_height_px=0
2026-07-23T14:28:17.283356Z  INFO herdr::server::headless: client resize client_id=4 cols=191 rows=48 cell_width_px=0 cell_height_px=0
2026-07-23T14:32:47.578758Z  INFO herdr::logging: tab focused event="tab.focus" subsystem="tab" outcome="ok" workspace_id="w3" tab_id="w3:t1"
2026-07-23T14:32:50.096188Z  INFO herdr::logging: tab focused event="tab.focus" subsystem="tab" outcome="ok" workspace_id="w3" tab_id="w3:t2"
2026-07-23T14:32:53.630939Z  INFO herdr::logging: tab focused event="tab.focus" subsystem="tab" outcome="ok" workspace_id="w3" tab_id="w3:t1"
2026-07-23T14:32:58.636526Z  INFO herdr::logging: session saved event="persist.save" subsystem="persist" outcome="ok" path=/home/Ronaldcdz/.config/herdr/session.json workspaces=2
2026-07-23T14:33:29.100153Z  INFO herdr::logging: tab focused event="tab.focus" subsystem="tab" outcome="ok" workspace_id="w3" tab_id="w3:t2"
2026-07-23T14:33:34.105322Z  INFO herdr::logging: session saved event="persist.save" subsystem="persist" outcome="ok" path=/home/Ronaldcdz/.config/herdr/session.json workspaces=2
2026-07-23T14:33:51.916091Z  INFO herdr::app::actions: copied selection to clipboard
2026-07-23T14:33:53.471137Z  INFO herdr::logging: tab focused event="tab.focus" subsystem="tab" outcome="ok" workspace_id="w3" tab_id="w3:t1"
2026-07-23T14:33:58.477376Z  INFO herdr::logging: session saved event="persist.save" subsystem="persist" outcome="ok" path=/home/Ronaldcdz/.config/herdr/session.json workspaces=2
2026-07-23T14:35:12.702455Z  INFO herdr::server::headless: client resize client_id=4 cols=191 rows=49 cell_width_px=0 cell_height_px=0
2026-07-23T14:35:14.405288Z  INFO herdr::server::headless: client resize client_id=4 cols=191 rows=48 cell_width_px=0 cell_height_px=0
2026-07-23T14:35:40.230898Z  INFO herdr::logging: tab focused event="tab.focus" subsystem="tab" outcome="ok" workspace_id="w3" tab_id="w3:t2"
2026-07-23T14:35:45.235722Z  INFO herdr::logging: session saved event="persist.save" subsystem="persist" outcome="ok" path=/home/Ronaldcdz/.config/herdr/session.json workspaces=2
2026-07-23T14:35:52.660026Z  INFO herdr::logging: tab focused event="tab.focus" subsystem="tab" outcome="ok" workspace_id="w3" tab_id="w3:t1"
2026-07-23T14:35:57.675044Z  INFO herdr::logging: session saved event="persist.save" subsystem="persist" outcome="ok" path=/home/Ronaldcdz/.config/herdr/session.json workspaces=2
2026-07-23T14:36:05.489388Z  INFO herdr::server::headless: client resize client_id=4 cols=191 rows=49 cell_width_px=0 cell_height_px=0
2026-07-23T14:36:07.091080Z  INFO herdr::server::headless: client resize client_id=4 cols=191 rows=48 cell_width_px=0 cell_height_px=0
2026-07-23T14:38:32.300097Z  INFO herdr::logging: tab focused event="tab.focus" subsystem="tab" outcome="ok" workspace_id="w3" tab_id="w3:t2"
2026-07-23T14:38:37.304918Z  INFO herdr::logging: session saved event="persist.save" subsystem="persist" outcome="ok" path=/home/Ronaldcdz/.config/herdr/session.json workspaces=2
2026-07-23T14:54:39.734247Z  INFO herdr::logging: checking for updates event="update.check.start" subsystem="update" outcome="started"
2026-07-23T14:57:43.588605Z  INFO herdr::logging: tab focused event="tab.focus" subsystem="tab" outcome="ok" workspace_id="w3" tab_id="w3:t1"
2026-07-23T14:57:46.141618Z  INFO herdr::logging: tab focused event="tab.focus" subsystem="tab" outcome="ok" workspace_id="w3" tab_id="w3:t2"
2026-07-23T14:57:47.426570Z  INFO herdr::logging: workspace focused event="workspace.focus" subsystem="workspace" outcome="ok" workspace_id="w2"
2026-07-23T14:57:47.426672Z  INFO herdr::logging: tab focused event="tab.focus" subsystem="tab" outcome="ok" workspace_id="w2" tab_id="w2:t1"
2026-07-23T14:57:52.431501Z  INFO herdr::logging: session saved event="persist.save" subsystem="persist" outcome="ok" path=/home/Ronaldcdz/.config/herdr/session.json workspaces=2
2026-07-23T15:01:32.646071Z  INFO herdr::logging: workspace focused event="workspace.focus" subsystem="workspace" outcome="ok" workspace_id="w3"
2026-07-23T15:01:32.646177Z  INFO herdr::logging: tab focused event="tab.focus" subsystem="tab" outcome="ok" workspace_id="w3" tab_id="w3:t2"
2026-07-23T15:01:35.972260Z  INFO herdr::logging: tab focused event="tab.focus" subsystem="tab" outcome="ok" workspace_id="w3" tab_id="w3:t1"
2026-07-23T15:01:37.308390Z  INFO herdr::logging: tab focused event="tab.focus" subsystem="tab" outcome="ok" workspace_id="w3" tab_id="w3:t2"
2026-07-23T15:01:40.055469Z  INFO herdr::logging: spawning pane terminal event="pane.spawn.start" subsystem="pane" outcome="started" pane_id=5 rows=47 cols=165 scrollback_limit_bytes=10000000
2026-07-23T15:01:40.060330Z  INFO herdr::logging: pane child spawned event="pane.spawned" subsystem="pane" outcome="ok" pane_id=5 pid=53173
2026-07-23T15:01:40.061220Z  INFO herdr::logging: tab focused event="tab.focus" subsystem="tab" outcome="ok" workspace_id="w3" tab_id="w3:t3"
2026-07-23T15:01:45.073306Z  INFO herdr::logging: session saved event="persist.save" subsystem="persist" outcome="ok" path=/home/Ronaldcdz/.config/herdr/session.json workspaces=2
2026-07-23T15:01:58.379236Z  INFO herdr::logging: pane child exited event="pane.exit" subsystem="pane" outcome="completed" pane_id=5 status="ExitStatus { code: 1, signal: Some(\"Hangup\") }"
2026-07-23T15:01:58.403940Z  INFO herdr::pane: pane session terminated pane=5 pid=53173 signal=Hangup
2026-07-23T15:01:58.404539Z  WARN herdr::app::actions: PaneDied for unknown pane pane=5
2026-07-23T15:02:03.406751Z  INFO herdr::logging: session saved event="persist.save" subsystem="persist" outcome="ok" path=/home/Ronaldcdz/.config/herdr/session.json workspaces=2
2026-07-23T15:08:06.814780Z  INFO herdr::app::actions: copied selection to clipboard
2026-07-23T15:09:53.113942Z  INFO herdr::app::actions: copied selection to clipboard
2026-07-23T15:09:54.161414Z  INFO herdr::logging: tab focused event="tab.focus" subsystem="tab" outcome="ok" workspace_id="w3" tab_id="w3:t1"
2026-07-23T15:09:59.177771Z  INFO herdr::logging: session saved event="persist.save" subsystem="persist" outcome="ok" path=/home/Ronaldcdz/.config/herdr/session.json workspaces=2
2026-07-23T15:10:05.123736Z  INFO herdr::server::headless: client resize client_id=4 cols=191 rows=49 cell_width_px=0 cell_height_px=0
2026-07-23T15:10:05.626001Z  INFO herdr::server::headless: client resize client_id=4 cols=191 rows=48 cell_width_px=0 cell_height_px=0
2026-07-23T15:10:06.825589Z  INFO herdr::server::headless: client resize client_id=4 cols=191 rows=46 cell_width_px=0 cell_height_px=0
2026-07-23T15:11:43.089073Z  INFO herdr::server::headless: client resize client_id=4 cols=191 rows=44 cell_width_px=0 cell_height_px=0
2026-07-23T15:12:47.336543Z  INFO herdr::logging: tab focused event="tab.focus" subsystem="tab" outcome="ok" workspace_id="w3" tab_id="w3:t2"
2026-07-23T15:12:52.353525Z  INFO herdr::logging: session saved event="persist.save" subsystem="persist" outcome="ok" path=/home/Ronaldcdz/.config/herdr/session.json workspaces=2
2026-07-23T15:12:52.496188Z  INFO herdr::server::headless: client resize client_id=4 cols=191 rows=48 cell_width_px=0 cell_height_px=0
2026-07-23T15:13:28.457002Z  INFO herdr::app::actions: copied selection to clipboard
2026-07-23T15:13:30.174082Z  INFO herdr::logging: tab focused event="tab.focus" subsystem="tab" outcome="ok" workspace_id="w3" tab_id="w3:t1"
2026-07-23T15:13:35.189445Z  INFO herdr::logging: session saved event="persist.save" subsystem="persist" outcome="ok" path=/home/Ronaldcdz/.config/herdr/session.json workspaces=2
2026-07-23T15:13:38.369940Z  INFO herdr::server::headless: client resize client_id=4 cols=191 rows=49 cell_width_px=0 cell_height_px=0
2026-07-23T15:13:38.970828Z  INFO herdr::server::headless: client resize client_id=4 cols=191 rows=48 cell_width_px=0 cell_height_px=0
2026-07-23T15:13:40.071610Z  INFO herdr::server::headless: client resize client_id=4 cols=191 rows=46 cell_width_px=0 cell_height_px=0
2026-07-23T15:13:48.785962Z  INFO herdr::server::headless: client resize client_id=4 cols=191 rows=43 cell_width_px=0 cell_height_px=0
2026-07-23T15:13:48.945288Z  INFO herdr::server::headless: client resize client_id=4 cols=191 rows=44 cell_width_px=0 cell_height_px=0
2026-07-23T15:14:11.220916Z  INFO herdr::server::headless: client resize client_id=4 cols=191 rows=49 cell_width_px=0 cell_height_px=0
2026-07-23T15:14:12.722090Z  INFO herdr::server::headless: client resize client_id=4 cols=191 rows=48 cell_width_px=0 cell_height_px=0
2026-07-23T15:15:44.345918Z  INFO herdr::logging: tab focused event="tab.focus" subsystem="tab" outcome="ok" workspace_id="w3" tab_id="w3:t2"
2026-07-23T15:15:49.361315Z  INFO herdr::logging: session saved event="persist.save" subsystem="persist" outcome="ok" path=/home/Ronaldcdz/.config/herdr/session.json workspaces=2
2026-07-23T15:18:17.875959Z  INFO herdr::app::actions: copied selection to clipboard
2026-07-23T15:19:12.164011Z  INFO herdr::app::actions: copied selection to clipboard
2026-07-23T15:20:13.568041Z  INFO herdr::logging: tab focused event="tab.focus" subsystem="tab" outcome="ok" workspace_id="w3" tab_id="w3:t1"
2026-07-23T15:20:18.574814Z  INFO herdr::logging: session saved event="persist.save" subsystem="persist" outcome="ok" path=/home/Ronaldcdz/.config/herdr/session.json workspaces=2
2026-07-23T15:22:11.642000Z  INFO herdr::server::headless: client resize client_id=4 cols=191 rows=49 cell_width_px=0 cell_height_px=0
2026-07-23T15:22:12.840629Z  INFO herdr::server::headless: client resize client_id=4 cols=191 rows=48 cell_width_px=0 cell_height_px=0
2026-07-23T15:22:37.278071Z  INFO herdr::server::headless: client resize client_id=4 cols=191 rows=49 cell_width_px=0 cell_height_px=0
2026-07-23T15:22:38.779275Z  INFO herdr::server::headless: client resize client_id=4 cols=191 rows=48 cell_width_px=0 cell_height_px=0
2026-07-23T15:23:52.701748Z  INFO herdr::server::headless: client resize client_id=4 cols=191 rows=49 cell_width_px=0 cell_height_px=0
2026-07-23T15:23:54.403430Z  INFO herdr::server::headless: client resize client_id=4 cols=191 rows=48 cell_width_px=0 cell_height_px=0
2026-07-23T15:24:32.065133Z  INFO herdr::server::headless: client resize client_id=4 cols=191 rows=49 cell_width_px=0 cell_height_px=0
2026-07-23T15:24:33.666840Z  INFO herdr::server::headless: client resize client_id=4 cols=191 rows=48 cell_width_px=0 cell_height_px=0
2026-07-23T15:24:39.734908Z  INFO herdr::logging: checking for updates event="update.check.start" subsystem="update" outcome="started"
2026-07-23T15:36:58.953484Z  INFO herdr::app::actions: copied selection to clipboard
2026-07-23T15:37:09.236459Z  INFO herdr::app::actions: copied selection to clipboard
2026-07-23T15:42:41.342972Z  INFO herdr::logging: tab focused event="tab.focus" subsystem="tab" outcome="ok" workspace_id="w3" tab_id="w3:t2"
2026-07-23T15:42:46.364703Z  INFO herdr::logging: session saved event="persist.save" subsystem="persist" outcome="ok" path=/home/Ronaldcdz/.config/herdr/session.json workspaces=2
2026-07-23T15:42:46.543879Z  INFO herdr::logging: tab focused event="tab.focus" subsystem="tab" outcome="ok" workspace_id="w3" tab_id="w3:t1"
2026-07-23T15:42:47.580901Z  INFO herdr::logging: tab focused event="tab.focus" subsystem="tab" outcome="ok" workspace_id="w3" tab_id="w3:t2"
2026-07-23T15:42:52.603934Z  INFO herdr::logging: session saved event="persist.save" subsystem="persist" outcome="ok" path=/home/Ronaldcdz/.config/herdr/session.json workspaces=2
2026-07-23T15:44:16.952061Z  INFO herdr::logging: tab focused event="tab.focus" subsystem="tab" outcome="ok" workspace_id="w3" tab_id="w3:t1"
2026-07-23T15:44:21.962113Z  INFO herdr::logging: session saved event="persist.save" subsystem="persist" outcome="ok" path=/home/Ronaldcdz/.config/herdr/session.json workspaces=2
2026-07-23T15:44:28.474776Z  INFO herdr::app::actions: copied selection to clipboard
2026-07-23T15:44:29.465876Z  INFO herdr::logging: tab focused event="tab.focus" subsystem="tab" outcome="ok" workspace_id="w3" tab_id="w3:t2"
2026-07-23T15:44:34.474876Z  INFO herdr::logging: session saved event="persist.save" subsystem="persist" outcome="ok" path=/home/Ronaldcdz/.config/herdr/session.json workspaces=2
2026-07-23T15:44:42.893888Z  INFO herdr::logging: tab focused event="tab.focus" subsystem="tab" outcome="ok" workspace_id="w3" tab_id="w3:t1"
2026-07-23T15:44:47.903280Z  INFO herdr::logging: session saved event="persist.save" subsystem="persist" outcome="ok" path=/home/Ronaldcdz/.config/herdr/session.json workspaces=2
2026-07-23T15:44:51.752865Z  INFO herdr::logging: tab focused event="tab.focus" subsystem="tab" outcome="ok" workspace_id="w3" tab_id="w3:t2"
2026-07-23T15:44:56.761676Z  INFO herdr::logging: session saved event="persist.save" subsystem="persist" outcome="ok" path=/home/Ronaldcdz/.config/herdr/session.json workspaces=2
2026-07-23T15:45:03.119408Z  INFO herdr::logging: tab focused event="tab.focus" subsystem="tab" outcome="ok" workspace_id="w3" tab_id="w3:t1"
2026-07-23T15:45:08.128954Z  INFO herdr::logging: session saved event="persist.save" subsystem="persist" outcome="ok" path=/home/Ronaldcdz/.config/herdr/session.json workspaces=2
2026-07-23T15:45:51.577311Z  INFO herdr::logging: tab focused event="tab.focus" subsystem="tab" outcome="ok" workspace_id="w3" tab_id="w3:t2"
2026-07-23T15:45:52.701151Z  INFO herdr::logging: tab focused event="tab.focus" subsystem="tab" outcome="ok" workspace_id="w3" tab_id="w3:t1"
2026-07-23T15:45:56.369363Z  INFO herdr::logging: tab focused event="tab.focus" subsystem="tab" outcome="ok" workspace_id="w3" tab_id="w3:t2"
2026-07-23T15:46:01.379141Z  INFO herdr::logging: session saved event="persist.save" subsystem="persist" outcome="ok" path=/home/Ronaldcdz/.config/herdr/session.json workspaces=2
2026-07-23T15:47:13.052846Z  INFO herdr::logging: tab focused event="tab.focus" subsystem="tab" outcome="ok" workspace_id="w3" tab_id="w3:t1"
2026-07-23T15:47:16.482206Z  INFO herdr::server::headless: client resize client_id=4 cols=191 rows=49 cell_width_px=0 cell_height_px=0
2026-07-23T15:47:18.062506Z  INFO herdr::logging: session saved event="persist.save" subsystem="persist" outcome="ok" path=/home/Ronaldcdz/.config/herdr/session.json workspaces=2
2026-07-23T15:47:18.183869Z  INFO herdr::server::headless: client resize client_id=4 cols=191 rows=48 cell_width_px=0 cell_height_px=0
2026-07-23T15:54:39.736697Z  INFO herdr::logging: checking for updates event="update.check.start" subsystem="update" outcome="started"
2026-07-23T16:00:20.520474Z  INFO herdr::server::headless: client resize client_id=4 cols=191 rows=49 cell_width_px=0 cell_height_px=0
2026-07-23T16:00:21.124033Z  INFO herdr::server::headless: client resize client_id=4 cols=191 rows=48 cell_width_px=0 cell_height_px=0
2026-07-23T16:24:39.738615Z  INFO herdr::logging: checking for updates event="update.check.start" subsystem="update" outcome="started"
2026-07-23T16:54:39.739041Z  INFO herdr::logging: checking for updates event="update.check.start" subsystem="update" outcome="started"
2026-07-23T18:05:00.907814Z  INFO herdr::server::headless: client resize client_id=4 cols=191 rows=49 cell_width_px=0 cell_height_px=0
2026-07-23T18:05:02.911704Z  INFO herdr::server::headless: client resize client_id=4 cols=191 rows=48 cell_width_px=0 cell_height_px=0
2026-07-23T18:05:27.650730Z  INFO herdr::server::headless: client disconnected client_id=4
2026-07-23T18:11:44.012574Z  INFO herdr::api::server: api server listening path=/home/Ronaldcdz/.config/herdr/herdr.sock
2026-07-23T18:11:44.018572Z  INFO herdr::logging: spawning pane terminal event="pane.spawn.start" subsystem="pane" outcome="started" pane_id=1 rows=24 cols=80 scrollback_limit_bytes=10000000
2026-07-23T18:11:44.021634Z  INFO herdr::logging: pane child spawned event="pane.spawned" subsystem="pane" outcome="ok" pane_id=1 pid=7226
2026-07-23T18:11:44.023910Z  INFO herdr::logging: spawning pane terminal event="pane.spawn.start" subsystem="pane" outcome="started" pane_id=2 rows=24 cols=80 scrollback_limit_bytes=10000000
2026-07-23T18:11:44.026587Z  INFO herdr::logging: pane child spawned event="pane.spawned" subsystem="pane" outcome="ok" pane_id=2 pid=7229
2026-07-23T18:11:44.027714Z  INFO herdr::logging: spawning pane terminal event="pane.spawn.start" subsystem="pane" outcome="started" pane_id=3 rows=24 cols=80 scrollback_limit_bytes=10000000
2026-07-23T18:11:44.031025Z  INFO herdr::logging: pane child spawned event="pane.spawned" subsystem="pane" outcome="ok" pane_id=3 pid=7232
2026-07-23T18:11:44.032287Z  INFO herdr::logging: session restore evaluated event="persist.restore" subsystem="persist" outcome="ok" workspaces=2
2026-07-23T18:11:44.032398Z  INFO herdr::app: using pane scrollback configuration pane_scrollback_limit_bytes=10000000
2026-07-23T18:11:44.304948Z  INFO herdr::logging: checking for updates event="update.check.start" subsystem="update" outcome="started"
2026-07-23T18:11:44.308471Z  INFO herdr::server::headless: restored session already has workspaces; ignoring startup cwd cwd=/home/Ronaldcdz
2026-07-23T18:11:44.308633Z  INFO herdr::server::headless: client protocol socket listening path=/home/Ronaldcdz/.config/herdr/herdr-client.sock
2026-07-23T18:11:44.308670Z  INFO herdr::server::headless: herdr server started api_socket=/home/Ronaldcdz/.config/herdr/herdr.sock client_socket=/home/Ronaldcdz/.config/herdr/herdr-client.sock
2026-07-23T18:11:44.309050Z  INFO herdr::logging: herdr starting event="app.startup" subsystem="server" outcome="started" pid=7212
2026-07-23T18:11:44.363846Z  INFO herdr::server::headless: client connected client_id=2 cols=191 rows=48 cell_width_px=0 cell_height_px=0 render_encoding=SemanticFrame
2026-07-23T18:24:13.112360Z  INFO herdr::logging: workspace focused event="workspace.focus" subsystem="workspace" outcome="ok" workspace_id="w2"
2026-07-23T18:24:13.112464Z  INFO herdr::logging: tab focused event="tab.focus" subsystem="tab" outcome="ok" workspace_id="w2" tab_id="w2:t1"
2026-07-23T18:24:18.115161Z  INFO herdr::logging: session saved event="persist.save" subsystem="persist" outcome="ok" path=/home/Ronaldcdz/.config/herdr/session.json workspaces=2
2026-07-23T18:32:00.284258Z  INFO herdr::logging: workspace focused event="workspace.focus" subsystem="workspace" outcome="ok" workspace_id="w3"
2026-07-23T18:32:00.284361Z  INFO herdr::logging: tab focused event="tab.focus" subsystem="tab" outcome="ok" workspace_id="w3" tab_id="w3:t1"
2026-07-23T18:32:05.288773Z  INFO herdr::logging: session saved event="persist.save" subsystem="persist" outcome="ok" path=/home/Ronaldcdz/.config/herdr/session.json workspaces=2
2026-07-23T18:41:44.307203Z  INFO herdr::logging: checking for updates event="update.check.start" subsystem="update" outcome="started"
2026-07-23T18:53:40.088900Z  INFO herdr::logging: tab focused event="tab.focus" subsystem="tab" outcome="ok" workspace_id="w3" tab_id="w3:t2"
2026-07-23T18:53:45.092206Z  INFO herdr::logging: session saved event="persist.save" subsystem="persist" outcome="ok" path=/home/Ronaldcdz/.config/herdr/session.json workspaces=2
2026-07-23T19:11:44.308756Z  INFO herdr::logging: checking for updates event="update.check.start" subsystem="update" outcome="started"
2026-07-23T19:11:46.151400Z  INFO herdr::logging: tab focused event="tab.focus" subsystem="tab" outcome="ok" workspace_id="w3" tab_id="w3:t1"
2026-07-23T19:11:48.000946Z  INFO herdr::logging: tab focused event="tab.focus" subsystem="tab" outcome="ok" workspace_id="w3" tab_id="w3:t2"
2026-07-23T19:11:53.017783Z  INFO herdr::logging: session saved event="persist.save" subsystem="persist" outcome="ok" path=/home/Ronaldcdz/.config/herdr/session.json workspaces=2
2026-07-23T19:16:15.808066Z  INFO herdr::logging: workspace focused event="workspace.focus" subsystem="workspace" outcome="ok" workspace_id="w2"
2026-07-23T19:16:15.808202Z  INFO herdr::logging: tab focused event="tab.focus" subsystem="tab" outcome="ok" workspace_id="w2" tab_id="w2:t1"
2026-07-23T19:16:20.812663Z  INFO herdr::logging: session saved event="persist.save" subsystem="persist" outcome="ok" path=/home/Ronaldcdz/.config/herdr/session.json workspaces=2
2026-07-23T19:17:58.155053Z  INFO herdr::logging: workspace focused event="workspace.focus" subsystem="workspace" outcome="ok" workspace_id="w3"
2026-07-23T19:17:58.155157Z  INFO herdr::logging: tab focused event="tab.focus" subsystem="tab" outcome="ok" workspace_id="w3" tab_id="w3:t2"
2026-07-23T19:18:03.160046Z  INFO herdr::logging: session saved event="persist.save" subsystem="persist" outcome="ok" path=/home/Ronaldcdz/.config/herdr/session.json workspaces=2
2026-07-23T19:20:45.953941Z  INFO herdr::server::headless: client connected client_id=4 cols=95 rows=48 cell_width_px=0 cell_height_px=0 render_encoding=SemanticFrame
2026-07-23T19:20:59.392093Z  INFO herdr::server::headless: client disconnected client_id=4
2026-07-23T19:22:35.979470Z  INFO herdr::logging: workspace focused event="workspace.focus" subsystem="workspace" outcome="ok" workspace_id="w2"
2026-07-23T19:22:35.979603Z  INFO herdr::logging: tab focused event="tab.focus" subsystem="tab" outcome="ok" workspace_id="w2" tab_id="w2:t1"
2026-07-23T19:22:40.984500Z  INFO herdr::logging: session saved event="persist.save" subsystem="persist" outcome="ok" path=/home/Ronaldcdz/.config/herdr/session.json workspaces=2
2026-07-23T19:23:08.882750Z  INFO herdr::logging: workspace focused event="workspace.focus" subsystem="workspace" outcome="ok" workspace_id="w3"
2026-07-23T19:23:08.882856Z  INFO herdr::logging: tab focused event="tab.focus" subsystem="tab" outcome="ok" workspace_id="w3" tab_id="w3:t2"
2026-07-23T19:23:13.888306Z  INFO herdr::logging: session saved event="persist.save" subsystem="persist" outcome="ok" path=/home/Ronaldcdz/.config/herdr/session.json workspaces=2
2026-07-23T19:25:40.668785Z  INFO herdr::app::actions: copied selection to clipboard
2026-07-23T19:29:48.936992Z  INFO herdr::logging: tab focused event="tab.focus" subsystem="tab" outcome="ok" workspace_id="w3" tab_id="w3:t1"
2026-07-23T19:29:53.942190Z  INFO herdr::logging: session saved event="persist.save" subsystem="persist" outcome="ok" path=/home/Ronaldcdz/.config/herdr/session.json workspaces=2
2026-07-23T19:41:44.310099Z  INFO herdr::logging: checking for updates event="update.check.start" subsystem="update" outcome="started"
2026-07-23T19:49:44.807319Z  INFO herdr::logging: tab focused event="tab.focus" subsystem="tab" outcome="ok" workspace_id="w3" tab_id="w3:t2"
2026-07-23T19:49:49.813028Z  INFO herdr::logging: session saved event="persist.save" subsystem="persist" outcome="ok" path=/home/Ronaldcdz/.config/herdr/session.json workspaces=2
2026-07-23T19:51:08.455981Z  INFO herdr::logging: tab focused event="tab.focus" subsystem="tab" outcome="ok" workspace_id="w3" tab_id="w3:t1"
2026-07-23T19:51:13.461329Z  INFO herdr::logging: session saved event="persist.save" subsystem="persist" outcome="ok" path=/home/Ronaldcdz/.config/herdr/session.json workspaces=2
2026-07-23T19:51:25.814549Z  INFO herdr::logging: tab focused event="tab.focus" subsystem="tab" outcome="ok" workspace_id="w3" tab_id="w3:t2"
2026-07-23T19:51:30.817841Z  INFO herdr::logging: session saved event="persist.save" subsystem="persist" outcome="ok" path=/home/Ronaldcdz/.config/herdr/session.json workspaces=2
2026-07-23T19:52:01.107292Z  INFO herdr::logging: tab focused event="tab.focus" subsystem="tab" outcome="ok" workspace_id="w3" tab_id="w3:t1"
2026-07-23T19:52:06.112257Z  INFO herdr::logging: session saved event="persist.save" subsystem="persist" outcome="ok" path=/home/Ronaldcdz/.config/herdr/session.json workspaces=2
2026-07-23T19:57:17.024504Z  INFO herdr::logging: tab focused event="tab.focus" subsystem="tab" outcome="ok" workspace_id="w3" tab_id="w3:t2"
2026-07-23T19:57:22.028514Z  INFO herdr::logging: session saved event="persist.save" subsystem="persist" outcome="ok" path=/home/Ronaldcdz/.config/herdr/session.json workspaces=2
2026-07-23T20:07:11.383354Z  INFO herdr::app::actions: copied selection to clipboard
2026-07-23T20:11:44.312294Z  INFO herdr::logging: checking for updates event="update.check.start" subsystem="update" outcome="started"
2026-07-23T20:16:03.151332Z  INFO herdr::logging: tab focused event="tab.focus" subsystem="tab" outcome="ok" workspace_id="w3" tab_id="w3:t1"
2026-07-23T20:16:04.766342Z  INFO herdr::logging: tab focused event="tab.focus" subsystem="tab" outcome="ok" workspace_id="w3" tab_id="w3:t2"
2026-07-23T20:16:09.771035Z  INFO herdr::logging: session saved event="persist.save" subsystem="persist" outcome="ok" path=/home/Ronaldcdz/.config/herdr/session.json workspaces=2
2026-07-23T20:16:58.693648Z  INFO herdr::app::actions: copied selection to clipboard
2026-07-23T20:20:13.802196Z  INFO herdr::app::actions: copied selection to clipboard
2026-07-23T20:21:42.486356Z  INFO herdr::app::actions: copied selection to clipboard
2026-07-23T20:33:55.706239Z  INFO herdr::logging: tab focused event="tab.focus" subsystem="tab" outcome="ok" workspace_id="w3" tab_id="w3:t1"
2026-07-23T20:34:00.093266Z  INFO herdr::logging: tab focused event="tab.focus" subsystem="tab" outcome="ok" workspace_id="w3" tab_id="w3:t2"
2026-07-23T20:34:03.005793Z  INFO herdr::logging: tab focused event="tab.focus" subsystem="tab" outcome="ok" workspace_id="w3" tab_id="w3:t1"
2026-07-23T20:34:08.013629Z  INFO herdr::logging: session saved event="persist.save" subsystem="persist" outcome="ok" path=/home/Ronaldcdz/.config/herdr/session.json workspaces=2
2026-07-23T20:34:56.705116Z  INFO herdr::logging: tab focused event="tab.focus" subsystem="tab" outcome="ok" workspace_id="w3" tab_id="w3:t2"
2026-07-23T20:35:01.717578Z  INFO herdr::logging: session saved event="persist.save" subsystem="persist" outcome="ok" path=/home/Ronaldcdz/.config/herdr/session.json workspaces=2
2026-07-23T20:35:33.581438Z  INFO herdr::app::actions: copied selection to clipboard
2026-07-23T20:35:36.070406Z  INFO herdr::logging: tab focused event="tab.focus" subsystem="tab" outcome="ok" workspace_id="w3" tab_id="w3:t1"
2026-07-23T20:35:41.078885Z  INFO herdr::logging: session saved event="persist.save" subsystem="persist" outcome="ok" path=/home/Ronaldcdz/.config/herdr/session.json workspaces=2
2026-07-23T20:36:30.735763Z  INFO herdr::server::headless: client resize client_id=2 cols=191 rows=51 cell_width_px=0 cell_height_px=0
2026-07-23T20:36:36.844240Z  INFO herdr::server::headless: client resize client_id=2 cols=191 rows=48 cell_width_px=0 cell_height_px=0
2026-07-23T20:41:44.313607Z  INFO herdr::logging: checking for updates event="update.check.start" subsystem="update" outcome="started"
2026-07-23T20:51:52.416668Z  INFO herdr::server::headless: client resize client_id=2 cols=191 rows=49 cell_width_px=0 cell_height_px=0
2026-07-23T20:51:52.919215Z  INFO herdr::server::headless: client resize client_id=2 cols=191 rows=48 cell_width_px=0 cell_height_px=0
2026-07-24T12:25:48.416328Z  INFO herdr::server::headless: client resize client_id=2 cols=191 rows=49 cell_width_px=0 cell_height_px=0
2026-07-24T12:25:50.522123Z  INFO herdr::server::headless: client resize client_id=2 cols=191 rows=48 cell_width_px=0 cell_height_px=0
2026-07-24T12:28:33.706392Z  INFO herdr::server::headless: client disconnected client_id=2
2026-07-24T12:31:31.780617Z  INFO herdr::api::server: api server listening path=/home/Ronaldcdz/.config/herdr/herdr.sock
2026-07-24T12:31:31.783515Z  INFO herdr::logging: spawning pane terminal event="pane.spawn.start" subsystem="pane" outcome="started" pane_id=1 rows=24 cols=80 scrollback_limit_bytes=10000000
2026-07-24T12:31:31.784821Z  INFO herdr::logging: pane child spawned event="pane.spawned" subsystem="pane" outcome="ok" pane_id=1 pid=3000
2026-07-24T12:31:31.785903Z  INFO herdr::logging: spawning pane terminal event="pane.spawn.start" subsystem="pane" outcome="started" pane_id=2 rows=24 cols=80 scrollback_limit_bytes=10000000
2026-07-24T12:31:31.787186Z  INFO herdr::logging: pane child spawned event="pane.spawned" subsystem="pane" outcome="ok" pane_id=2 pid=3003
2026-07-24T12:31:31.787597Z  INFO herdr::logging: spawning pane terminal event="pane.spawn.start" subsystem="pane" outcome="started" pane_id=3 rows=24 cols=80 scrollback_limit_bytes=10000000
2026-07-24T12:31:31.788977Z  INFO herdr::logging: pane child spawned event="pane.spawned" subsystem="pane" outcome="ok" pane_id=3 pid=3006
2026-07-24T12:31:31.789418Z  INFO herdr::logging: session restore evaluated event="persist.restore" subsystem="persist" outcome="ok" workspaces=2
2026-07-24T12:31:31.789448Z  INFO herdr::app: using pane scrollback configuration pane_scrollback_limit_bytes=10000000
2026-07-24T12:31:32.097988Z  INFO herdr::logging: checking for updates event="update.check.start" subsystem="update" outcome="started"
2026-07-24T12:31:32.106909Z  INFO herdr::server::headless: restored session already has workspaces; ignoring startup cwd cwd=/home/Ronaldcdz
2026-07-24T12:31:32.107543Z  INFO herdr::server::headless: client protocol socket listening path=/home/Ronaldcdz/.config/herdr/herdr-client.sock
2026-07-24T12:31:32.107720Z  INFO herdr::server::headless: herdr server started api_socket=/home/Ronaldcdz/.config/herdr/herdr.sock client_socket=/home/Ronaldcdz/.config/herdr/herdr-client.sock
2026-07-24T12:31:32.109432Z  INFO herdr::logging: herdr starting event="app.startup" subsystem="server" outcome="started" pid=2986
2026-07-24T12:31:32.262413Z  INFO herdr::server::headless: client connected client_id=2 cols=191 rows=48 cell_width_px=0 cell_height_px=0 render_encoding=SemanticFrame
2026-07-24T12:36:11.193498Z  INFO herdr::logging: workspace focused event="workspace.focus" subsystem="workspace" outcome="ok" workspace_id="w2"
2026-07-24T12:36:11.193630Z  INFO herdr::logging: tab focused event="tab.focus" subsystem="tab" outcome="ok" workspace_id="w2" tab_id="w2:t1"
2026-07-24T12:36:16.197194Z  INFO herdr::logging: session saved event="persist.save" subsystem="persist" outcome="ok" path=/home/Ronaldcdz/.config/herdr/session.json workspaces=2
2026-07-24T12:38:26.767024Z  INFO herdr::logging: workspace focused event="workspace.focus" subsystem="workspace" outcome="ok" workspace_id="w3"
2026-07-24T12:38:26.767124Z  INFO herdr::logging: tab focused event="tab.focus" subsystem="tab" outcome="ok" workspace_id="w3" tab_id="w3:t1"
2026-07-24T12:38:31.770352Z  INFO herdr::logging: session saved event="persist.save" subsystem="persist" outcome="ok" path=/home/Ronaldcdz/.config/herdr/session.json workspaces=2
2026-07-24T12:40:29.436737Z  INFO herdr::server::headless: client resize client_id=2 cols=191 rows=49 cell_width_px=0 cell_height_px=0
2026-07-24T12:40:31.336430Z  INFO herdr::server::headless: client resize client_id=2 cols=191 rows=48 cell_width_px=0 cell_height_px=0
2026-07-24T12:53:14.709022Z  INFO herdr::logging: workspace focused event="workspace.focus" subsystem="workspace" outcome="ok" workspace_id="w2"
2026-07-24T12:53:14.709157Z  INFO herdr::logging: tab focused event="tab.focus" subsystem="tab" outcome="ok" workspace_id="w2" tab_id="w2:t1"
2026-07-24T12:53:17.875956Z  INFO herdr::logging: workspace focused event="workspace.focus" subsystem="workspace" outcome="ok" workspace_id="w3"
2026-07-24T12:53:17.876060Z  INFO herdr::logging: tab focused event="tab.focus" subsystem="tab" outcome="ok" workspace_id="w3" tab_id="w3:t1"
2026-07-24T12:53:22.880231Z  INFO herdr::logging: session saved event="persist.save" subsystem="persist" outcome="ok" path=/home/Ronaldcdz/.config/herdr/session.json workspaces=2
2026-07-24T12:56:58.742054Z  INFO herdr::server::headless: client resize client_id=2 cols=79 rows=28 cell_width_px=0 cell_height_px=0
2026-07-24T12:57:08.256246Z  INFO herdr::server::headless: client resize client_id=2 cols=191 rows=48 cell_width_px=0 cell_height_px=0
2026-07-24T13:01:32.099452Z  INFO herdr::logging: checking for updates event="update.check.start" subsystem="update" outcome="started"
2026-07-24T13:21:30.929182Z  INFO herdr::server::headless: client resize client_id=2 cols=191 rows=49 cell_width_px=0 cell_height_px=0
2026-07-24T13:21:32.630243Z  INFO herdr::server::headless: client resize client_id=2 cols=191 rows=48 cell_width_px=0 cell_height_px=0
2026-07-24T13:22:44.659000Z  INFO herdr::logging: tab focused event="tab.focus" subsystem="tab" outcome="ok" workspace_id="w3" tab_id="w3:t2"
2026-07-24T13:22:49.660938Z  INFO herdr::logging: session saved event="persist.save" subsystem="persist" outcome="ok" path=/home/Ronaldcdz/.config/herdr/session.json workspaces=2
2026-07-24T13:23:29.375558Z  INFO herdr::logging: workspace focused event="workspace.focus" subsystem="workspace" outcome="ok" workspace_id="w2"
2026-07-24T13:23:29.375604Z  INFO herdr::logging: tab focused event="tab.focus" subsystem="tab" outcome="ok" workspace_id="w2" tab_id="w2:t1"
2026-07-24T13:23:30.959504Z  INFO herdr::logging: workspace focused event="workspace.focus" subsystem="workspace" outcome="ok" workspace_id="w3"
2026-07-24T13:23:30.959555Z  INFO herdr::logging: tab focused event="tab.focus" subsystem="tab" outcome="ok" workspace_id="w3" tab_id="w3:t2"
2026-07-24T13:23:35.961865Z  INFO herdr::logging: session saved event="persist.save" subsystem="persist" outcome="ok" path=/home/Ronaldcdz/.config/herdr/session.json workspaces=2
2026-07-24T13:23:38.074597Z  INFO herdr::app::actions: copied selection to clipboard
2026-07-24T13:31:32.101738Z  INFO herdr::logging: checking for updates event="update.check.start" subsystem="update" outcome="started"
2026-07-24T13:31:54.559469Z  INFO herdr::logging: tab focused event="tab.focus" subsystem="tab" outcome="ok" workspace_id="w3" tab_id="w3:t1"
2026-07-24T13:31:59.563811Z  INFO herdr::logging: session saved event="persist.save" subsystem="persist" outcome="ok" path=/home/Ronaldcdz/.config/herdr/session.json workspaces=2
2026-07-24T13:32:57.146462Z  INFO herdr::logging: tab focused event="tab.focus" subsystem="tab" outcome="ok" workspace_id="w3" tab_id="w3:t2"
2026-07-24T13:33:02.150813Z  INFO herdr::logging: session saved event="persist.save" subsystem="persist" outcome="ok" path=/home/Ronaldcdz/.config/herdr/session.json workspaces=2
2026-07-24T13:33:10.567034Z  INFO herdr::logging: tab focused event="tab.focus" subsystem="tab" outcome="ok" workspace_id="w3" tab_id="w3:t1"
2026-07-24T13:33:15.570544Z  INFO herdr::logging: session saved event="persist.save" subsystem="persist" outcome="ok" path=/home/Ronaldcdz/.config/herdr/session.json workspaces=2
2026-07-24T13:37:43.136397Z  INFO herdr::server::headless: client resize client_id=2 cols=191 rows=51 cell_width_px=0 cell_height_px=0
2026-07-24T13:37:47.743615Z  INFO herdr::server::headless: client resize client_id=2 cols=191 rows=48 cell_width_px=0 cell_height_px=0
2026-07-24T13:43:15.971939Z  INFO herdr::server::headless: client connected client_id=4 cols=95 rows=44 cell_width_px=0 cell_height_px=0 render_encoding=SemanticFrame
2026-07-24T13:43:26.953971Z  INFO herdr::server::headless: client disconnected client_id=4
2026-07-24T13:52:01.693785Z  INFO herdr::logging: workspace focused event="workspace.focus" subsystem="workspace" outcome="ok" workspace_id="w2"
2026-07-24T13:52:01.693887Z  INFO herdr::logging: tab focused event="tab.focus" subsystem="tab" outcome="ok" workspace_id="w2" tab_id="w2:t1"
2026-07-24T13:52:06.703550Z  INFO herdr::logging: session saved event="persist.save" subsystem="persist" outcome="ok" path=/home/Ronaldcdz/.config/herdr/session.json workspaces=2
2026-07-24T13:53:10.513012Z  INFO herdr::logging: workspace focused event="workspace.focus" subsystem="workspace" outcome="ok" workspace_id="w3"
2026-07-24T13:53:10.513119Z  INFO herdr::logging: tab focused event="tab.focus" subsystem="tab" outcome="ok" workspace_id="w3" tab_id="w3:t1"
2026-07-24T13:53:12.180416Z  INFO herdr::logging: tab focused event="tab.focus" subsystem="tab" outcome="ok" workspace_id="w3" tab_id="w3:t2"
2026-07-24T13:53:17.184786Z  INFO herdr::logging: session saved event="persist.save" subsystem="persist" outcome="ok" path=/home/Ronaldcdz/.config/herdr/session.json workspaces=2
2026-07-24T14:01:32.103225Z  INFO herdr::logging: checking for updates event="update.check.start" subsystem="update" outcome="started"
2026-07-24T14:06:29.055192Z  INFO herdr::logging: tab focused event="tab.focus" subsystem="tab" outcome="ok" workspace_id="w3" tab_id="w3:t1"
2026-07-24T14:06:34.061358Z  INFO herdr::logging: session saved event="persist.save" subsystem="persist" outcome="ok" path=/home/Ronaldcdz/.config/herdr/session.json workspaces=2
2026-07-24T14:09:19.505346Z  INFO herdr::logging: tab focused event="tab.focus" subsystem="tab" outcome="ok" workspace_id="w3" tab_id="w3:t2"
2026-07-24T14:09:24.511045Z  INFO herdr::logging: session saved event="persist.save" subsystem="persist" outcome="ok" path=/home/Ronaldcdz/.config/herdr/session.json workspaces=2
2026-07-24T14:11:22.536629Z  INFO herdr::logging: tab focused event="tab.focus" subsystem="tab" outcome="ok" workspace_id="w3" tab_id="w3:t1"
2026-07-24T14:11:27.543783Z  INFO herdr::logging: session saved event="persist.save" subsystem="persist" outcome="ok" path=/home/Ronaldcdz/.config/herdr/session.json workspaces=2
2026-07-24T14:11:28.751427Z  INFO herdr::logging: tab focused event="tab.focus" subsystem="tab" outcome="ok" workspace_id="w3" tab_id="w3:t2"
2026-07-24T14:11:33.097359Z  INFO herdr::logging: tab focused event="tab.focus" subsystem="tab" outcome="ok" workspace_id="w3" tab_id="w3:t1"
2026-07-24T14:11:38.102788Z  INFO herdr::logging: session saved event="persist.save" subsystem="persist" outcome="ok" path=/home/Ronaldcdz/.config/herdr/session.json workspaces=2
2026-07-24T14:13:01.087008Z  INFO herdr::logging: tab focused event="tab.focus" subsystem="tab" outcome="ok" workspace_id="w3" tab_id="w3:t2"
2026-07-24T14:13:06.092070Z  INFO herdr::logging: session saved event="persist.save" subsystem="persist" outcome="ok" path=/home/Ronaldcdz/.config/herdr/session.json workspaces=2
2026-07-24T14:13:11.103716Z  INFO herdr::logging: tab focused event="tab.focus" subsystem="tab" outcome="ok" workspace_id="w3" tab_id="w3:t1"
2026-07-24T14:13:16.109042Z  INFO herdr::logging: session saved event="persist.save" subsystem="persist" outcome="ok" path=/home/Ronaldcdz/.config/herdr/session.json workspaces=2
2026-07-24T14:13:28.350965Z  INFO herdr::logging: tab focused event="tab.focus" subsystem="tab" outcome="ok" workspace_id="w3" tab_id="w3:t2"
2026-07-24T14:13:33.357079Z  INFO herdr::logging: session saved event="persist.save" subsystem="persist" outcome="ok" path=/home/Ronaldcdz/.config/herdr/session.json workspaces=2
2026-07-24T14:13:36.110870Z  INFO herdr::server::headless: client resize client_id=2 cols=95 rows=48 cell_width_px=0 cell_height_px=0
2026-07-24T14:13:42.722996Z  INFO herdr::server::headless: client resize client_id=2 cols=191 rows=48 cell_width_px=0 cell_height_px=0
2026-07-24T14:13:46.584756Z  INFO herdr::logging: tab focused event="tab.focus" subsystem="tab" outcome="ok" workspace_id="w3" tab_id="w3:t1"
2026-07-24T14:13:51.590415Z  INFO herdr::logging: session saved event="persist.save" subsystem="persist" outcome="ok" path=/home/Ronaldcdz/.config/herdr/session.json workspaces=2
2026-07-24T14:13:52.945545Z  INFO herdr::logging: tab focused event="tab.focus" subsystem="tab" outcome="ok" workspace_id="w3" tab_id="w3:t2"
2026-07-24T14:13:57.950867Z  INFO herdr::logging: session saved event="persist.save" subsystem="persist" outcome="ok" path=/home/Ronaldcdz/.config/herdr/session.json workspaces=2
2026-07-24T14:14:01.849910Z  INFO herdr::server::headless: client resize client_id=2 cols=95 rows=48 cell_width_px=0 cell_height_px=0
2026-07-24T14:14:09.261015Z  INFO herdr::server::headless: client resize client_id=2 cols=191 rows=48 cell_width_px=0 cell_height_px=0
2026-07-24T14:14:10.205109Z  INFO herdr::logging: tab focused event="tab.focus" subsystem="tab" outcome="ok" workspace_id="w3" tab_id="w3:t1"
2026-07-24T14:14:15.211161Z  INFO herdr::logging: session saved event="persist.save" subsystem="persist" outcome="ok" path=/home/Ronaldcdz/.config/herdr/session.json workspaces=2
2026-07-24T14:18:27.491001Z  INFO herdr::logging: workspace focused event="workspace.focus" subsystem="workspace" outcome="ok" workspace_id="w2"
2026-07-24T14:18:27.491102Z  INFO herdr::logging: tab focused event="tab.focus" subsystem="tab" outcome="ok" workspace_id="w2" tab_id="w2:t1"
2026-07-24T14:18:32.496138Z  INFO herdr::logging: session saved event="persist.save" subsystem="persist" outcome="ok" path=/home/Ronaldcdz/.config/herdr/session.json workspaces=2
2026-07-24T14:21:04.824878Z  INFO herdr::logging: workspace focused event="workspace.focus" subsystem="workspace" outcome="ok" workspace_id="w3"
2026-07-24T14:21:04.824979Z  INFO herdr::logging: tab focused event="tab.focus" subsystem="tab" outcome="ok" workspace_id="w3" tab_id="w3:t1"
2026-07-24T14:21:09.842552Z  INFO herdr::logging: session saved event="persist.save" subsystem="persist" outcome="ok" path=/home/Ronaldcdz/.config/herdr/session.json workspaces=2
2026-07-24T14:25:24.327901Z  INFO herdr::logging: tab focused event="tab.focus" subsystem="tab" outcome="ok" workspace_id="w3" tab_id="w3:t2"
2026-07-24T14:25:29.332667Z  INFO herdr::logging: session saved event="persist.save" subsystem="persist" outcome="ok" path=/home/Ronaldcdz/.config/herdr/session.json workspaces=2
2026-07-24T14:25:31.310844Z  INFO herdr::logging: tab focused event="tab.focus" subsystem="tab" outcome="ok" workspace_id="w3" tab_id="w3:t1"
2026-07-24T14:25:36.316958Z  INFO herdr::logging: session saved event="persist.save" subsystem="persist" outcome="ok" path=/home/Ronaldcdz/.config/herdr/session.json workspaces=2
2026-07-24T14:28:13.662319Z  INFO herdr::logging: tab focused event="tab.focus" subsystem="tab" outcome="ok" workspace_id="w3" tab_id="w3:t2"
2026-07-24T14:28:18.668173Z  INFO herdr::logging: session saved event="persist.save" subsystem="persist" outcome="ok" path=/home/Ronaldcdz/.config/herdr/session.json workspaces=2
2026-07-24T14:28:23.284172Z  INFO herdr::logging: tab focused event="tab.focus" subsystem="tab" outcome="ok" workspace_id="w3" tab_id="w3:t1"
2026-07-24T14:28:28.290352Z  INFO herdr::logging: session saved event="persist.save" subsystem="persist" outcome="ok" path=/home/Ronaldcdz/.config/herdr/session.json workspaces=2
2026-07-24T14:31:32.104713Z  INFO herdr::logging: checking for updates event="update.check.start" subsystem="update" outcome="started"
2026-07-24T14:32:11.935842Z  INFO herdr::logging: tab focused event="tab.focus" subsystem="tab" outcome="ok" workspace_id="w3" tab_id="w3:t2"
2026-07-24T14:32:16.942271Z  INFO herdr::logging: session saved event="persist.save" subsystem="persist" outcome="ok" path=/home/Ronaldcdz/.config/herdr/session.json workspaces=2
2026-07-24T14:32:54.501659Z  INFO herdr::logging: tab focused event="tab.focus" subsystem="tab" outcome="ok" workspace_id="w3" tab_id="w3:t1"
2026-07-24T14:32:59.507611Z  INFO herdr::logging: session saved event="persist.save" subsystem="persist" outcome="ok" path=/home/Ronaldcdz/.config/herdr/session.json workspaces=2
2026-07-24T14:34:01.106664Z  INFO herdr::logging: tab focused event="tab.focus" subsystem="tab" outcome="ok" workspace_id="w3" tab_id="w3:t2"
2026-07-24T14:34:06.113168Z  INFO herdr::logging: session saved event="persist.save" subsystem="persist" outcome="ok" path=/home/Ronaldcdz/.config/herdr/session.json workspaces=2
2026-07-24T14:34:11.032546Z  INFO herdr::logging: tab focused event="tab.focus" subsystem="tab" outcome="ok" workspace_id="w3" tab_id="w3:t1"
2026-07-24T14:34:16.021814Z  INFO herdr::logging: tab focused event="tab.focus" subsystem="tab" outcome="ok" workspace_id="w3" tab_id="w3:t2"
2026-07-24T14:34:17.189847Z  INFO herdr::logging: tab focused event="tab.focus" subsystem="tab" outcome="ok" workspace_id="w3" tab_id="w3:t1"
2026-07-24T14:34:22.196507Z  INFO herdr::logging: session saved event="persist.save" subsystem="persist" outcome="ok" path=/home/Ronaldcdz/.config/herdr/session.json workspaces=2
2026-07-24T14:34:28.122048Z  INFO herdr::logging: tab focused event="tab.focus" subsystem="tab" outcome="ok" workspace_id="w3" tab_id="w3:t2"
2026-07-24T14:34:31.079736Z  INFO herdr::logging: tab focused event="tab.focus" subsystem="tab" outcome="ok" workspace_id="w3" tab_id="w3:t1"
2026-07-24T14:34:36.085012Z  INFO herdr::logging: session saved event="persist.save" subsystem="persist" outcome="ok" path=/home/Ronaldcdz/.config/herdr/session.json workspaces=2
2026-07-24T14:34:46.550063Z  INFO herdr::logging: tab focused event="tab.focus" subsystem="tab" outcome="ok" workspace_id="w3" tab_id="w3:t2"
2026-07-24T14:34:51.558586Z  INFO herdr::logging: session saved event="persist.save" subsystem="persist" outcome="ok" path=/home/Ronaldcdz/.config/herdr/session.json workspaces=2
2026-07-24T14:37:31.953161Z  INFO herdr::logging: tab focused event="tab.focus" subsystem="tab" outcome="ok" workspace_id="w3" tab_id="w3:t1"
2026-07-24T14:37:36.959148Z  INFO herdr::logging: session saved event="persist.save" subsystem="persist" outcome="ok" path=/home/Ronaldcdz/.config/herdr/session.json workspaces=2
2026-07-24T14:38:01.146435Z  INFO herdr::logging: tab focused event="tab.focus" subsystem="tab" outcome="ok" workspace_id="w3" tab_id="w3:t2"
2026-07-24T14:38:05.213824Z  INFO herdr::server::headless: client resize client_id=2 cols=191 rows=47 cell_width_px=0 cell_height_px=0
2026-07-24T14:38:06.151668Z  INFO herdr::logging: session saved event="persist.save" subsystem="persist" outcome="ok" path=/home/Ronaldcdz/.config/herdr/session.json workspaces=2
2026-07-24T14:38:10.022376Z  INFO herdr::server::headless: client resize client_id=2 cols=191 rows=48 cell_width_px=0 cell_height_px=0
2026-07-24T14:38:16.531399Z  INFO herdr::server::headless: client resize client_id=2 cols=191 rows=47 cell_width_px=0 cell_height_px=0
2026-07-24T14:38:20.979994Z  INFO herdr::server::headless: client resize client_id=2 cols=191 rows=48 cell_width_px=0 cell_height_px=0
2026-07-24T14:38:21.962833Z  INFO herdr::logging: tab focused event="tab.focus" subsystem="tab" outcome="ok" workspace_id="w3" tab_id="w3:t1"
2026-07-24T14:38:26.967939Z  INFO herdr::logging: session saved event="persist.save" subsystem="persist" outcome="ok" path=/home/Ronaldcdz/.config/herdr/session.json workspaces=2
2026-07-24T14:40:42.620483Z  INFO herdr::logging: tab focused event="tab.focus" subsystem="tab" outcome="ok" workspace_id="w3" tab_id="w3:t2"
2026-07-24T14:40:46.249387Z  INFO herdr::server::headless: client resize client_id=2 cols=191 rows=47 cell_width_px=0 cell_height_px=0
2026-07-24T14:40:47.625969Z  INFO herdr::logging: session saved event="persist.save" subsystem="persist" outcome="ok" path=/home/Ronaldcdz/.config/herdr/session.json workspaces=2
2026-07-24T14:40:48.462458Z  INFO herdr::server::headless: client resize client_id=2 cols=191 rows=48 cell_width_px=0 cell_height_px=0
2026-07-24T14:40:49.404096Z  INFO herdr::logging: tab focused event="tab.focus" subsystem="tab" outcome="ok" workspace_id="w3" tab_id="w3:t1"
2026-07-24T14:40:54.409729Z  INFO herdr::logging: session saved event="persist.save" subsystem="persist" outcome="ok" path=/home/Ronaldcdz/.config/herdr/session.json workspaces=2
2026-07-24T14:42:24.682482Z  INFO herdr::logging: tab focused event="tab.focus" subsystem="tab" outcome="ok" workspace_id="w3" tab_id="w3:t2"
2026-07-24T14:42:29.688285Z  INFO herdr::logging: session saved event="persist.save" subsystem="persist" outcome="ok" path=/home/Ronaldcdz/.config/herdr/session.json workspaces=2
2026-07-24T14:43:06.413183Z  INFO herdr::logging: tab focused event="tab.focus" subsystem="tab" outcome="ok" workspace_id="w3" tab_id="w3:t1"
2026-07-24T14:43:11.419015Z  INFO herdr::logging: session saved event="persist.save" subsystem="persist" outcome="ok" path=/home/Ronaldcdz/.config/herdr/session.json workspaces=2
2026-07-24T14:43:28.088509Z  INFO herdr::logging: tab focused event="tab.focus" subsystem="tab" outcome="ok" workspace_id="w3" tab_id="w3:t2"
2026-07-24T14:43:33.093979Z  INFO herdr::logging: session saved event="persist.save" subsystem="persist" outcome="ok" path=/home/Ronaldcdz/.config/herdr/session.json workspaces=2
2026-07-24T14:43:33.240500Z  INFO herdr::logging: tab focused event="tab.focus" subsystem="tab" outcome="ok" workspace_id="w3" tab_id="w3:t1"
2026-07-24T14:43:38.246048Z  INFO herdr::logging: session saved event="persist.save" subsystem="persist" outcome="ok" path=/home/Ronaldcdz/.config/herdr/session.json workspaces=2
2026-07-24T14:45:35.209086Z  INFO herdr::logging: workspace focused event="workspace.focus" subsystem="workspace" outcome="ok" workspace_id="w2"
2026-07-24T14:45:35.209193Z  INFO herdr::logging: tab focused event="tab.focus" subsystem="tab" outcome="ok" workspace_id="w2" tab_id="w2:t1"
2026-07-24T14:45:40.214532Z  INFO herdr::logging: session saved event="persist.save" subsystem="persist" outcome="ok" path=/home/Ronaldcdz/.config/herdr/session.json workspaces=2
2026-07-24T14:54:53.832000Z  INFO herdr::logging: workspace focused event="workspace.focus" subsystem="workspace" outcome="ok" workspace_id="w3"
2026-07-24T14:54:53.832106Z  INFO herdr::logging: tab focused event="tab.focus" subsystem="tab" outcome="ok" workspace_id="w3" tab_id="w3:t1"
2026-07-24T14:54:58.841351Z  INFO herdr::logging: session saved event="persist.save" subsystem="persist" outcome="ok" path=/home/Ronaldcdz/.config/herdr/session.json workspaces=2
2026-07-24T14:58:00.015346Z  INFO herdr::logging: tab focused event="tab.focus" subsystem="tab" outcome="ok" workspace_id="w3" tab_id="w3:t2"
2026-07-24T14:58:05.022193Z  INFO herdr::logging: session saved event="persist.save" subsystem="persist" outcome="ok" path=/home/Ronaldcdz/.config/herdr/session.json workspaces=2
2026-07-24T15:01:32.106547Z  INFO herdr::logging: checking for updates event="update.check.start" subsystem="update" outcome="started"
2026-07-24T15:15:49.668205Z  INFO herdr::app::actions: copied selection to clipboard
2026-07-24T15:17:52.782898Z  INFO herdr::logging: tab focused event="tab.focus" subsystem="tab" outcome="ok" workspace_id="w3" tab_id="w3:t1"
2026-07-24T15:17:57.789008Z  INFO herdr::logging: session saved event="persist.save" subsystem="persist" outcome="ok" path=/home/Ronaldcdz/.config/herdr/session.json workspaces=2
2026-07-24T15:18:28.969980Z  INFO herdr::logging: tab focused event="tab.focus" subsystem="tab" outcome="ok" workspace_id="w3" tab_id="w3:t2"
2026-07-24T15:18:33.976552Z  INFO herdr::logging: session saved event="persist.save" subsystem="persist" outcome="ok" path=/home/Ronaldcdz/.config/herdr/session.json workspaces=2
2026-07-24T15:18:39.836132Z  INFO herdr::logging: tab focused event="tab.focus" subsystem="tab" outcome="ok" workspace_id="w3" tab_id="w3:t1"
2026-07-24T15:18:44.842526Z  INFO herdr::logging: session saved event="persist.save" subsystem="persist" outcome="ok" path=/home/Ronaldcdz/.config/herdr/session.json workspaces=2
2026-07-24T15:20:44.237044Z  INFO herdr::logging: tab focused event="tab.focus" subsystem="tab" outcome="ok" workspace_id="w3" tab_id="w3:t2"
2026-07-24T15:20:49.242865Z  INFO herdr::logging: session saved event="persist.save" subsystem="persist" outcome="ok" path=/home/Ronaldcdz/.config/herdr/session.json workspaces=2
2026-07-24T15:21:01.887247Z  INFO herdr::app::actions: copied selection to clipboard
2026-07-24T15:25:05.962129Z  INFO herdr::logging: workspace focused event="workspace.focus" subsystem="workspace" outcome="ok" workspace_id="w2"
2026-07-24T15:25:05.962266Z  INFO herdr::logging: tab focused event="tab.focus" subsystem="tab" outcome="ok" workspace_id="w2" tab_id="w2:t1"
2026-07-24T15:25:10.972114Z  INFO herdr::logging: session saved event="persist.save" subsystem="persist" outcome="ok" path=/home/Ronaldcdz/.config/herdr/session.json workspaces=2
2026-07-24T15:26:25.267796Z  INFO herdr::logging: workspace focused event="workspace.focus" subsystem="workspace" outcome="ok" workspace_id="w3"
2026-07-24T15:26:25.267904Z  INFO herdr::logging: tab focused event="tab.focus" subsystem="tab" outcome="ok" workspace_id="w3" tab_id="w3:t2"
2026-07-24T15:26:30.273918Z  INFO herdr::logging: session saved event="persist.save" subsystem="persist" outcome="ok" path=/home/Ronaldcdz/.config/herdr/session.json workspaces=2
2026-07-24T15:28:47.132237Z  INFO herdr::logging: tab focused event="tab.focus" subsystem="tab" outcome="ok" workspace_id="w3" tab_id="w3:t1"
2026-07-24T15:28:52.139587Z  INFO herdr::logging: session saved event="persist.save" subsystem="persist" outcome="ok" path=/home/Ronaldcdz/.config/herdr/session.json workspaces=2
2026-07-24T15:31:32.107108Z  INFO herdr::logging: checking for updates event="update.check.start" subsystem="update" outcome="started"
2026-07-24T15:45:38.409986Z  INFO herdr::logging: workspace focused event="workspace.focus" subsystem="workspace" outcome="ok" workspace_id="w2"
2026-07-24T15:45:38.410116Z  INFO herdr::logging: tab focused event="tab.focus" subsystem="tab" outcome="ok" workspace_id="w2" tab_id="w2:t1"
2026-07-24T15:45:43.417512Z  INFO herdr::logging: session saved event="persist.save" subsystem="persist" outcome="ok" path=/home/Ronaldcdz/.config/herdr/session.json workspaces=2
2026-07-24T16:01:32.108402Z  INFO herdr::logging: checking for updates event="update.check.start" subsystem="update" outcome="started"
2026-07-24T16:16:05.836070Z  INFO herdr::logging: workspace focused event="workspace.focus" subsystem="workspace" outcome="ok" workspace_id="w3"
2026-07-24T16:16:05.836180Z  INFO herdr::logging: tab focused event="tab.focus" subsystem="tab" outcome="ok" workspace_id="w3" tab_id="w3:t1"
2026-07-24T16:16:07.937092Z  INFO herdr::logging: workspace focused event="workspace.focus" subsystem="workspace" outcome="ok" workspace_id="w2"
2026-07-24T16:16:07.937194Z  INFO herdr::logging: tab focused event="tab.focus" subsystem="tab" outcome="ok" workspace_id="w2" tab_id="w2:t1"
2026-07-24T16:16:12.944104Z  INFO herdr::logging: session saved event="persist.save" subsystem="persist" outcome="ok" path=/home/Ronaldcdz/.config/herdr/session.json workspaces=2
2026-07-24T16:16:17.728205Z  INFO herdr::logging: workspace focused event="workspace.focus" subsystem="workspace" outcome="ok" workspace_id="w3"
2026-07-24T16:16:17.728306Z  INFO herdr::logging: tab focused event="tab.focus" subsystem="tab" outcome="ok" workspace_id="w3" tab_id="w3:t1"
2026-07-24T16:16:22.733148Z  INFO herdr::logging: session saved event="persist.save" subsystem="persist" outcome="ok" path=/home/Ronaldcdz/.config/herdr/session.json workspaces=2
2026-07-24T16:16:24.019351Z  INFO herdr::logging: tab focused event="tab.focus" subsystem="tab" outcome="ok" workspace_id="w3" tab_id="w3:t2"
2026-07-24T16:16:29.023989Z  INFO herdr::logging: session saved event="persist.save" subsystem="persist" outcome="ok" path=/home/Ronaldcdz/.config/herdr/session.json workspaces=2
2026-07-24T16:17:22.446346Z  INFO herdr::logging: pane child exited event="pane.exit" subsystem="pane" outcome="completed" pane_id=3 status="ExitStatus { code: 1, signal: Some(\"Hangup\") }"
2026-07-24T16:17:22.473986Z  INFO herdr::pane: pane session terminated pane=3 pid=3006 signal=Hangup
2026-07-24T16:17:22.474828Z  WARN herdr::app::actions: PaneDied for unknown pane pane=3
2026-07-24T16:17:27.477185Z  INFO herdr::logging: session saved event="persist.save" subsystem="persist" outcome="ok" path=/home/Ronaldcdz/.config/herdr/session.json workspaces=2
2026-07-24T16:17:50.905982Z  INFO herdr::logging: workspace focused event="workspace.focus" subsystem="workspace" outcome="ok" workspace_id="w2"
2026-07-24T16:17:50.906032Z  INFO herdr::logging: tab focused event="tab.focus" subsystem="tab" outcome="ok" workspace_id="w2" tab_id="w2:t1"
2026-07-24T16:17:55.908173Z  INFO herdr::logging: session saved event="persist.save" subsystem="persist" outcome="ok" path=/home/Ronaldcdz/.config/herdr/session.json workspaces=2
2026-07-24T16:17:58.970671Z  INFO herdr::logging: workspace focused event="workspace.focus" subsystem="workspace" outcome="ok" workspace_id="w3"
2026-07-24T16:17:58.970815Z  INFO herdr::logging: tab focused event="tab.focus" subsystem="tab" outcome="ok" workspace_id="w3" tab_id="w3:t1"
2026-07-24T16:18:03.975205Z  INFO herdr::logging: session saved event="persist.save" subsystem="persist" outcome="ok" path=/home/Ronaldcdz/.config/herdr/session.json workspaces=2
2026-07-24T16:31:32.109575Z  INFO herdr::logging: checking for updates event="update.check.start" subsystem="update" outcome="started"
2026-07-24T16:40:55.664297Z  INFO herdr::logging: workspace focused event="workspace.focus" subsystem="workspace" outcome="ok" workspace_id="w2"
2026-07-24T16:40:55.664572Z  INFO herdr::logging: tab focused event="tab.focus" subsystem="tab" outcome="ok" workspace_id="w2" tab_id="w2:t1"
2026-07-24T16:41:00.670072Z  INFO herdr::logging: session saved event="persist.save" subsystem="persist" outcome="ok" path=/home/Ronaldcdz/.config/herdr/session.json workspaces=2
2026-07-24T16:46:09.195953Z  INFO herdr::logging: workspace focused event="workspace.focus" subsystem="workspace" outcome="ok" workspace_id="w3"
2026-07-24T16:46:09.196059Z  INFO herdr::logging: tab focused event="tab.focus" subsystem="tab" outcome="ok" workspace_id="w3" tab_id="w3:t1"
2026-07-24T16:46:14.209536Z  INFO herdr::logging: session saved event="persist.save" subsystem="persist" outcome="ok" path=/home/Ronaldcdz/.config/herdr/session.json workspaces=2
2026-07-24T16:51:26.200925Z  INFO herdr::logging: workspace focused event="workspace.focus" subsystem="workspace" outcome="ok" workspace_id="w2"
2026-07-24T16:51:26.201037Z  INFO herdr::logging: tab focused event="tab.focus" subsystem="tab" outcome="ok" workspace_id="w2" tab_id="w2:t1"
2026-07-24T16:51:31.207586Z  INFO herdr::logging: session saved event="persist.save" subsystem="persist" outcome="ok" path=/home/Ronaldcdz/.config/herdr/session.json workspaces=2
2026-07-24T17:01:32.111622Z  INFO herdr::logging: checking for updates event="update.check.start" subsystem="update" outcome="started"
2026-07-24T17:31:32.113560Z  INFO herdr::logging: checking for updates event="update.check.start" subsystem="update" outcome="started"
2026-07-24T18:01:32.115225Z  INFO herdr::logging: checking for updates event="update.check.start" subsystem="update" outcome="started"
2026-07-24T18:10:41.474442Z  INFO herdr::logging: workspace focused event="workspace.focus" subsystem="workspace" outcome="ok" workspace_id="w3"
2026-07-24T18:10:41.474551Z  INFO herdr::logging: tab focused event="tab.focus" subsystem="tab" outcome="ok" workspace_id="w3" tab_id="w3:t1"
2026-07-24T18:10:46.480122Z  INFO herdr::logging: session saved event="persist.save" subsystem="persist" outcome="ok" path=/home/Ronaldcdz/.config/herdr/session.json workspaces=2
2026-07-24T18:10:47.574483Z  INFO herdr::logging: workspace focused event="workspace.focus" subsystem="workspace" outcome="ok" workspace_id="w2"
2026-07-24T18:10:47.574580Z  INFO herdr::logging: tab focused event="tab.focus" subsystem="tab" outcome="ok" workspace_id="w2" tab_id="w2:t1"
2026-07-24T18:10:52.580047Z  INFO herdr::logging: session saved event="persist.save" subsystem="persist" outcome="ok" path=/home/Ronaldcdz/.config/herdr/session.json workspaces=2
2026-07-24T18:11:11.814109Z  INFO herdr::logging: workspace focused event="workspace.focus" subsystem="workspace" outcome="ok" workspace_id="w3"
2026-07-24T18:11:11.814209Z  INFO herdr::logging: tab focused event="tab.focus" subsystem="tab" outcome="ok" workspace_id="w3" tab_id="w3:t1"
2026-07-24T18:11:14.173838Z  INFO herdr::logging: workspace focused event="workspace.focus" subsystem="workspace" outcome="ok" workspace_id="w2"
2026-07-24T18:11:14.173953Z  INFO herdr::logging: tab focused event="tab.focus" subsystem="tab" outcome="ok" workspace_id="w2" tab_id="w2:t1"
2026-07-24T18:11:19.201437Z  INFO herdr::logging: session saved event="persist.save" subsystem="persist" outcome="ok" path=/home/Ronaldcdz/.config/herdr/session.json workspaces=2
2026-07-24T18:11:31.479468Z  INFO herdr::logging: workspace focused event="workspace.focus" subsystem="workspace" outcome="ok" workspace_id="w3"
2026-07-24T18:11:31.479569Z  INFO herdr::logging: tab focused event="tab.focus" subsystem="tab" outcome="ok" workspace_id="w3" tab_id="w3:t1"
2026-07-24T18:11:36.486597Z  INFO herdr::logging: session saved event="persist.save" subsystem="persist" outcome="ok" path=/home/Ronaldcdz/.config/herdr/session.json workspaces=2
2026-07-24T18:18:30.663873Z  INFO herdr::app::actions: copied selection to clipboard
2026-07-24T18:18:44.445914Z  INFO herdr::server::headless: client resize client_id=2 cols=191 rows=47 cell_width_px=0 cell_height_px=0
2026-07-24T18:19:06.879830Z  INFO herdr::server::headless: client resize client_id=2 cols=191 rows=48 cell_width_px=0 cell_height_px=0
2026-07-24T18:20:07.588598Z  INFO herdr::app::actions: copied selection to clipboard
2026-07-24T18:20:09.999637Z  INFO herdr::app::actions: copied selection to clipboard
2026-07-24T18:23:27.986202Z  INFO herdr::app::actions: copied selection to clipboard
2026-07-24T18:25:09.439099Z  INFO herdr::logging: workspace focused event="workspace.focus" subsystem="workspace" outcome="ok" workspace_id="w2"
2026-07-24T18:25:09.439228Z  INFO herdr::logging: tab focused event="tab.focus" subsystem="tab" outcome="ok" workspace_id="w2" tab_id="w2:t1"
2026-07-24T18:25:14.449909Z  INFO herdr::logging: session saved event="persist.save" subsystem="persist" outcome="ok" path=/home/Ronaldcdz/.config/herdr/session.json workspaces=2
2026-07-24T18:31:32.116469Z  INFO herdr::logging: checking for updates event="update.check.start" subsystem="update" outcome="started"
2026-07-24T18:35:11.482853Z  INFO herdr::logging: workspace focused event="workspace.focus" subsystem="workspace" outcome="ok" workspace_id="w3"
2026-07-24T18:35:11.482973Z  INFO herdr::logging: tab focused event="tab.focus" subsystem="tab" outcome="ok" workspace_id="w3" tab_id="w3:t1"
2026-07-24T18:35:16.489745Z  INFO herdr::logging: session saved event="persist.save" subsystem="persist" outcome="ok" path=/home/Ronaldcdz/.config/herdr/session.json workspaces=2
2026-07-24T18:36:20.804130Z  INFO herdr::logging: tab focused event="tab.focus" subsystem="tab" outcome="ok" workspace_id="w3" tab_id="w3:t1"
2026-07-24T18:36:22.202130Z  INFO herdr::logging: tab focused event="tab.focus" subsystem="tab" outcome="ok" workspace_id="w3" tab_id="w3:t1"
2026-07-24T18:36:24.840315Z  INFO herdr::logging: spawning pane terminal event="pane.spawn.start" subsystem="pane" outcome="started" pane_id=4 rows=47 cols=165 scrollback_limit_bytes=10000000
2026-07-24T18:36:24.844259Z  INFO herdr::logging: pane child spawned event="pane.spawned" subsystem="pane" outcome="ok" pane_id=4 pid=124817
2026-07-24T18:36:24.844995Z  INFO herdr::logging: tab renamed event="tab.rename" subsystem="tab" outcome="ok" workspace_id="w3" tab_id="w3:t4"
2026-07-24T18:36:24.845086Z  INFO herdr::logging: tab focused event="tab.focus" subsystem="tab" outcome="ok" workspace_id="w3" tab_id="w3:t4"
2026-07-24T18:36:29.850892Z  INFO herdr::logging: session saved event="persist.save" subsystem="persist" outcome="ok" path=/home/Ronaldcdz/.config/herdr/session.json workspaces=2
2026-07-24T18:36:54.799280Z  INFO herdr::app::actions: copied selection to clipboard
2026-07-24T18:36:55.837214Z  INFO herdr::logging: tab focused event="tab.focus" subsystem="tab" outcome="ok" workspace_id="w3" tab_id="w3:t1"
2026-07-24T18:37:00.840951Z  INFO herdr::logging: session saved event="persist.save" subsystem="persist" outcome="ok" path=/home/Ronaldcdz/.config/herdr/session.json workspaces=2
2026-07-24T18:39:28.969363Z  INFO herdr::logging: tab focused event="tab.focus" subsystem="tab" outcome="ok" workspace_id="w3" tab_id="w3:t4"
2026-07-24T18:39:31.655610Z  INFO herdr::logging: tab focused event="tab.focus" subsystem="tab" outcome="ok" workspace_id="w3" tab_id="w3:t1"
2026-07-24T18:39:36.661973Z  INFO herdr::logging: session saved event="persist.save" subsystem="persist" outcome="ok" path=/home/Ronaldcdz/.config/herdr/session.json workspaces=2
2026-07-24T18:39:37.708347Z  INFO herdr::logging: tab focused event="tab.focus" subsystem="tab" outcome="ok" workspace_id="w3" tab_id="w3:t4"
2026-07-24T18:39:42.716293Z  INFO herdr::logging: session saved event="persist.save" subsystem="persist" outcome="ok" path=/home/Ronaldcdz/.config/herdr/session.json workspaces=2
2026-07-24T18:40:05.986468Z  INFO herdr::logging: tab focused event="tab.focus" subsystem="tab" outcome="ok" workspace_id="w3" tab_id="w3:t1"
2026-07-24T18:40:07.777469Z  INFO herdr::logging: tab focused event="tab.focus" subsystem="tab" outcome="ok" workspace_id="w3" tab_id="w3:t4"
2026-07-24T18:40:12.784570Z  INFO herdr::logging: session saved event="persist.save" subsystem="persist" outcome="ok" path=/home/Ronaldcdz/.config/herdr/session.json workspaces=2
2026-07-24T18:40:51.569287Z  INFO herdr::logging: tab focused event="tab.focus" subsystem="tab" outcome="ok" workspace_id="w3" tab_id="w3:t1"
2026-07-24T18:40:56.574921Z  INFO herdr::logging: session saved event="persist.save" subsystem="persist" outcome="ok" path=/home/Ronaldcdz/.config/herdr/session.json workspaces=2
2026-07-24T18:48:12.646136Z  INFO herdr::server::headless: client resize client_id=2 cols=191 rows=49 cell_width_px=0 cell_height_px=0
2026-07-24T18:48:50.502729Z  INFO herdr::server::headless: client resize client_id=2 cols=191 rows=47 cell_width_px=0 cell_height_px=0
2026-07-24T18:49:14.838777Z  INFO herdr::server::headless: client resize client_id=2 cols=191 rows=48 cell_width_px=0 cell_height_px=0
2026-07-24T18:49:17.143705Z  INFO herdr::server::headless: client resize client_id=2 cols=191 rows=49 cell_width_px=0 cell_height_px=0
2026-07-24T18:49:18.943350Z  INFO herdr::server::headless: client resize client_id=2 cols=191 rows=48 cell_width_px=0 cell_height_px=0
2026-07-24T18:59:30.042859Z  INFO herdr::logging: tab focused event="tab.focus" subsystem="tab" outcome="ok" workspace_id="w3" tab_id="w3:t4"
2026-07-24T18:59:31.280870Z  INFO herdr::logging: tab focused event="tab.focus" subsystem="tab" outcome="ok" workspace_id="w3" tab_id="w3:t1"
2026-07-24T18:59:36.287046Z  INFO herdr::logging: session saved event="persist.save" subsystem="persist" outcome="ok" path=/home/Ronaldcdz/.config/herdr/session.json workspaces=2
2026-07-24T19:01:32.117138Z  INFO herdr::logging: checking for updates event="update.check.start" subsystem="update" outcome="started"
2026-07-24T19:01:35.514585Z  INFO herdr::server::headless: client disconnected client_id=2
2026-07-24T19:01:37.834624Z  INFO herdr::server::headless: client connected client_id=6 cols=191 rows=48 cell_width_px=0 cell_height_px=0 render_encoding=SemanticFrame
2026-07-24T19:02:00.925154Z  INFO herdr::server::headless: client disconnected client_id=6
2026-07-24T19:02:05.199345Z  INFO herdr::server::headless: client connected client_id=8 cols=79 rows=28 cell_width_px=0 cell_height_px=0 render_encoding=SemanticFrame
2026-07-24T19:02:05.302649Z  INFO herdr::server::headless: client resize client_id=8 cols=191 rows=48 cell_width_px=0 cell_height_px=0
2026-07-24T19:03:08.525102Z  INFO herdr::server::headless: client detach requested via keybind client_id=8
2026-07-24T19:03:08.535395Z  INFO herdr::server::headless: client disconnected client_id=8
2026-07-24T19:03:12.565294Z  INFO herdr::server::headless: client connected client_id=10 cols=191 rows=48 cell_width_px=0 cell_height_px=0 render_encoding=SemanticFrame
2026-07-24T19:03:13.825203Z  INFO herdr::server::headless: client detach requested via keybind client_id=10
2026-07-24T19:03:13.836968Z  INFO herdr::server::headless: client disconnected client_id=10
2026-07-24T19:03:16.357592Z  INFO herdr::server::headless: client connected client_id=12 cols=191 rows=48 cell_width_px=0 cell_height_px=0 render_encoding=SemanticFrame
2026-07-24T19:03:19.491269Z  INFO herdr::server::headless: client detach requested via keybind client_id=12
2026-07-24T19:03:19.501466Z  INFO herdr::server::headless: client disconnected client_id=12
2026-07-24T19:03:23.281874Z  INFO herdr::server::headless: client connected client_id=14 cols=79 rows=28 cell_width_px=0 cell_height_px=0 render_encoding=SemanticFrame
2026-07-24T19:03:23.386758Z  INFO herdr::server::headless: client resize client_id=14 cols=191 rows=48 cell_width_px=0 cell_height_px=0
2026-07-24T19:04:20.659985Z  INFO herdr::logging: api request received event="api.request.start" subsystem="api" outcome="started" request_id="cli:server:reload-config" method="server.reload_config" changes_ui=true
2026-07-24T19:04:20.662010Z  INFO herdr::logging: api request completed event="api.request.complete" subsystem="api" outcome="ok" request_id="cli:server:reload-config" method="server.reload_config"
2026-07-24T19:04:26.952081Z  INFO herdr::server::headless: client disconnected client_id=14
2026-07-24T19:04:29.718462Z  INFO herdr::server::headless: client connected client_id=16 cols=79 rows=28 cell_width_px=0 cell_height_px=0 render_encoding=SemanticFrame
2026-07-24T19:04:29.820583Z  INFO herdr::server::headless: client resize client_id=16 cols=191 rows=48 cell_width_px=0 cell_height_px=0
2026-07-24T19:04:44.846735Z  INFO herdr::server::headless: client resize client_id=16 cols=95 rows=48 cell_width_px=0 cell_height_px=0
2026-07-24T19:04:56.366654Z  INFO herdr::server::headless: client resize client_id=16 cols=191 rows=48 cell_width_px=0 cell_height_px=0
2026-07-24T19:07:43.960404Z  INFO herdr::logging: pane child exited event="pane.exit" subsystem="pane" outcome="completed" pane_id=2 status="ExitStatus { code: 0, signal: None }"
2026-07-24T19:07:43.960803Z  INFO herdr::pane: pane session terminated pane=2 pid=3003 signal=Hangup
2026-07-24T19:07:48.964350Z  INFO herdr::logging: session saved event="persist.save" subsystem="persist" outcome="ok" path=/home/Ronaldcdz/.config/herdr/session.json workspaces=2
2026-07-24T19:08:43.251000Z  INFO herdr::app::actions: copied selection to clipboard
2026-07-24T19:09:30.786613Z  INFO herdr::app::actions: copied selection to clipboard
2026-07-24T19:10:48.601215Z  INFO herdr::logging: api request received event="api.request.start" subsystem="api" outcome="started" request_id="cli:server:reload-config" method="server.reload_config" changes_ui=true
2026-07-24T19:10:48.602765Z  INFO herdr::logging: api request completed event="api.request.complete" subsystem="api" outcome="ok" request_id="cli:server:reload-config" method="server.reload_config"
2026-07-24T19:10:58.630283Z  INFO herdr::server::headless: client disconnected client_id=16
2026-07-24T19:11:00.392290Z  INFO herdr::server::headless: client connected client_id=18 cols=191 rows=48 cell_width_px=0 cell_height_px=0 render_encoding=SemanticFrame
2026-07-24T19:12:07.625791Z  INFO herdr::logging: spawning pane terminal event="pane.spawn.start" subsystem="pane" outcome="started" pane_id=5 rows=47 cols=165 scrollback_limit_bytes=10000000
2026-07-24T19:12:07.629829Z  INFO herdr::logging: pane child spawned event="pane.spawned" subsystem="pane" outcome="ok" pane_id=5 pid=137387
2026-07-24T19:12:07.630830Z  INFO herdr::logging: tab focused event="tab.focus" subsystem="tab" outcome="ok" workspace_id="w3" tab_id="w3:t5"
2026-07-24T19:12:12.635520Z  INFO herdr::logging: session saved event="persist.save" subsystem="persist" outcome="ok" path=/home/Ronaldcdz/.config/herdr/session.json workspaces=2
2026-07-24T19:15:34.766927Z  INFO herdr::logging: tab focused event="tab.focus" subsystem="tab" outcome="ok" workspace_id="w3" tab_id="w3:t4"
2026-07-24T19:15:35.921140Z  INFO herdr::logging: pane child exited event="pane.exit" subsystem="pane" outcome="completed" pane_id=4 status="ExitStatus { code: 1, signal: Some(\"Hangup\") }"
2026-07-24T19:15:35.944324Z  INFO herdr::pane: pane session terminated pane=4 pid=124817 signal=Hangup
2026-07-24T19:15:35.945208Z  WARN herdr::app::actions: PaneDied for unknown pane pane=4
2026-07-24T19:15:40.946756Z  INFO herdr::logging: session saved event="persist.save" subsystem="persist" outcome="ok" path=/home/Ronaldcdz/.config/herdr/session.json workspaces=2
2026-07-24T19:16:23.460644Z  INFO herdr::logging: spawning pane terminal event="pane.spawn.start" subsystem="pane" outcome="started" pane_id=6 rows=47 cols=165 scrollback_limit_bytes=10000000
2026-07-24T19:16:23.464526Z  INFO herdr::logging: pane child spawned event="pane.spawned" subsystem="pane" outcome="ok" pane_id=6 pid=138591
2026-07-24T19:16:23.465613Z  INFO herdr::logging: tab focused event="tab.focus" subsystem="tab" outcome="ok" workspace_id="w3" tab_id="w3:t6"
2026-07-24T19:16:28.470363Z  INFO herdr::logging: session saved event="persist.save" subsystem="persist" outcome="ok" path=/home/Ronaldcdz/.config/herdr/session.json workspaces=2
2026-07-24T19:16:30.515604Z  INFO herdr::logging: pane child exited event="pane.exit" subsystem="pane" outcome="completed" pane_id=6 status="ExitStatus { code: 1, signal: None }"
2026-07-24T19:16:30.537807Z  INFO herdr::pane: pane session terminated pane=6 pid=138591 signal=Hangup
2026-07-24T19:16:30.538378Z  WARN herdr::app::actions: PaneDied for unknown pane pane=6
2026-07-24T19:16:35.539871Z  INFO herdr::logging: session saved event="persist.save" subsystem="persist" outcome="ok" path=/home/Ronaldcdz/.config/herdr/session.json workspaces=2
2026-07-24T19:17:12.268907Z  INFO herdr::logging: spawning pane terminal event="pane.spawn.start" subsystem="pane" outcome="started" pane_id=7 rows=47 cols=165 scrollback_limit_bytes=10000000
2026-07-24T19:17:12.272915Z  INFO herdr::logging: pane child spawned event="pane.spawned" subsystem="pane" outcome="ok" pane_id=7 pid=138954
2026-07-24T19:17:12.273607Z  INFO herdr::logging: tab focused event="tab.focus" subsystem="tab" outcome="ok" workspace_id="w3" tab_id="w3:t7"
2026-07-24T19:17:17.278857Z  INFO herdr::logging: session saved event="persist.save" subsystem="persist" outcome="ok" path=/home/Ronaldcdz/.config/herdr/session.json workspaces=2
2026-07-24T19:22:37.073508Z  INFO herdr::logging: tab focused event="tab.focus" subsystem="tab" outcome="ok" workspace_id="w3" tab_id="w3:t5"
2026-07-24T19:22:42.078168Z  INFO herdr::logging: session saved event="persist.save" subsystem="persist" outcome="ok" path=/home/Ronaldcdz/.config/herdr/session.json workspaces=2
2026-07-24T19:22:47.325747Z  INFO herdr::logging: tab focused event="tab.focus" subsystem="tab" outcome="ok" workspace_id="w3" tab_id="w3:t7"
2026-07-24T19:22:52.328958Z  INFO herdr::logging: session saved event="persist.save" subsystem="persist" outcome="ok" path=/home/Ronaldcdz/.config/herdr/session.json workspaces=2
2026-07-24T19:24:00.327819Z  INFO herdr::app::actions: copied selection to clipboard
2026-07-24T19:26:15.151223Z  INFO herdr::logging: spawning pane terminal event="pane.spawn.start" subsystem="pane" outcome="started" pane_id=8 rows=47 cols=165 scrollback_limit_bytes=10000000
2026-07-24T19:26:15.155708Z  INFO herdr::logging: pane child spawned event="pane.spawned" subsystem="pane" outcome="ok" pane_id=8 pid=142075
2026-07-24T19:26:15.156461Z  INFO herdr::logging: tab focused event="tab.focus" subsystem="tab" outcome="ok" workspace_id="w3" tab_id="w3:t8"
2026-07-24T19:26:16.678196Z  INFO herdr::logging: tab focused event="tab.focus" subsystem="tab" outcome="ok" workspace_id="w3" tab_id="w3:t5"
2026-07-24T19:26:17.385430Z  INFO herdr::logging: pane child exited event="pane.exit" subsystem="pane" outcome="completed" pane_id=5 status="ExitStatus { code: 1, signal: None }"
2026-07-24T19:26:17.421770Z  INFO herdr::pane: pane session terminated pane=5 pid=137387 signal=Hangup
2026-07-24T19:26:17.422923Z  WARN herdr::app::actions: PaneDied for unknown pane pane=5
2026-07-24T19:26:18.210434Z  INFO herdr::logging: pane child exited event="pane.exit" subsystem="pane" outcome="completed" pane_id=7 status="ExitStatus { code: 1, signal: None }"
2026-07-24T19:26:18.233580Z  INFO herdr::pane: pane session terminated pane=7 pid=138954 signal=Hangup
2026-07-24T19:26:18.234732Z  WARN herdr::app::actions: PaneDied for unknown pane pane=7
2026-07-24T19:26:23.236885Z  INFO herdr::logging: session saved event="persist.save" subsystem="persist" outcome="ok" path=/home/Ronaldcdz/.config/herdr/session.json workspaces=2
2026-07-24T19:27:43.594271Z  INFO herdr::server::headless: client disconnected client_id=18
2026-07-24T19:27:46.363323Z  INFO herdr::server::headless: client connected client_id=20 cols=79 rows=28 cell_width_px=0 cell_height_px=0 render_encoding=SemanticFrame
2026-07-24T19:27:46.467400Z  INFO herdr::server::headless: client resize client_id=20 cols=191 rows=48 cell_width_px=0 cell_height_px=0
2026-07-24T19:27:49.143036Z  INFO herdr::logging: spawning pane terminal event="pane.spawn.start" subsystem="pane" outcome="started" pane_id=9 rows=47 cols=165 scrollback_limit_bytes=10000000
2026-07-24T19:27:49.147061Z  INFO herdr::logging: pane child spawned event="pane.spawned" subsystem="pane" outcome="ok" pane_id=9 pid=142539
2026-07-24T19:27:49.147783Z  INFO herdr::logging: tab focused event="tab.focus" subsystem="tab" outcome="ok" workspace_id="w3" tab_id="w3:t9"
2026-07-24T19:27:49.912626Z  INFO herdr::logging: tab focused event="tab.focus" subsystem="tab" outcome="ok" workspace_id="w3" tab_id="w3:t8"
2026-07-24T19:27:51.148633Z  INFO herdr::logging: tab focused event="tab.focus" subsystem="tab" outcome="ok" workspace_id="w3" tab_id="w3:t9"
2026-07-24T19:27:56.151230Z  INFO herdr::logging: session saved event="persist.save" subsystem="persist" outcome="ok" path=/home/Ronaldcdz/.config/herdr/session.json workspaces=2
2026-07-24T19:28:11.943094Z  INFO herdr::logging: api request received event="api.request.start" subsystem="api" outcome="started" request_id="cli:server:reload-config" method="server.reload_config" changes_ui=true
2026-07-24T19:28:11.953999Z  INFO herdr::logging: api request completed event="api.request.complete" subsystem="api" outcome="ok" request_id="cli:server:reload-config" method="server.reload_config"
2026-07-24T19:28:14.712670Z  INFO herdr::logging: tab focused event="tab.focus" subsystem="tab" outcome="ok" workspace_id="w3" tab_id="w3:t8"
2026-07-24T19:28:15.450244Z  INFO herdr::logging: pane child exited event="pane.exit" subsystem="pane" outcome="completed" pane_id=8 status="ExitStatus { code: 1, signal: None }"
2026-07-24T19:28:15.474862Z  INFO herdr::pane: pane session terminated pane=8 pid=142075 signal=Hangup
2026-07-24T19:28:15.475646Z  WARN herdr::app::actions: PaneDied for unknown pane pane=8
2026-07-24T19:28:20.477822Z  INFO herdr::logging: session saved event="persist.save" subsystem="persist" outcome="ok" path=/home/Ronaldcdz/.config/herdr/session.json workspaces=2
2026-07-24T19:30:47.742051Z  INFO herdr::logging: spawning pane terminal event="pane.spawn.start" subsystem="pane" outcome="started" pane_id=10 rows=47 cols=165 scrollback_limit_bytes=10000000
2026-07-24T19:30:47.746396Z  INFO herdr::logging: pane child spawned event="pane.spawned" subsystem="pane" outcome="ok" pane_id=10 pid=143468
2026-07-24T19:30:47.747144Z  INFO herdr::logging: tab focused event="tab.focus" subsystem="tab" outcome="ok" workspace_id="w3" tab_id="w3:tA"
2026-07-24T19:30:52.751994Z  INFO herdr::logging: session saved event="persist.save" subsystem="persist" outcome="ok" path=/home/Ronaldcdz/.config/herdr/session.json workspaces=2
2026-07-24T19:30:54.079671Z  INFO herdr::logging: tab focused event="tab.focus" subsystem="tab" outcome="ok" workspace_id="w3" tab_id="w3:t9"
2026-07-24T19:30:57.192350Z  INFO herdr::app::actions: copied selection to clipboard
2026-07-24T19:30:58.873956Z  INFO herdr::logging: tab focused event="tab.focus" subsystem="tab" outcome="ok" workspace_id="w3" tab_id="w3:tA"
2026-07-24T19:31:03.877182Z  INFO herdr::logging: session saved event="persist.save" subsystem="persist" outcome="ok" path=/home/Ronaldcdz/.config/herdr/session.json workspaces=2
2026-07-24T19:31:04.432098Z  INFO herdr::logging: tab focused event="tab.focus" subsystem="tab" outcome="ok" workspace_id="w3" tab_id="w3:t9"
2026-07-24T19:31:09.434934Z  INFO herdr::logging: session saved event="persist.save" subsystem="persist" outcome="ok" path=/home/Ronaldcdz/.config/herdr/session.json workspaces=2
2026-07-24T19:31:11.834590Z  INFO herdr::app::actions: copied selection to clipboard
2026-07-24T19:31:14.055625Z  INFO herdr::app::actions: copied selection to clipboard
2026-07-24T19:31:15.826906Z  INFO herdr::logging: tab focused event="tab.focus" subsystem="tab" outcome="ok" workspace_id="w3" tab_id="w3:tA"
2026-07-24T19:31:20.829834Z  INFO herdr::logging: session saved event="persist.save" subsystem="persist" outcome="ok" path=/home/Ronaldcdz/.config/herdr/session.json workspaces=2
2026-07-24T19:31:32.118117Z  INFO herdr::logging: checking for updates event="update.check.start" subsystem="update" outcome="started"
2026-07-24T19:32:45.093111Z  INFO herdr::app::actions: copied selection to clipboard
2026-07-24T19:34:13.277627Z  INFO herdr::logging: tab focused event="tab.focus" subsystem="tab" outcome="ok" workspace_id="w3" tab_id="w3:t9"
2026-07-24T19:34:14.666000Z  INFO herdr::logging: tab focused event="tab.focus" subsystem="tab" outcome="ok" workspace_id="w3" tab_id="w3:tA"
2026-07-24T19:34:19.669269Z  INFO herdr::logging: session saved event="persist.save" subsystem="persist" outcome="ok" path=/home/Ronaldcdz/.config/herdr/session.json workspaces=2
2026-07-24T19:37:56.118490Z  INFO herdr::logging: tab focused event="tab.focus" subsystem="tab" outcome="ok" workspace_id="w3" tab_id="w3:t9"
2026-07-24T19:38:01.124310Z  INFO herdr::logging: session saved event="persist.save" subsystem="persist" outcome="ok" path=/home/Ronaldcdz/.config/herdr/session.json workspaces=2
2026-07-24T19:38:19.311594Z  INFO herdr::logging: tab focused event="tab.focus" subsystem="tab" outcome="ok" workspace_id="w3" tab_id="w3:tA"
2026-07-24T19:38:24.315295Z  INFO herdr::logging: session saved event="persist.save" subsystem="persist" outcome="ok" path=/home/Ronaldcdz/.config/herdr/session.json workspaces=2
2026-07-24T19:39:07.831936Z  INFO herdr::app::actions: copied selection to clipboard
2026-07-24T19:40:12.144376Z  INFO herdr::logging: tab focused event="tab.focus" subsystem="tab" outcome="ok" workspace_id="w3" tab_id="w3:t9"
2026-07-24T19:40:17.149757Z  INFO herdr::logging: session saved event="persist.save" subsystem="persist" outcome="ok" path=/home/Ronaldcdz/.config/herdr/session.json workspaces=2
2026-07-24T19:40:19.179300Z  INFO herdr::logging: tab focused event="tab.focus" subsystem="tab" outcome="ok" workspace_id="w3" tab_id="w3:tA"
2026-07-24T19:40:24.183718Z  INFO herdr::logging: session saved event="persist.save" subsystem="persist" outcome="ok" path=/home/Ronaldcdz/.config/herdr/session.json workspaces=2
2026-07-24T19:41:32.447356Z  INFO herdr::app::actions: copied selection to clipboard
2026-07-24T19:41:39.100272Z  INFO herdr::app::actions: copied selection to clipboard
2026-07-24T19:43:02.049340Z  INFO herdr::logging: tab focused event="tab.focus" subsystem="tab" outcome="ok" workspace_id="w3" tab_id="w3:t9"
2026-07-24T19:43:07.053379Z  INFO herdr::logging: session saved event="persist.save" subsystem="persist" outcome="ok" path=/home/Ronaldcdz/.config/herdr/session.json workspaces=2
2026-07-24T19:43:17.574399Z  INFO herdr::logging: tab focused event="tab.focus" subsystem="tab" outcome="ok" workspace_id="w3" tab_id="w3:tA"
2026-07-24T19:43:22.579364Z  INFO herdr::logging: session saved event="persist.save" subsystem="persist" outcome="ok" path=/home/Ronaldcdz/.config/herdr/session.json workspaces=2
2026-07-24T19:46:43.238887Z  INFO herdr::logging: tab focused event="tab.focus" subsystem="tab" outcome="ok" workspace_id="w3" tab_id="w3:t9"
2026-07-24T19:46:48.242252Z  INFO herdr::logging: session saved event="persist.save" subsystem="persist" outcome="ok" path=/home/Ronaldcdz/.config/herdr/session.json workspaces=2
2026-07-24T19:46:54.656876Z  INFO herdr::logging: tab focused event="tab.focus" subsystem="tab" outcome="ok" workspace_id="w3" tab_id="w3:tA"
2026-07-24T19:46:55.620241Z  INFO herdr::logging: pane child exited event="pane.exit" subsystem="pane" outcome="completed" pane_id=10 status="ExitStatus { code: 1, signal: None }"
2026-07-24T19:46:55.656598Z  INFO herdr::pane: pane session terminated pane=10 pid=143468 signal=Hangup
2026-07-24T19:46:55.657419Z  WARN herdr::app::actions: PaneDied for unknown pane pane=10
2026-07-24T19:46:56.699930Z  INFO herdr::logging: workspace closed event="workspace.close" subsystem="workspace" outcome="ok" workspace_id="w3"
2026-07-24T19:46:56.701501Z  INFO herdr::logging: pane child exited event="pane.exit" subsystem="pane" outcome="completed" pane_id=9 status="ExitStatus { code: 1, signal: None }"
2026-07-24T19:46:56.724211Z  INFO herdr::pane: pane session terminated pane=9 pid=142539 signal=Hangup
2026-07-24T19:46:56.725118Z  WARN herdr::app::actions: PaneDied for unknown pane pane=9
2026-07-24T19:47:01.133748Z  INFO herdr::logging: workspace renamed event="workspace.rename" subsystem="workspace" outcome="ok" workspace_id="w2"
2026-07-24T19:47:06.136091Z  INFO herdr::logging: session saved event="persist.save" subsystem="persist" outcome="ok" path=/home/Ronaldcdz/.config/herdr/session.json workspaces=1
2026-07-24T19:47:08.106908Z  INFO herdr::logging: workspace renamed event="workspace.rename" subsystem="workspace" outcome="ok" workspace_id="w2"
2026-07-24T19:47:09.707157Z  INFO herdr::logging: spawning pane terminal event="pane.spawn.start" subsystem="pane" outcome="started" pane_id=11 rows=47 cols=165 scrollback_limit_bytes=10000000
2026-07-24T19:47:09.711189Z  INFO herdr::logging: pane child spawned event="pane.spawned" subsystem="pane" outcome="ok" pane_id=11 pid=148172
2026-07-24T19:47:09.712024Z  INFO herdr::logging: workspace created event="workspace.create" subsystem="workspace" outcome="ok" workspace_id="w4" pane_id=11
2026-07-24T19:47:09.712069Z  INFO herdr::logging: workspace focused event="workspace.focus" subsystem="workspace" outcome="ok" workspace_id="w4"
2026-07-24T19:47:09.712272Z  INFO herdr::logging: tab focused event="tab.focus" subsystem="tab" outcome="ok" workspace_id="w4" tab_id="w4:t1"
2026-07-24T19:47:14.719112Z  INFO herdr::logging: session saved event="persist.save" subsystem="persist" outcome="ok" path=/home/Ronaldcdz/.config/herdr/session.json workspaces=2
2026-07-24T19:47:15.287000Z  INFO herdr::logging: workspace renamed event="workspace.rename" subsystem="workspace" outcome="ok" workspace_id="w4"
2026-07-24T19:47:20.289595Z  INFO herdr::logging: session saved event="persist.save" subsystem="persist" outcome="ok" path=/home/Ronaldcdz/.config/herdr/session.json workspaces=2
2026-07-24T19:57:35.914211Z  INFO herdr::logging: tab focused event="tab.focus" subsystem="tab" outcome="ok" workspace_id="w4" tab_id="w4:t1"
2026-07-24T19:57:40.917135Z  INFO herdr::logging: session saved event="persist.save" subsystem="persist" outcome="ok" path=/home/Ronaldcdz/.config/herdr/session.json workspaces=2
2026-07-24T19:57:41.045290Z  INFO herdr::logging: tab focused event="tab.focus" subsystem="tab" outcome="ok" workspace_id="w4" tab_id="w4:t1"
2026-07-24T19:57:42.675171Z  INFO herdr::logging: tab focused event="tab.focus" subsystem="tab" outcome="ok" workspace_id="w4" tab_id="w4:t1"
2026-07-24T19:57:44.264483Z  INFO herdr::logging: spawning pane terminal event="pane.spawn.start" subsystem="pane" outcome="started" pane_id=12 rows=47 cols=165 scrollback_limit_bytes=10000000
2026-07-24T19:57:44.269020Z  INFO herdr::logging: pane child spawned event="pane.spawned" subsystem="pane" outcome="ok" pane_id=12 pid=151631
2026-07-24T19:57:44.269666Z  INFO herdr::logging: tab focused event="tab.focus" subsystem="tab" outcome="ok" workspace_id="w4" tab_id="w4:t2"
2026-07-24T19:57:49.278638Z  INFO herdr::logging: session saved event="persist.save" subsystem="persist" outcome="ok" path=/home/Ronaldcdz/.config/herdr/session.json workspaces=2
2026-07-24T19:57:52.462574Z  INFO herdr::logging: tab focused event="tab.focus" subsystem="tab" outcome="ok" workspace_id="w4" tab_id="w4:t1"
2026-07-24T19:57:54.367031Z  INFO herdr::logging: tab focused event="tab.focus" subsystem="tab" outcome="ok" workspace_id="w4" tab_id="w4:t2"
2026-07-24T19:57:55.119642Z  INFO herdr::logging: pane child exited event="pane.exit" subsystem="pane" outcome="completed" pane_id=12 status="ExitStatus { code: 1, signal: None }"
2026-07-24T19:57:55.146255Z  INFO herdr::pane: pane session terminated pane=12 pid=151631 signal=Hangup
2026-07-24T19:57:55.146876Z  WARN herdr::app::actions: PaneDied for unknown pane pane=12
2026-07-24T19:58:00.149039Z  INFO herdr::logging: session saved event="persist.save" subsystem="persist" outcome="ok" path=/home/Ronaldcdz/.config/herdr/session.json workspaces=2
2026-07-24T19:58:04.716468Z  INFO herdr::logging: spawning pane terminal event="pane.spawn.start" subsystem="pane" outcome="started" pane_id=13 rows=47 cols=165 scrollback_limit_bytes=10000000
2026-07-24T19:58:04.721868Z  INFO herdr::logging: pane child spawned event="pane.spawned" subsystem="pane" outcome="ok" pane_id=13 pid=151801
2026-07-24T19:58:04.722605Z  INFO herdr::logging: tab focused event="tab.focus" subsystem="tab" outcome="ok" workspace_id="w4" tab_id="w4:t3"
2026-07-24T19:58:09.728120Z  INFO herdr::logging: session saved event="persist.save" subsystem="persist" outcome="ok" path=/home/Ronaldcdz/.config/herdr/session.json workspaces=2
2026-07-24T19:58:18.598559Z  INFO herdr::logging: pane child exited event="pane.exit" subsystem="pane" outcome="completed" pane_id=13 status="ExitStatus { code: 1, signal: None }"
2026-07-24T19:58:18.619235Z  INFO herdr::pane: pane session terminated pane=13 pid=151801 signal=Hangup
2026-07-24T19:58:18.619866Z  WARN herdr::app::actions: PaneDied for unknown pane pane=13
2026-07-24T19:58:23.622129Z  INFO herdr::logging: session saved event="persist.save" subsystem="persist" outcome="ok" path=/home/Ronaldcdz/.config/herdr/session.json workspaces=2
2026-07-24T19:58:57.788008Z  INFO herdr::logging: spawning pane terminal event="pane.spawn.start" subsystem="pane" outcome="started" pane_id=14 rows=47 cols=165 scrollback_limit_bytes=10000000
2026-07-24T19:58:57.792390Z  INFO herdr::logging: pane child spawned event="pane.spawned" subsystem="pane" outcome="ok" pane_id=14 pid=152074
2026-07-24T19:58:57.793157Z  INFO herdr::logging: tab focused event="tab.focus" subsystem="tab" outcome="ok" workspace_id="w4" tab_id="w4:t4"
2026-07-24T19:59:02.799202Z  INFO herdr::logging: session saved event="persist.save" subsystem="persist" outcome="ok" path=/home/Ronaldcdz/.config/herdr/session.json workspaces=2
2026-07-24T19:59:31.088412Z  INFO herdr::logging: tab focused event="tab.focus" subsystem="tab" outcome="ok" workspace_id="w4" tab_id="w4:t1"
2026-07-24T19:59:36.099634Z  INFO herdr::logging: session saved event="persist.save" subsystem="persist" outcome="ok" path=/home/Ronaldcdz/.config/herdr/session.json workspaces=2
2026-07-24T20:00:29.174183Z  INFO herdr::logging: tab focused event="tab.focus" subsystem="tab" outcome="ok" workspace_id="w4" tab_id="w4:t4"
2026-07-24T20:00:34.179728Z  INFO herdr::logging: session saved event="persist.save" subsystem="persist" outcome="ok" path=/home/Ronaldcdz/.config/herdr/session.json workspaces=2
2026-07-24T20:00:36.966342Z  INFO herdr::app::actions: copied selection to clipboard
2026-07-24T20:00:51.521813Z  INFO herdr::logging: tab focused event="tab.focus" subsystem="tab" outcome="ok" workspace_id="w4" tab_id="w4:t1"
2026-07-24T20:00:56.525746Z  INFO herdr::logging: session saved event="persist.save" subsystem="persist" outcome="ok" path=/home/Ronaldcdz/.config/herdr/session.json workspaces=2
2026-07-24T20:01:32.119586Z  INFO herdr::logging: checking for updates event="update.check.start" subsystem="update" outcome="started"
2026-07-24T20:06:08.364427Z  INFO herdr::logging: tab focused event="tab.focus" subsystem="tab" outcome="ok" workspace_id="w4" tab_id="w4:t4"
2026-07-24T20:06:10.484097Z  INFO herdr::logging: pane child exited event="pane.exit" subsystem="pane" outcome="completed" pane_id=14 status="ExitStatus { code: 1, signal: None }"
2026-07-24T20:06:10.506258Z  INFO herdr::pane: pane session terminated pane=14 pid=152074 signal=Hangup
2026-07-24T20:06:10.506965Z  WARN herdr::app::actions: PaneDied for unknown pane pane=14
2026-07-24T20:06:12.668645Z  INFO herdr::logging: spawning pane terminal event="pane.spawn.start" subsystem="pane" outcome="started" pane_id=15 rows=47 cols=165 scrollback_limit_bytes=10000000
2026-07-24T20:06:12.673280Z  INFO herdr::logging: pane child spawned event="pane.spawned" subsystem="pane" outcome="ok" pane_id=15 pid=154370
2026-07-24T20:06:12.673852Z  INFO herdr::logging: tab focused event="tab.focus" subsystem="tab" outcome="ok" workspace_id="w4" tab_id="w4:t5"
2026-07-24T20:06:17.680110Z  INFO herdr::logging: session saved event="persist.save" subsystem="persist" outcome="ok" path=/home/Ronaldcdz/.config/herdr/session.json workspaces=2
2026-07-24T20:06:18.934638Z  INFO herdr::logging: tab focused event="tab.focus" subsystem="tab" outcome="ok" workspace_id="w4" tab_id="w4:t1"
2026-07-24T20:06:23.938895Z  INFO herdr::logging: session saved event="persist.save" subsystem="persist" outcome="ok" path=/home/Ronaldcdz/.config/herdr/session.json workspaces=2
2026-07-24T20:06:27.944768Z  INFO herdr::logging: tab focused event="tab.focus" subsystem="tab" outcome="ok" workspace_id="w4" tab_id="w4:t5"
2026-07-24T20:06:28.735236Z  INFO herdr::logging: pane child exited event="pane.exit" subsystem="pane" outcome="completed" pane_id=15 status="ExitStatus { code: 1, signal: None }"
2026-07-24T20:06:28.757340Z  INFO herdr::pane: pane session terminated pane=15 pid=154370 signal=Hangup
2026-07-24T20:06:28.757942Z  WARN herdr::app::actions: PaneDied for unknown pane pane=15
2026-07-24T20:06:29.753225Z  INFO herdr::logging: tab focused event="tab.focus" subsystem="tab" outcome="ok" workspace_id="w4" tab_id="w4:t1"
2026-07-24T20:06:31.517043Z  INFO herdr::logging: spawning pane terminal event="pane.spawn.start" subsystem="pane" outcome="started" pane_id=16 rows=47 cols=165 scrollback_limit_bytes=10000000
2026-07-24T20:06:31.521580Z  INFO herdr::logging: pane child spawned event="pane.spawned" subsystem="pane" outcome="ok" pane_id=16 pid=154512
2026-07-24T20:06:31.522197Z  INFO herdr::logging: tab focused event="tab.focus" subsystem="tab" outcome="ok" workspace_id="w4" tab_id="w4:t6"
2026-07-24T20:06:34.804286Z  INFO herdr::logging: tab focused event="tab.focus" subsystem="tab" outcome="ok" workspace_id="w4" tab_id="w4:t1"
2026-07-24T20:06:37.799314Z  INFO herdr::logging: tab focused event="tab.focus" subsystem="tab" outcome="ok" workspace_id="w4" tab_id="w4:t6"
2026-07-24T20:06:42.803605Z  INFO herdr::logging: session saved event="persist.save" subsystem="persist" outcome="ok" path=/home/Ronaldcdz/.config/herdr/session.json workspaces=2
2026-07-24T20:08:01.724223Z  INFO herdr::logging: tab focused event="tab.focus" subsystem="tab" outcome="ok" workspace_id="w4" tab_id="w4:t1"
2026-07-24T20:08:06.727872Z  INFO herdr::logging: session saved event="persist.save" subsystem="persist" outcome="ok" path=/home/Ronaldcdz/.config/herdr/session.json workspaces=2
2026-07-24T20:08:21.920415Z  INFO herdr::logging: tab focused event="tab.focus" subsystem="tab" outcome="ok" workspace_id="w4" tab_id="w4:t6"
2026-07-24T20:08:26.418384Z  INFO herdr::logging: tab focused event="tab.focus" subsystem="tab" outcome="ok" workspace_id="w4" tab_id="w4:t1"
2026-07-24T20:08:31.422086Z  INFO herdr::logging: session saved event="persist.save" subsystem="persist" outcome="ok" path=/home/Ronaldcdz/.config/herdr/session.json workspaces=2
2026-07-24T20:09:17.677459Z  INFO herdr::logging: tab focused event="tab.focus" subsystem="tab" outcome="ok" workspace_id="w4" tab_id="w4:t6"
2026-07-24T20:09:22.688317Z  INFO herdr::logging: session saved event="persist.save" subsystem="persist" outcome="ok" path=/home/Ronaldcdz/.config/herdr/session.json workspaces=2
2026-07-24T20:10:23.336454Z  INFO herdr::logging: tab focused event="tab.focus" subsystem="tab" outcome="ok" workspace_id="w4" tab_id="w4:t1"
2026-07-24T20:10:28.343795Z  INFO herdr::logging: session saved event="persist.save" subsystem="persist" outcome="ok" path=/home/Ronaldcdz/.config/herdr/session.json workspaces=2
2026-07-24T20:10:38.879261Z  INFO herdr::logging: tab focused event="tab.focus" subsystem="tab" outcome="ok" workspace_id="w4" tab_id="w4:t6"
2026-07-24T20:10:43.885472Z  INFO herdr::logging: session saved event="persist.save" subsystem="persist" outcome="ok" path=/home/Ronaldcdz/.config/herdr/session.json workspaces=2
2026-07-24T20:11:36.465960Z  INFO herdr::logging: tab focused event="tab.focus" subsystem="tab" outcome="ok" workspace_id="w4" tab_id="w4:t1"
2026-07-24T20:11:41.472719Z  INFO herdr::logging: session saved event="persist.save" subsystem="persist" outcome="ok" path=/home/Ronaldcdz/.config/herdr/session.json workspaces=2
2026-07-24T20:12:48.364746Z  INFO herdr::logging: tab focused event="tab.focus" subsystem="tab" outcome="ok" workspace_id="w4" tab_id="w4:t6"
2026-07-24T20:12:49.337544Z  INFO herdr::logging: tab focused event="tab.focus" subsystem="tab" outcome="ok" workspace_id="w4" tab_id="w4:t1"
2026-07-24T20:12:54.345369Z  INFO herdr::logging: session saved event="persist.save" subsystem="persist" outcome="ok" path=/home/Ronaldcdz/.config/herdr/session.json workspaces=2
2026-07-24T20:13:36.011178Z  INFO herdr::logging: tab focused event="tab.focus" subsystem="tab" outcome="ok" workspace_id="w4" tab_id="w4:t6"
2026-07-24T20:13:36.992393Z  INFO herdr::logging: pane child exited event="pane.exit" subsystem="pane" outcome="completed" pane_id=16 status="ExitStatus { code: 1, signal: None }"
2026-07-24T20:13:37.031188Z  INFO herdr::pane: pane session terminated pane=16 pid=154512 signal=Hangup
2026-07-24T20:13:37.032119Z  WARN herdr::app::actions: PaneDied for unknown pane pane=16
2026-07-24T20:13:38.770591Z  INFO herdr::logging: spawning pane terminal event="pane.spawn.start" subsystem="pane" outcome="started" pane_id=17 rows=47 cols=165 scrollback_limit_bytes=10000000
2026-07-24T20:13:38.775317Z  INFO herdr::logging: pane child spawned event="pane.spawned" subsystem="pane" outcome="ok" pane_id=17 pid=156796
2026-07-24T20:13:38.775992Z  INFO herdr::logging: tab focused event="tab.focus" subsystem="tab" outcome="ok" workspace_id="w4" tab_id="w4:t7"
2026-07-24T20:13:43.782101Z  INFO herdr::logging: session saved event="persist.save" subsystem="persist" outcome="ok" path=/home/Ronaldcdz/.config/herdr/session.json workspaces=2
2026-07-24T20:14:14.049774Z  INFO herdr::logging: tab focused event="tab.focus" subsystem="tab" outcome="ok" workspace_id="w4" tab_id="w4:t1"
2026-07-24T20:14:19.056550Z  INFO herdr::logging: session saved event="persist.save" subsystem="persist" outcome="ok" path=/home/Ronaldcdz/.config/herdr/session.json workspaces=2
2026-07-24T20:14:26.275898Z  INFO herdr::logging: tab focused event="tab.focus" subsystem="tab" outcome="ok" workspace_id="w4" tab_id="w4:t7"
2026-07-24T20:14:31.279504Z  INFO herdr::logging: session saved event="persist.save" subsystem="persist" outcome="ok" path=/home/Ronaldcdz/.config/herdr/session.json workspaces=2
2026-07-24T20:15:32.765258Z  INFO herdr::logging: tab focused event="tab.focus" subsystem="tab" outcome="ok" workspace_id="w4" tab_id="w4:t1"
2026-07-24T20:15:37.770347Z  INFO herdr::logging: session saved event="persist.save" subsystem="persist" outcome="ok" path=/home/Ronaldcdz/.config/herdr/session.json workspaces=2
2026-07-24T20:17:24.859966Z  INFO herdr::logging: tab focused event="tab.focus" subsystem="tab" outcome="ok" workspace_id="w4" tab_id="w4:t7"
2026-07-24T20:17:29.863789Z  INFO herdr::logging: session saved event="persist.save" subsystem="persist" outcome="ok" path=/home/Ronaldcdz/.config/herdr/session.json workspaces=2
2026-07-24T20:18:40.567880Z  INFO herdr::logging: tab focused event="tab.focus" subsystem="tab" outcome="ok" workspace_id="w4" tab_id="w4:t1"
2026-07-24T20:18:45.572099Z  INFO herdr::logging: session saved event="persist.save" subsystem="persist" outcome="ok" path=/home/Ronaldcdz/.config/herdr/session.json workspaces=2
2026-07-24T20:19:03.950356Z  INFO herdr::logging: tab focused event="tab.focus" subsystem="tab" outcome="ok" workspace_id="w4" tab_id="w4:t7"
2026-07-24T20:19:08.955024Z  INFO herdr::logging: session saved event="persist.save" subsystem="persist" outcome="ok" path=/home/Ronaldcdz/.config/herdr/session.json workspaces=2
2026-07-24T20:21:06.091553Z  INFO herdr::logging: tab focused event="tab.focus" subsystem="tab" outcome="ok" workspace_id="w4" tab_id="w4:t1"
2026-07-24T20:21:11.095907Z  INFO herdr::logging: session saved event="persist.save" subsystem="persist" outcome="ok" path=/home/Ronaldcdz/.config/herdr/session.json workspaces=2
2026-07-24T20:23:28.022147Z  INFO herdr::logging: tab focused event="tab.focus" subsystem="tab" outcome="ok" workspace_id="w4" tab_id="w4:t7"
2026-07-24T20:23:33.025815Z  INFO herdr::logging: session saved event="persist.save" subsystem="persist" outcome="ok" path=/home/Ronaldcdz/.config/herdr/session.json workspaces=2
2026-07-24T20:23:48.023198Z  INFO herdr::logging: tab focused event="tab.focus" subsystem="tab" outcome="ok" workspace_id="w4" tab_id="w4:t1"
2026-07-24T20:23:53.028099Z  INFO herdr::logging: session saved event="persist.save" subsystem="persist" outcome="ok" path=/home/Ronaldcdz/.config/herdr/session.json workspaces=2
2026-07-24T20:27:14.835330Z  INFO herdr::logging: tab focused event="tab.focus" subsystem="tab" outcome="ok" workspace_id="w4" tab_id="w4:t7"
2026-07-24T20:27:19.840118Z  INFO herdr::logging: session saved event="persist.save" subsystem="persist" outcome="ok" path=/home/Ronaldcdz/.config/herdr/session.json workspaces=2
2026-07-24T20:31:32.121186Z  INFO herdr::logging: checking for updates event="update.check.start" subsystem="update" outcome="started"
2026-07-24T20:32:01.864921Z  INFO herdr::app::actions: copied selection to clipboard
2026-07-24T20:32:03.939584Z  INFO herdr::logging: tab focused event="tab.focus" subsystem="tab" outcome="ok" workspace_id="w4" tab_id="w4:t1"
2026-07-24T20:32:08.943567Z  INFO herdr::logging: session saved event="persist.save" subsystem="persist" outcome="ok" path=/home/Ronaldcdz/.config/herdr/session.json workspaces=2
2026-07-24T20:32:31.641843Z  INFO herdr::logging: tab focused event="tab.focus" subsystem="tab" outcome="ok" workspace_id="w4" tab_id="w4:t7"
2026-07-24T20:32:36.647531Z  INFO herdr::logging: session saved event="persist.save" subsystem="persist" outcome="ok" path=/home/Ronaldcdz/.config/herdr/session.json workspaces=2
2026-07-24T20:33:54.997116Z  INFO herdr::logging: tab focused event="tab.focus" subsystem="tab" outcome="ok" workspace_id="w4" tab_id="w4:t1"
2026-07-24T20:34:00.019051Z  INFO herdr::logging: session saved event="persist.save" subsystem="persist" outcome="ok" path=/home/Ronaldcdz/.config/herdr/session.json workspaces=2
2026-07-24T20:35:04.720802Z  INFO herdr::logging: tab focused event="tab.focus" subsystem="tab" outcome="ok" workspace_id="w4" tab_id="w4:t7"
2026-07-24T20:35:09.731021Z  INFO herdr::logging: session saved event="persist.save" subsystem="persist" outcome="ok" path=/home/Ronaldcdz/.config/herdr/session.json workspaces=2
2026-07-24T20:35:52.379943Z  INFO herdr::logging: tab focused event="tab.focus" subsystem="tab" outcome="ok" workspace_id="w4" tab_id="w4:t1"
2026-07-24T20:35:57.385177Z  INFO herdr::logging: session saved event="persist.save" subsystem="persist" outcome="ok" path=/home/Ronaldcdz/.config/herdr/session.json workspaces=2
2026-07-24T20:36:27.168174Z  INFO herdr::logging: tab focused event="tab.focus" subsystem="tab" outcome="ok" workspace_id="w4" tab_id="w4:t7"
2026-07-24T20:36:32.171949Z  INFO herdr::logging: session saved event="persist.save" subsystem="persist" outcome="ok" path=/home/Ronaldcdz/.config/herdr/session.json workspaces=2
2026-07-24T20:36:39.087563Z  INFO herdr::logging: pane child exited event="pane.exit" subsystem="pane" outcome="completed" pane_id=17 status="ExitStatus { code: 1, signal: None }"
2026-07-24T20:36:39.108893Z  INFO herdr::pane: pane session terminated pane=17 pid=156796 signal=Hangup
2026-07-24T20:36:39.109669Z  WARN herdr::app::actions: PaneDied for unknown pane pane=17
2026-07-24T20:36:40.236232Z  INFO herdr::logging: tab focused event="tab.focus" subsystem="tab" outcome="ok" workspace_id="w4" tab_id="w4:t1"
2026-07-24T20:36:42.384411Z  INFO herdr::logging: spawning pane terminal event="pane.spawn.start" subsystem="pane" outcome="started" pane_id=18 rows=47 cols=165 scrollback_limit_bytes=10000000
2026-07-24T20:36:42.388997Z  INFO herdr::logging: pane child spawned event="pane.spawned" subsystem="pane" outcome="ok" pane_id=18 pid=165727
2026-07-24T20:36:42.389534Z  INFO herdr::logging: tab focused event="tab.focus" subsystem="tab" outcome="ok" workspace_id="w4" tab_id="w4:t8"
2026-07-24T20:36:47.396410Z  INFO herdr::logging: session saved event="persist.save" subsystem="persist" outcome="ok" path=/home/Ronaldcdz/.config/herdr/session.json workspaces=2
2026-07-24T20:37:58.772725Z  INFO herdr::logging: tab focused event="tab.focus" subsystem="tab" outcome="ok" workspace_id="w4" tab_id="w4:t1"
2026-07-24T20:38:03.777287Z  INFO herdr::logging: session saved event="persist.save" subsystem="persist" outcome="ok" path=/home/Ronaldcdz/.config/herdr/session.json workspaces=2
2026-07-24T20:39:25.288007Z  INFO herdr::logging: tab focused event="tab.focus" subsystem="tab" outcome="ok" workspace_id="w4" tab_id="w4:t8"
2026-07-24T20:39:30.292621Z  INFO herdr::logging: session saved event="persist.save" subsystem="persist" outcome="ok" path=/home/Ronaldcdz/.config/herdr/session.json workspaces=2
2026-07-24T20:40:42.183240Z  INFO herdr::logging: tab focused event="tab.focus" subsystem="tab" outcome="ok" workspace_id="w4" tab_id="w4:t1"
2026-07-24T20:40:45.672256Z  INFO herdr::logging: pane child exited event="pane.exit" subsystem="pane" outcome="completed" pane_id=11 status="ExitStatus { code: 1, signal: None }"
2026-07-24T20:40:45.694192Z  INFO herdr::pane: pane session terminated pane=11 pid=148172 signal=Hangup
2026-07-24T20:40:45.694949Z  WARN herdr::app::actions: PaneDied for unknown pane pane=11
2026-07-24T20:40:50.696723Z  INFO herdr::logging: session saved event="persist.save" subsystem="persist" outcome="ok" path=/home/Ronaldcdz/.config/herdr/session.json workspaces=2
2026-07-24T20:44:23.839974Z  INFO herdr::logging: tab focused event="tab.focus" subsystem="tab" outcome="ok" workspace_id="w4" tab_id="w4:t8"
2026-07-24T20:44:26.027332Z  INFO herdr::logging: spawning pane terminal event="pane.spawn.start" subsystem="pane" outcome="started" pane_id=19 rows=47 cols=165 scrollback_limit_bytes=10000000
2026-07-24T20:44:26.031294Z  INFO herdr::logging: pane child spawned event="pane.spawned" subsystem="pane" outcome="ok" pane_id=19 pid=168318
2026-07-24T20:44:26.031975Z  INFO herdr::logging: tab focused event="tab.focus" subsystem="tab" outcome="ok" workspace_id="w4" tab_id="w4:t9"
2026-07-24T20:44:31.049161Z  INFO herdr::logging: session saved event="persist.save" subsystem="persist" outcome="ok" path=/home/Ronaldcdz/.config/herdr/session.json workspaces=2
2026-07-24T20:44:39.537174Z  INFO herdr::logging: tab focused event="tab.focus" subsystem="tab" outcome="ok" workspace_id="w4" tab_id="w4:t8"
2026-07-24T20:44:42.111623Z  INFO herdr::logging: pane child exited event="pane.exit" subsystem="pane" outcome="completed" pane_id=18 status="ExitStatus { code: 1, signal: None }"
2026-07-24T20:44:42.132023Z  INFO herdr::pane: pane session terminated pane=18 pid=165727 signal=Hangup
2026-07-24T20:44:42.133022Z  WARN herdr::app::actions: PaneDied for unknown pane pane=18
2026-07-24T20:44:47.135406Z  INFO herdr::logging: session saved event="persist.save" subsystem="persist" outcome="ok" path=/home/Ronaldcdz/.config/herdr/session.json workspaces=2
2026-07-24T20:46:39.486798Z  INFO herdr::logging: tab focused event="tab.focus" subsystem="tab" outcome="ok" workspace_id="w4" tab_id="w4:t9"
2026-07-24T20:46:41.208245Z  INFO herdr::logging: spawning pane terminal event="pane.spawn.start" subsystem="pane" outcome="started" pane_id=20 rows=47 cols=165 scrollback_limit_bytes=10000000
2026-07-24T20:46:41.212352Z  INFO herdr::logging: pane child spawned event="pane.spawned" subsystem="pane" outcome="ok" pane_id=20 pid=169229
2026-07-24T20:46:41.213072Z  INFO herdr::logging: tab focused event="tab.focus" subsystem="tab" outcome="ok" workspace_id="w4" tab_id="w4:tA"
2026-07-24T20:46:46.219235Z  INFO herdr::logging: session saved event="persist.save" subsystem="persist" outcome="ok" path=/home/Ronaldcdz/.config/herdr/session.json workspaces=2
2026-07-24T20:46:52.933973Z  INFO herdr::logging: tab focused event="tab.focus" subsystem="tab" outcome="ok" workspace_id="w4" tab_id="w4:t9"
2026-07-24T20:46:57.772215Z  INFO herdr::logging: tab focused event="tab.focus" subsystem="tab" outcome="ok" workspace_id="w4" tab_id="w4:tA"
2026-07-24T20:47:02.777208Z  INFO herdr::logging: session saved event="persist.save" subsystem="persist" outcome="ok" path=/home/Ronaldcdz/.config/herdr/session.json workspaces=2
2026-07-24T20:47:25.412562Z  INFO herdr::logging: tab focused event="tab.focus" subsystem="tab" outcome="ok" workspace_id="w4" tab_id="w4:t9"
2026-07-24T20:47:30.416642Z  INFO herdr::logging: session saved event="persist.save" subsystem="persist" outcome="ok" path=/home/Ronaldcdz/.config/herdr/session.json workspaces=2
2026-07-24T20:47:56.939624Z  INFO herdr::logging: tab focused event="tab.focus" subsystem="tab" outcome="ok" workspace_id="w4" tab_id="w4:tA"
2026-07-24T20:48:01.944459Z  INFO herdr::logging: session saved event="persist.save" subsystem="persist" outcome="ok" path=/home/Ronaldcdz/.config/herdr/session.json workspaces=2
2026-07-24T20:48:05.612597Z  INFO herdr::logging: tab focused event="tab.focus" subsystem="tab" outcome="ok" workspace_id="w4" tab_id="w4:t9"
2026-07-24T20:48:10.618313Z  INFO herdr::logging: session saved event="persist.save" subsystem="persist" outcome="ok" path=/home/Ronaldcdz/.config/herdr/session.json workspaces=2
2026-07-24T20:48:10.921889Z  INFO herdr::logging: pane child exited event="pane.exit" subsystem="pane" outcome="completed" pane_id=19 status="ExitStatus { code: 1, signal: None }"
2026-07-24T20:48:10.944167Z  INFO herdr::pane: pane session terminated pane=19 pid=168318 signal=Hangup
2026-07-24T20:48:10.944771Z  WARN herdr::app::actions: PaneDied for unknown pane pane=19
2026-07-24T20:48:15.946645Z  INFO herdr::logging: session saved event="persist.save" subsystem="persist" outcome="ok" path=/home/Ronaldcdz/.config/herdr/session.json workspaces=2
2026-07-24T20:50:14.305115Z  INFO herdr::server::headless: client resize client_id=20 cols=191 rows=49 cell_width_px=0 cell_height_px=0
2026-07-25T00:47:41.126085Z  INFO herdr::server::headless: client resize client_id=20 cols=191 rows=48 cell_width_px=0 cell_height_px=0
2026-07-25T00:56:32.850027Z  INFO herdr::server::headless: client disconnected client_id=20
2026-07-25T00:58:03.090479Z  INFO herdr::api::server: api server listening path=/home/Ronaldcdz/.config/herdr/herdr.sock
2026-07-25T00:58:03.096240Z  INFO herdr::logging: spawning pane terminal event="pane.spawn.start" subsystem="pane" outcome="started" pane_id=1 rows=24 cols=80 scrollback_limit_bytes=10000000
2026-07-25T00:58:03.099386Z  INFO herdr::logging: pane child spawned event="pane.spawned" subsystem="pane" outcome="ok" pane_id=1 pid=3112
2026-07-25T00:58:03.101662Z  INFO herdr::logging: spawning pane terminal event="pane.spawn.start" subsystem="pane" outcome="started" pane_id=2 rows=24 cols=80 scrollback_limit_bytes=10000000
2026-07-25T00:58:03.104369Z  INFO herdr::logging: pane child spawned event="pane.spawned" subsystem="pane" outcome="ok" pane_id=2 pid=3115
2026-07-25T00:58:03.105331Z  INFO herdr::logging: session restore evaluated event="persist.restore" subsystem="persist" outcome="ok" workspaces=2
2026-07-25T00:58:03.105381Z  INFO herdr::app: using pane scrollback configuration pane_scrollback_limit_bytes=10000000
2026-07-25T00:58:03.356021Z  INFO herdr::logging: checking for updates event="update.check.start" subsystem="update" outcome="started"
2026-07-25T00:58:03.359476Z  INFO herdr::server::headless: restored session already has workspaces; ignoring startup cwd cwd=/home/Ronaldcdz
2026-07-25T00:58:03.359642Z  INFO herdr::server::headless: client protocol socket listening path=/home/Ronaldcdz/.config/herdr/herdr-client.sock
2026-07-25T00:58:03.359694Z  INFO herdr::server::headless: herdr server started api_socket=/home/Ronaldcdz/.config/herdr/herdr.sock client_socket=/home/Ronaldcdz/.config/herdr/herdr-client.sock
2026-07-25T00:58:03.359967Z  INFO herdr::logging: herdr starting event="app.startup" subsystem="server" outcome="started" pid=3098
2026-07-25T00:58:03.613239Z  INFO herdr::server::headless: client connected client_id=2 cols=191 rows=48 cell_width_px=0 cell_height_px=0 render_encoding=SemanticFrame
2026-07-25T01:28:03.358263Z  INFO herdr::logging: checking for updates event="update.check.start" subsystem="update" outcome="started"
2026-07-25T01:58:03.359844Z  INFO herdr::logging: checking for updates event="update.check.start" subsystem="update" outcome="started"
2026-07-25T02:28:03.370954Z  INFO herdr::logging: checking for updates event="update.check.start" subsystem="update" outcome="started"
2026-07-25T02:58:03.372418Z  INFO herdr::logging: checking for updates event="update.check.start" subsystem="update" outcome="started"
2026-07-25T03:28:03.373632Z  INFO herdr::logging: checking for updates event="update.check.start" subsystem="update" outcome="started"
2026-07-25T06:06:27.133859Z  INFO herdr::server::headless: client disconnected client_id=2
2026-07-25T17:05:55.071446Z  INFO herdr::api::server: api server listening path=/home/Ronaldcdz/.config/herdr/herdr.sock
2026-07-25T17:05:55.077481Z  INFO herdr::logging: spawning pane terminal event="pane.spawn.start" subsystem="pane" outcome="started" pane_id=1 rows=24 cols=80 scrollback_limit_bytes=10000000
2026-07-25T17:05:55.080762Z  INFO herdr::logging: pane child spawned event="pane.spawned" subsystem="pane" outcome="ok" pane_id=1 pid=3458
2026-07-25T17:05:55.082776Z  INFO herdr::logging: spawning pane terminal event="pane.spawn.start" subsystem="pane" outcome="started" pane_id=2 rows=24 cols=80 scrollback_limit_bytes=10000000
2026-07-25T17:05:55.085421Z  INFO herdr::logging: pane child spawned event="pane.spawned" subsystem="pane" outcome="ok" pane_id=2 pid=3461
2026-07-25T17:05:55.086411Z  INFO herdr::logging: session restore evaluated event="persist.restore" subsystem="persist" outcome="ok" workspaces=2
2026-07-25T17:05:55.086461Z  INFO herdr::app: using pane scrollback configuration pane_scrollback_limit_bytes=10000000
2026-07-25T17:05:55.343597Z  INFO herdr::logging: checking for updates event="update.check.start" subsystem="update" outcome="started"
2026-07-25T17:05:55.346942Z  INFO herdr::server::headless: restored session already has workspaces; ignoring startup cwd cwd=/home/Ronaldcdz
2026-07-25T17:05:55.347106Z  INFO herdr::server::headless: client protocol socket listening path=/home/Ronaldcdz/.config/herdr/herdr-client.sock
2026-07-25T17:05:55.347138Z  INFO herdr::server::headless: herdr server started api_socket=/home/Ronaldcdz/.config/herdr/herdr.sock client_socket=/home/Ronaldcdz/.config/herdr/herdr-client.sock
2026-07-25T17:05:55.347399Z  INFO herdr::logging: herdr starting event="app.startup" subsystem="server" outcome="started" pid=3444
2026-07-25T17:05:55.599993Z  INFO herdr::server::headless: client connected client_id=2 cols=191 rows=48 cell_width_px=0 cell_height_px=0 render_encoding=SemanticFrame
2026-07-25T17:07:22.610604Z  INFO herdr::server::headless: client resize client_id=2 cols=191 rows=51 cell_width_px=0 cell_height_px=0
2026-07-25T17:07:22.810803Z  INFO herdr::server::headless: client resize client_id=2 cols=191 rows=48 cell_width_px=0 cell_height_px=0
2026-07-25T17:07:30.024560Z  INFO herdr::server::headless: client disconnected client_id=2
2026-07-25T17:07:32.541380Z  INFO herdr::server::headless: client connected client_id=4 cols=191 rows=48 cell_width_px=0 cell_height_px=0 render_encoding=SemanticFrame
2026-07-25T17:11:28.540214Z  INFO herdr::logging: spawning pane terminal event="pane.spawn.start" subsystem="pane" outcome="started" pane_id=3 rows=47 cols=165 scrollback_limit_bytes=10000000
2026-07-25T17:11:28.544688Z  INFO herdr::logging: pane child spawned event="pane.spawned" subsystem="pane" outcome="ok" pane_id=3 pid=6974
2026-07-25T17:11:28.545904Z  INFO herdr::logging: tab focused event="tab.focus" subsystem="tab" outcome="ok" workspace_id="w4" tab_id="w4:tB"
2026-07-25T17:11:33.552371Z  INFO herdr::logging: session saved event="persist.save" subsystem="persist" outcome="ok" path=/home/Ronaldcdz/.config/herdr/session.json workspaces=2
2026-07-25T17:11:50.899026Z  INFO herdr::logging: spawning pane terminal event="pane.spawn.start" subsystem="pane" outcome="started" pane_id=4 rows=47 cols=165 scrollback_limit_bytes=10000000
2026-07-25T17:11:50.903562Z  INFO herdr::logging: pane child spawned event="pane.spawned" subsystem="pane" outcome="ok" pane_id=4 pid=7136
2026-07-25T17:11:50.904403Z  INFO herdr::logging: tab focused event="tab.focus" subsystem="tab" outcome="ok" workspace_id="w4" tab_id="w4:tC"
2026-07-25T17:11:55.909144Z  INFO herdr::logging: session saved event="persist.save" subsystem="persist" outcome="ok" path=/home/Ronaldcdz/.config/herdr/session.json workspaces=2
2026-07-25T17:12:05.195470Z  INFO herdr::logging: tab focused event="tab.focus" subsystem="tab" outcome="ok" workspace_id="w4" tab_id="w4:tB"
2026-07-25T17:12:10.199220Z  INFO herdr::logging: session saved event="persist.save" subsystem="persist" outcome="ok" path=/home/Ronaldcdz/.config/herdr/session.json workspaces=2
2026-07-25T17:12:12.663168Z  INFO herdr::logging: tab focused event="tab.focus" subsystem="tab" outcome="ok" workspace_id="w4" tab_id="w4:tC"
2026-07-25T17:12:17.666285Z  INFO herdr::logging: session saved event="persist.save" subsystem="persist" outcome="ok" path=/home/Ronaldcdz/.config/herdr/session.json workspaces=2
2026-07-25T17:12:23.740013Z  INFO herdr::logging: tab focused event="tab.focus" subsystem="tab" outcome="ok" workspace_id="w4" tab_id="w4:tB"
2026-07-25T17:12:28.743664Z  INFO herdr::logging: session saved event="persist.save" subsystem="persist" outcome="ok" path=/home/Ronaldcdz/.config/herdr/session.json workspaces=2
2026-07-25T17:12:31.635514Z  INFO herdr::app::actions: copied selection to clipboard
2026-07-25T17:12:33.104945Z  INFO herdr::logging: tab focused event="tab.focus" subsystem="tab" outcome="ok" workspace_id="w4" tab_id="w4:tC"
2026-07-25T17:12:38.108419Z  INFO herdr::logging: session saved event="persist.save" subsystem="persist" outcome="ok" path=/home/Ronaldcdz/.config/herdr/session.json workspaces=2
2026-07-25T17:12:40.757868Z  INFO herdr::logging: tab focused event="tab.focus" subsystem="tab" outcome="ok" workspace_id="w4" tab_id="w4:tB"
2026-07-25T17:12:45.761523Z  INFO herdr::logging: session saved event="persist.save" subsystem="persist" outcome="ok" path=/home/Ronaldcdz/.config/herdr/session.json workspaces=2
2026-07-25T17:12:57.906711Z  INFO herdr::logging: tab focused event="tab.focus" subsystem="tab" outcome="ok" workspace_id="w4" tab_id="w4:tC"
2026-07-25T17:13:02.909374Z  INFO herdr::logging: session saved event="persist.save" subsystem="persist" outcome="ok" path=/home/Ronaldcdz/.config/herdr/session.json workspaces=2
2026-07-25T17:13:27.438508Z  INFO herdr::logging: tab focused event="tab.focus" subsystem="tab" outcome="ok" workspace_id="w4" tab_id="w4:tB"
2026-07-25T17:13:32.457153Z  INFO herdr::logging: session saved event="persist.save" subsystem="persist" outcome="ok" path=/home/Ronaldcdz/.config/herdr/session.json workspaces=2
2026-07-25T17:13:32.473045Z  INFO herdr::logging: tab focused event="tab.focus" subsystem="tab" outcome="ok" workspace_id="w4" tab_id="w4:tC"
2026-07-25T17:13:37.476190Z  INFO herdr::logging: session saved event="persist.save" subsystem="persist" outcome="ok" path=/home/Ronaldcdz/.config/herdr/session.json workspaces=2
2026-07-25T17:13:56.042100Z  INFO herdr::app::actions: copied selection to clipboard
2026-07-25T17:13:56.800748Z  INFO herdr::logging: session saved event="persist.save" subsystem="persist" outcome="ok" path=/home/Ronaldcdz/.config/herdr/session.json workspaces=2
2026-07-25T17:13:57.400457Z  INFO herdr::logging: tab focused event="tab.focus" subsystem="tab" outcome="ok" workspace_id="w4" tab_id="w4:tB"
2026-07-25T17:13:59.580929Z  INFO herdr::logging: tab focused event="tab.focus" subsystem="tab" outcome="ok" workspace_id="w4" tab_id="w4:tA"
2026-07-25T17:14:04.585633Z  INFO herdr::logging: session saved event="persist.save" subsystem="persist" outcome="ok" path=/home/Ronaldcdz/.config/herdr/session.json workspaces=2
2026-07-25T17:16:00.401407Z  INFO herdr::server::headless: client resize client_id=4 cols=191 rows=49 cell_width_px=0 cell_height_px=0
2026-07-25T17:16:01.301962Z  INFO herdr::server::headless: client resize client_id=4 cols=191 rows=48 cell_width_px=0 cell_height_px=0
2026-07-25T17:24:50.069322Z  INFO herdr::logging: tab focused event="tab.focus" subsystem="tab" outcome="ok" workspace_id="w4" tab_id="w4:tB"
2026-07-25T17:24:51.136633Z  INFO herdr::logging: pane child exited event="pane.exit" subsystem="pane" outcome="completed" pane_id=3 status="ExitStatus { code: 1, signal: None }"
2026-07-25T17:24:51.170662Z  INFO herdr::pane: pane session terminated pane=3 pid=6974 signal=Hangup
2026-07-25T17:24:51.171395Z  WARN herdr::app::actions: PaneDied for unknown pane pane=3
2026-07-25T17:24:52.331257Z  INFO herdr::logging: tab focused event="tab.focus" subsystem="tab" outcome="ok" workspace_id="w4" tab_id="w4:tC"
2026-07-25T17:24:53.537239Z  INFO herdr::logging: pane child exited event="pane.exit" subsystem="pane" outcome="completed" pane_id=4 status="ExitStatus { code: 1, signal: None }"
2026-07-25T17:24:53.557425Z  INFO herdr::pane: pane session terminated pane=4 pid=7136 signal=Hangup
2026-07-25T17:24:53.558135Z  WARN herdr::app::actions: PaneDied for unknown pane pane=4
2026-07-25T17:24:58.561258Z  INFO herdr::logging: session saved event="persist.save" subsystem="persist" outcome="ok" path=/home/Ronaldcdz/.config/herdr/session.json workspaces=2
2026-07-25T17:35:55.344619Z  INFO herdr::logging: checking for updates event="update.check.start" subsystem="update" outcome="started"
2026-07-25T18:05:55.345492Z  INFO herdr::logging: checking for updates event="update.check.start" subsystem="update" outcome="started"
2026-07-25T18:35:55.346735Z  INFO herdr::logging: checking for updates event="update.check.start" subsystem="update" outcome="started"
2026-07-25T19:05:55.347278Z  INFO herdr::logging: checking for updates event="update.check.start" subsystem="update" outcome="started"
2026-07-25T19:35:55.348676Z  INFO herdr::logging: checking for updates event="update.check.start" subsystem="update" outcome="started"
2026-07-25T20:05:55.349140Z  INFO herdr::logging: checking for updates event="update.check.start" subsystem="update" outcome="started"
2026-07-25T20:11:42.926646Z  INFO herdr::logging: workspace focused event="workspace.focus" subsystem="workspace" outcome="ok" workspace_id="w2"
2026-07-25T20:11:42.926738Z  INFO herdr::logging: tab focused event="tab.focus" subsystem="tab" outcome="ok" workspace_id="w2" tab_id="w2:t1"
2026-07-25T20:11:47.930836Z  INFO herdr::logging: session saved event="persist.save" subsystem="persist" outcome="ok" path=/home/Ronaldcdz/.config/herdr/session.json workspaces=2
2026-07-25T20:16:07.050766Z  INFO herdr::logging: workspace focused event="workspace.focus" subsystem="workspace" outcome="ok" workspace_id="w4"
2026-07-25T20:16:07.050874Z  INFO herdr::logging: tab focused event="tab.focus" subsystem="tab" outcome="ok" workspace_id="w4" tab_id="w4:tA"
2026-07-25T20:16:12.056421Z  INFO herdr::logging: session saved event="persist.save" subsystem="persist" outcome="ok" path=/home/Ronaldcdz/.config/herdr/session.json workspaces=2
2026-07-25T20:18:40.718954Z  INFO herdr::server::headless: client resize client_id=4 cols=191 rows=46 cell_width_px=0 cell_height_px=0
2026-07-25T20:18:40.819150Z  INFO herdr::server::headless: client resize client_id=4 cols=173 rows=40 cell_width_px=0 cell_height_px=0
2026-07-25T20:18:41.019370Z  INFO herdr::server::headless: client resize client_id=4 cols=159 rows=39 cell_width_px=0 cell_height_px=0
2026-07-25T20:18:41.420016Z  INFO herdr::server::headless: client resize client_id=4 cols=147 rows=36 cell_width_px=0 cell_height_px=0
2026-07-25T20:18:42.622613Z  INFO herdr::logging: tab focused event="tab.focus" subsystem="tab" outcome="ok" workspace_id="w4" tab_id="w4:tA"
2026-07-25T20:18:44.853643Z  INFO herdr::logging: spawning pane terminal event="pane.spawn.start" subsystem="pane" outcome="started" pane_id=5 rows=35 cols=126 scrollback_limit_bytes=10000000
2026-07-25T20:18:44.857785Z  INFO herdr::logging: pane child spawned event="pane.spawned" subsystem="pane" outcome="ok" pane_id=5 pid=33722
2026-07-25T20:18:44.858544Z  INFO herdr::logging: tab focused event="tab.focus" subsystem="tab" outcome="ok" workspace_id="w4" tab_id="w4:tD"
2026-07-25T20:18:47.183443Z  INFO herdr::logging: tab focused event="tab.focus" subsystem="tab" outcome="ok" workspace_id="w4" tab_id="w4:tA"
2026-07-25T20:18:52.186896Z  INFO herdr::logging: session saved event="persist.save" subsystem="persist" outcome="ok" path=/home/Ronaldcdz/.config/herdr/session.json workspaces=2
2026-07-25T20:19:07.254651Z  INFO herdr::logging: tab focused event="tab.focus" subsystem="tab" outcome="ok" workspace_id="w4" tab_id="w4:tD"
2026-07-25T20:19:12.257373Z  INFO herdr::logging: session saved event="persist.save" subsystem="persist" outcome="ok" path=/home/Ronaldcdz/.config/herdr/session.json workspaces=2
2026-07-25T20:19:51.593075Z  INFO herdr::logging: spawning pane terminal event="pane.spawn.start" subsystem="pane" outcome="started" pane_id=6 rows=35 cols=126 scrollback_limit_bytes=10000000
2026-07-25T20:19:51.597601Z  INFO herdr::logging: pane child spawned event="pane.spawned" subsystem="pane" outcome="ok" pane_id=6 pid=34191
2026-07-25T20:19:51.598239Z  INFO herdr::logging: tab focused event="tab.focus" subsystem="tab" outcome="ok" workspace_id="w4" tab_id="w4:tE"
2026-07-25T20:19:56.603793Z  INFO herdr::logging: session saved event="persist.save" subsystem="persist" outcome="ok" path=/home/Ronaldcdz/.config/herdr/session.json workspaces=2
2026-07-25T20:20:41.670083Z  INFO herdr::logging: tab focused event="tab.focus" subsystem="tab" outcome="ok" workspace_id="w4" tab_id="w4:tD"
2026-07-25T20:20:46.674957Z  INFO herdr::logging: session saved event="persist.save" subsystem="persist" outcome="ok" path=/home/Ronaldcdz/.config/herdr/session.json workspaces=2
2026-07-25T20:21:13.090395Z  INFO herdr::logging: tab focused event="tab.focus" subsystem="tab" outcome="ok" workspace_id="w4" tab_id="w4:tA"
2026-07-25T20:21:18.093886Z  INFO herdr::logging: session saved event="persist.save" subsystem="persist" outcome="ok" path=/home/Ronaldcdz/.config/herdr/session.json workspaces=2
2026-07-25T20:21:23.004015Z  INFO herdr::app::actions: copied selection to clipboard
2026-07-25T20:21:24.005171Z  INFO herdr::logging: tab focused event="tab.focus" subsystem="tab" outcome="ok" workspace_id="w4" tab_id="w4:tE"
2026-07-25T20:21:25.576321Z  INFO herdr::logging: tab focused event="tab.focus" subsystem="tab" outcome="ok" workspace_id="w4" tab_id="w4:tA"
2026-07-25T20:21:26.481255Z  INFO herdr::logging: tab focused event="tab.focus" subsystem="tab" outcome="ok" workspace_id="w4" tab_id="w4:tD"
2026-07-25T20:21:31.484940Z  INFO herdr::logging: session saved event="persist.save" subsystem="persist" outcome="ok" path=/home/Ronaldcdz/.config/herdr/session.json workspaces=2
2026-07-25T20:21:38.243382Z  INFO herdr::logging: tab focused event="tab.focus" subsystem="tab" outcome="ok" workspace_id="w4" tab_id="w4:tE"
2026-07-25T20:21:43.247400Z  INFO herdr::logging: session saved event="persist.save" subsystem="persist" outcome="ok" path=/home/Ronaldcdz/.config/herdr/session.json workspaces=2
2026-07-25T20:22:08.635813Z  INFO herdr::logging: pane child exited event="pane.exit" subsystem="pane" outcome="completed" pane_id=6 status="ExitStatus { code: 1, signal: None }"
2026-07-25T20:22:08.662291Z  INFO herdr::pane: pane session terminated pane=6 pid=34191 signal=Hangup
2026-07-25T20:22:08.663016Z  WARN herdr::app::actions: PaneDied for unknown pane pane=6
2026-07-25T20:22:13.665937Z  INFO herdr::logging: session saved event="persist.save" subsystem="persist" outcome="ok" path=/home/Ronaldcdz/.config/herdr/session.json workspaces=2
2026-07-25T20:22:30.348430Z  INFO herdr::logging: tab focused event="tab.focus" subsystem="tab" outcome="ok" workspace_id="w4" tab_id="w4:tA"
2026-07-25T20:22:35.350959Z  INFO herdr::logging: session saved event="persist.save" subsystem="persist" outcome="ok" path=/home/Ronaldcdz/.config/herdr/session.json workspaces=2
2026-07-25T20:23:18.263228Z  INFO herdr::logging: tab focused event="tab.focus" subsystem="tab" outcome="ok" workspace_id="w4" tab_id="w4:tD"
2026-07-25T20:23:22.063368Z  INFO herdr::logging: tab focused event="tab.focus" subsystem="tab" outcome="ok" workspace_id="w4" tab_id="w4:tA"
2026-07-25T20:23:23.772230Z  INFO herdr::logging: tab focused event="tab.focus" subsystem="tab" outcome="ok" workspace_id="w4" tab_id="w4:tD"
2026-07-25T20:23:27.309123Z  INFO herdr::logging: tab focused event="tab.focus" subsystem="tab" outcome="ok" workspace_id="w4" tab_id="w4:tA"
2026-07-25T20:23:32.312631Z  INFO herdr::logging: session saved event="persist.save" subsystem="persist" outcome="ok" path=/home/Ronaldcdz/.config/herdr/session.json workspaces=2
2026-07-25T20:23:53.171347Z  INFO herdr::logging: tab focused event="tab.focus" subsystem="tab" outcome="ok" workspace_id="w4" tab_id="w4:tD"
2026-07-25T20:23:58.173851Z  INFO herdr::logging: session saved event="persist.save" subsystem="persist" outcome="ok" path=/home/Ronaldcdz/.config/herdr/session.json workspaces=2
2026-07-25T20:24:27.061336Z  INFO herdr::logging: tab focused event="tab.focus" subsystem="tab" outcome="ok" workspace_id="w4" tab_id="w4:tA"
2026-07-25T20:24:28.148317Z  INFO herdr::logging: tab focused event="tab.focus" subsystem="tab" outcome="ok" workspace_id="w4" tab_id="w4:tD"
2026-07-25T20:24:29.635512Z  INFO herdr::logging: spawning pane terminal event="pane.spawn.start" subsystem="pane" outcome="started" pane_id=7 rows=35 cols=126 scrollback_limit_bytes=10000000
2026-07-25T20:24:29.639735Z  INFO herdr::logging: pane child spawned event="pane.spawned" subsystem="pane" outcome="ok" pane_id=7 pid=35964
2026-07-25T20:24:29.640375Z  INFO herdr::logging: tab focused event="tab.focus" subsystem="tab" outcome="ok" workspace_id="w4" tab_id="w4:tF"
2026-07-25T20:24:34.645793Z  INFO herdr::logging: session saved event="persist.save" subsystem="persist" outcome="ok" path=/home/Ronaldcdz/.config/herdr/session.json workspaces=2
2026-07-25T20:25:21.114042Z  INFO herdr::logging: tab focused event="tab.focus" subsystem="tab" outcome="ok" workspace_id="w4" tab_id="w4:tD"
2026-07-25T20:25:25.608736Z  INFO herdr::logging: tab focused event="tab.focus" subsystem="tab" outcome="ok" workspace_id="w4" tab_id="w4:tA"
2026-07-25T20:25:27.346955Z  INFO herdr::logging: tab focused event="tab.focus" subsystem="tab" outcome="ok" workspace_id="w4" tab_id="w4:tD"
2026-07-25T20:25:30.918706Z  INFO herdr::app::actions: copied selection to clipboard
2026-07-25T20:25:32.351106Z  INFO herdr::logging: session saved event="persist.save" subsystem="persist" outcome="ok" path=/home/Ronaldcdz/.config/herdr/session.json workspaces=2
2026-07-25T20:28:20.453469Z  INFO herdr::logging: tab focused event="tab.focus" subsystem="tab" outcome="ok" workspace_id="w4" tab_id="w4:tA"
2026-07-25T20:28:25.456376Z  INFO herdr::logging: session saved event="persist.save" subsystem="persist" outcome="ok" path=/home/Ronaldcdz/.config/herdr/session.json workspaces=2
2026-07-25T20:29:50.356644Z  INFO herdr::logging: tab focused event="tab.focus" subsystem="tab" outcome="ok" workspace_id="w4" tab_id="w4:tD"
2026-07-25T20:29:55.360268Z  INFO herdr::logging: session saved event="persist.save" subsystem="persist" outcome="ok" path=/home/Ronaldcdz/.config/herdr/session.json workspaces=2
2026-07-25T20:34:01.468608Z  INFO herdr::server::headless: client resize client_id=4 cols=147 rows=37 cell_width_px=0 cell_height_px=0
2026-07-25T20:34:02.969897Z  INFO herdr::server::headless: client resize client_id=4 cols=147 rows=36 cell_width_px=0 cell_height_px=0
2026-07-25T20:35:55.350681Z  INFO herdr::logging: checking for updates event="update.check.start" subsystem="update" outcome="started"
2026-07-25T20:38:26.593873Z  INFO herdr::logging: tab focused event="tab.focus" subsystem="tab" outcome="ok" workspace_id="w4" tab_id="w4:tA"
2026-07-25T20:38:31.597485Z  INFO herdr::logging: session saved event="persist.save" subsystem="persist" outcome="ok" path=/home/Ronaldcdz/.config/herdr/session.json workspaces=2
2026-07-25T21:05:55.351988Z  INFO herdr::logging: checking for updates event="update.check.start" subsystem="update" outcome="started"
2026-07-25T21:13:16.095957Z  INFO herdr::server::headless: client resize client_id=4 cols=147 rows=37 cell_width_px=0 cell_height_px=0
2026-07-25T21:13:17.296926Z  INFO herdr::server::headless: client resize client_id=4 cols=147 rows=36 cell_width_px=0 cell_height_px=0
2026-07-25T21:13:20.159245Z  INFO herdr::logging: tab focused event="tab.focus" subsystem="tab" outcome="ok" workspace_id="w4" tab_id="w4:tD"
2026-07-25T21:13:25.162404Z  INFO herdr::logging: session saved event="persist.save" subsystem="persist" outcome="ok" path=/home/Ronaldcdz/.config/herdr/session.json workspaces=2
2026-07-25T21:13:46.428338Z  INFO herdr::logging: tab focused event="tab.focus" subsystem="tab" outcome="ok" workspace_id="w4" tab_id="w4:tF"
2026-07-25T21:13:51.433765Z  INFO herdr::logging: session saved event="persist.save" subsystem="persist" outcome="ok" path=/home/Ronaldcdz/.config/herdr/session.json workspaces=2
2026-07-25T21:14:26.420055Z  INFO herdr::logging: pane child exited event="pane.exit" subsystem="pane" outcome="completed" pane_id=7 status="ExitStatus { code: 1, signal: None }"
2026-07-25T21:14:26.443142Z  INFO herdr::pane: pane session terminated pane=7 pid=35964 signal=Hangup
2026-07-25T21:14:26.443931Z  WARN herdr::app::actions: PaneDied for unknown pane pane=7
2026-07-25T21:14:28.758167Z  INFO herdr::logging: pane child exited event="pane.exit" subsystem="pane" outcome="completed" pane_id=5 status="ExitStatus { code: 1, signal: None }"
2026-07-25T21:14:28.777202Z  INFO herdr::pane: pane session terminated pane=5 pid=33722 signal=Hangup
2026-07-25T21:14:28.778048Z  WARN herdr::app::actions: PaneDied for unknown pane pane=5
2026-07-25T21:14:33.781069Z  INFO herdr::logging: session saved event="persist.save" subsystem="persist" outcome="ok" path=/home/Ronaldcdz/.config/herdr/session.json workspaces=2
2026-07-25T21:35:55.353680Z  INFO herdr::logging: checking for updates event="update.check.start" subsystem="update" outcome="started"
2026-07-25T22:05:55.355048Z  INFO herdr::logging: checking for updates event="update.check.start" subsystem="update" outcome="started"
2026-07-25T22:35:55.356641Z  INFO herdr::logging: checking for updates event="update.check.start" subsystem="update" outcome="started"
2026-07-25T23:05:55.357986Z  INFO herdr::logging: checking for updates event="update.check.start" subsystem="update" outcome="started"
2026-07-25T23:35:55.359928Z  INFO herdr::logging: checking for updates event="update.check.start" subsystem="update" outcome="started"
2026-07-26T00:05:55.361982Z  INFO herdr::logging: checking for updates event="update.check.start" subsystem="update" outcome="started"
2026-07-26T00:35:55.363603Z  INFO herdr::logging: checking for updates event="update.check.start" subsystem="update" outcome="started"
2026-07-26T01:05:55.364312Z  INFO herdr::logging: checking for updates event="update.check.start" subsystem="update" outcome="started"
2026-07-26T01:35:55.366209Z  INFO herdr::logging: checking for updates event="update.check.start" subsystem="update" outcome="started"
2026-07-26T02:05:55.367740Z  INFO herdr::logging: checking for updates event="update.check.start" subsystem="update" outcome="started"
2026-07-26T02:35:55.368502Z  INFO herdr::logging: checking for updates event="update.check.start" subsystem="update" outcome="started"
2026-07-26T03:05:55.369966Z  INFO herdr::logging: checking for updates event="update.check.start" subsystem="update" outcome="started"
2026-07-26T03:35:55.372157Z  INFO herdr::logging: checking for updates event="update.check.start" subsystem="update" outcome="started"
2026-07-26T04:05:55.373942Z  INFO herdr::logging: checking for updates event="update.check.start" subsystem="update" outcome="started"
2026-07-26T04:35:55.375279Z  INFO herdr::logging: checking for updates event="update.check.start" subsystem="update" outcome="started"
2026-07-26T05:05:55.376437Z  INFO herdr::logging: checking for updates event="update.check.start" subsystem="update" outcome="started"
2026-07-27T12:39:22.127881Z  INFO herdr::server::headless: client resize client_id=4 cols=147 rows=37 cell_width_px=0 cell_height_px=0
2026-07-27T12:39:22.530447Z  INFO herdr::server::headless: client resize client_id=4 cols=147 rows=36 cell_width_px=0 cell_height_px=0
2026-07-27T12:41:08.013545Z  INFO herdr::server::headless: client resize client_id=4 cols=147 rows=37 cell_width_px=0 cell_height_px=0
2026-07-27T12:41:09.316242Z  INFO herdr::server::headless: client resize client_id=4 cols=147 rows=36 cell_width_px=0 cell_height_px=0
2026-07-27T12:43:07.814977Z  INFO herdr::server::headless: client resize client_id=4 cols=159 rows=39 cell_width_px=0 cell_height_px=0
2026-07-27T12:43:07.915090Z  INFO herdr::server::headless: client resize client_id=4 cols=173 rows=40 cell_width_px=0 cell_height_px=0
2026-07-27T12:43:08.115458Z  INFO herdr::server::headless: client resize client_id=4 cols=191 rows=46 cell_width_px=0 cell_height_px=0
2026-07-27T12:43:10.319261Z  INFO herdr::server::headless: client resize client_id=4 cols=191 rows=48 cell_width_px=0 cell_height_px=0
2026-07-27T12:43:31.143798Z  INFO herdr::server::headless: client disconnected client_id=4
2026-07-27T12:45:37.223225Z  INFO herdr::api::server: api server listening path=/home/Ronaldcdz/.config/herdr/herdr.sock
2026-07-27T12:45:37.228870Z  INFO herdr::logging: spawning pane terminal event="pane.spawn.start" subsystem="pane" outcome="started" pane_id=1 rows=24 cols=80 scrollback_limit_bytes=10000000
2026-07-27T12:45:37.232252Z  INFO herdr::logging: pane child spawned event="pane.spawned" subsystem="pane" outcome="ok" pane_id=1 pid=3926
2026-07-27T12:45:37.234438Z  INFO herdr::logging: spawning pane terminal event="pane.spawn.start" subsystem="pane" outcome="started" pane_id=2 rows=24 cols=80 scrollback_limit_bytes=10000000
2026-07-27T12:45:37.237014Z  INFO herdr::logging: pane child spawned event="pane.spawned" subsystem="pane" outcome="ok" pane_id=2 pid=3929
2026-07-27T12:45:37.237979Z  INFO herdr::logging: session restore evaluated event="persist.restore" subsystem="persist" outcome="ok" workspaces=2
2026-07-27T12:45:37.238030Z  INFO herdr::app: using pane scrollback configuration pane_scrollback_limit_bytes=10000000
2026-07-27T12:45:37.501998Z  INFO herdr::logging: checking for updates event="update.check.start" subsystem="update" outcome="started"
2026-07-27T12:45:37.505457Z  INFO herdr::server::headless: restored session already has workspaces; ignoring startup cwd cwd=/home/Ronaldcdz
2026-07-27T12:45:37.505629Z  INFO herdr::server::headless: client protocol socket listening path=/home/Ronaldcdz/.config/herdr/herdr-client.sock
2026-07-27T12:45:37.505672Z  INFO herdr::server::headless: herdr server started api_socket=/home/Ronaldcdz/.config/herdr/herdr.sock client_socket=/home/Ronaldcdz/.config/herdr/herdr-client.sock
2026-07-27T12:45:37.505928Z  INFO herdr::logging: herdr starting event="app.startup" subsystem="server" outcome="started" pid=3912
2026-07-27T12:45:37.759759Z  INFO herdr::server::headless: client connected client_id=2 cols=191 rows=48 cell_width_px=0 cell_height_px=0 render_encoding=SemanticFrame
2026-07-27T12:50:43.195579Z  INFO herdr::logging: workspace focused event="workspace.focus" subsystem="workspace" outcome="ok" workspace_id="w2"
2026-07-27T12:50:43.195683Z  INFO herdr::logging: tab focused event="tab.focus" subsystem="tab" outcome="ok" workspace_id="w2" tab_id="w2:t1"
2026-07-27T12:50:48.198083Z  INFO herdr::logging: session saved event="persist.save" subsystem="persist" outcome="ok" path=/home/Ronaldcdz/.config/herdr/session.json workspaces=2
2026-07-27T13:04:48.396428Z  INFO herdr::logging: workspace focused event="workspace.focus" subsystem="workspace" outcome="ok" workspace_id="w4"
2026-07-27T13:04:48.396534Z  INFO herdr::logging: tab focused event="tab.focus" subsystem="tab" outcome="ok" workspace_id="w4" tab_id="w4:tA"
2026-07-27T13:04:53.400608Z  INFO herdr::logging: session saved event="persist.save" subsystem="persist" outcome="ok" path=/home/Ronaldcdz/.config/herdr/session.json workspaces=2
2026-07-27T13:04:58.667969Z  INFO herdr::logging: spawning pane terminal event="pane.spawn.start" subsystem="pane" outcome="started" pane_id=3 rows=47 cols=170 scrollback_limit_bytes=10000000
2026-07-27T13:04:58.672266Z  INFO herdr::logging: pane child spawned event="pane.spawned" subsystem="pane" outcome="ok" pane_id=3 pid=13341
2026-07-27T13:04:58.673069Z  INFO herdr::logging: workspace created event="workspace.create" subsystem="workspace" outcome="ok" workspace_id="w5" pane_id=3
2026-07-27T13:04:58.673111Z  INFO herdr::logging: workspace focused event="workspace.focus" subsystem="workspace" outcome="ok" workspace_id="w5"
2026-07-27T13:04:58.673831Z  INFO herdr::logging: tab focused event="tab.focus" subsystem="tab" outcome="ok" workspace_id="w5" tab_id="w5:t1"
2026-07-27T13:05:03.679499Z  INFO herdr::logging: session saved event="persist.save" subsystem="persist" outcome="ok" path=/home/Ronaldcdz/.config/herdr/session.json workspaces=3
2026-07-27T13:05:10.090717Z  INFO herdr::logging: workspace renamed event="workspace.rename" subsystem="workspace" outcome="ok" workspace_id="w5"
2026-07-27T13:05:10.944586Z  INFO herdr::logging: workspace focused event="workspace.focus" subsystem="workspace" outcome="ok" workspace_id="w4"
2026-07-27T13:05:10.944695Z  INFO herdr::logging: tab focused event="tab.focus" subsystem="tab" outcome="ok" workspace_id="w4" tab_id="w4:tA"
2026-07-27T13:05:13.699789Z  INFO herdr::logging: workspace renamed event="workspace.rename" subsystem="workspace" outcome="ok" workspace_id="w4"
2026-07-27T13:05:14.737041Z  INFO herdr::logging: workspace focused event="workspace.focus" subsystem="workspace" outcome="ok" workspace_id="w5"
2026-07-27T13:05:14.737195Z  INFO herdr::logging: tab focused event="tab.focus" subsystem="tab" outcome="ok" workspace_id="w5" tab_id="w5:t1"
2026-07-27T13:05:19.740544Z  INFO herdr::logging: session saved event="persist.save" subsystem="persist" outcome="ok" path=/home/Ronaldcdz/.config/herdr/session.json workspaces=3
2026-07-27T13:07:44.031423Z  INFO herdr::logging: workspace focused event="workspace.focus" subsystem="workspace" outcome="ok" workspace_id="w2"
2026-07-27T13:07:44.031526Z  INFO herdr::logging: tab focused event="tab.focus" subsystem="tab" outcome="ok" workspace_id="w2" tab_id="w2:t1"
2026-07-27T13:07:49.035569Z  INFO herdr::logging: session saved event="persist.save" subsystem="persist" outcome="ok" path=/home/Ronaldcdz/.config/herdr/session.json workspaces=3
2026-07-27T13:11:34.986562Z  INFO herdr::logging: workspace focused event="workspace.focus" subsystem="workspace" outcome="ok" workspace_id="w5"
2026-07-27T13:11:34.986704Z  INFO herdr::logging: tab focused event="tab.focus" subsystem="tab" outcome="ok" workspace_id="w5" tab_id="w5:t1"
2026-07-27T13:11:39.992230Z  INFO herdr::logging: session saved event="persist.save" subsystem="persist" outcome="ok" path=/home/Ronaldcdz/.config/herdr/session.json workspaces=3
2026-07-27T13:11:46.963755Z  INFO herdr::logging: tab renamed event="tab.rename" subsystem="tab" outcome="ok" workspace_id="w5" tab_id="w5:t1"
2026-07-27T13:11:51.965355Z  INFO herdr::logging: session saved event="persist.save" subsystem="persist" outcome="ok" path=/home/Ronaldcdz/.config/herdr/session.json workspaces=3
2026-07-27T13:11:56.889226Z  INFO herdr::logging: spawning pane terminal event="pane.spawn.start" subsystem="pane" outcome="started" pane_id=4 rows=47 cols=170 scrollback_limit_bytes=10000000
2026-07-27T13:11:56.893699Z  INFO herdr::logging: pane child spawned event="pane.spawned" subsystem="pane" outcome="ok" pane_id=4 pid=20046
2026-07-27T13:11:56.894631Z  INFO herdr::logging: tab renamed event="tab.rename" subsystem="tab" outcome="ok" workspace_id="w5" tab_id="w5:t2"
2026-07-27T13:11:56.894808Z  INFO herdr::logging: tab focused event="tab.focus" subsystem="tab" outcome="ok" workspace_id="w5" tab_id="w5:t2"
2026-07-27T13:11:57.658716Z  INFO herdr::logging: tab focused event="tab.focus" subsystem="tab" outcome="ok" workspace_id="w5" tab_id="w5:t1"
2026-07-27T13:12:02.661686Z  INFO herdr::logging: session saved event="persist.save" subsystem="persist" outcome="ok" path=/home/Ronaldcdz/.config/herdr/session.json workspaces=3
2026-07-27T13:12:17.661961Z  INFO herdr::logging: tab focused event="tab.focus" subsystem="tab" outcome="ok" workspace_id="w5" tab_id="w5:t2"
2026-07-27T13:12:22.665009Z  INFO herdr::logging: session saved event="persist.save" subsystem="persist" outcome="ok" path=/home/Ronaldcdz/.config/herdr/session.json workspaces=3
2026-07-27T13:15:37.503379Z  INFO herdr::logging: checking for updates event="update.check.start" subsystem="update" outcome="started"
2026-07-27T13:16:27.805706Z  INFO herdr::logging: tab focused event="tab.focus" subsystem="tab" outcome="ok" workspace_id="w5" tab_id="w5:t1"
2026-07-27T13:16:32.807790Z  INFO herdr::logging: session saved event="persist.save" subsystem="persist" outcome="ok" path=/home/Ronaldcdz/.config/herdr/session.json workspaces=3
2026-07-27T13:16:42.958917Z  INFO herdr::logging: tab focused event="tab.focus" subsystem="tab" outcome="ok" workspace_id="w5" tab_id="w5:t2"
2026-07-27T13:16:47.554268Z  INFO herdr::logging: tab focused event="tab.focus" subsystem="tab" outcome="ok" workspace_id="w5" tab_id="w5:t1"
2026-07-27T13:16:52.557744Z  INFO herdr::logging: session saved event="persist.save" subsystem="persist" outcome="ok" path=/home/Ronaldcdz/.config/herdr/session.json workspaces=3
2026-07-27T13:17:18.127419Z  INFO herdr::app::actions: copied selection to clipboard
2026-07-27T13:20:45.166095Z  INFO herdr::app::actions: copied selection to clipboard
2026-07-27T13:22:44.306602Z  INFO herdr::app::actions: copied selection to clipboard
2026-07-27T13:29:07.411423Z  INFO herdr::logging: tab focused event="tab.focus" subsystem="tab" outcome="ok" workspace_id="w5" tab_id="w5:t2"
2026-07-27T13:29:12.415975Z  INFO herdr::logging: session saved event="persist.save" subsystem="persist" outcome="ok" path=/home/Ronaldcdz/.config/herdr/session.json workspaces=3
2026-07-27T13:29:45.959572Z  INFO herdr::logging: tab focused event="tab.focus" subsystem="tab" outcome="ok" workspace_id="w5" tab_id="w5:t1"
2026-07-27T13:29:50.963843Z  INFO herdr::logging: session saved event="persist.save" subsystem="persist" outcome="ok" path=/home/Ronaldcdz/.config/herdr/session.json workspaces=3
2026-07-27T13:29:52.355906Z  INFO herdr::logging: tab focused event="tab.focus" subsystem="tab" outcome="ok" workspace_id="w5" tab_id="w5:t2"
2026-07-27T13:29:57.361697Z  INFO herdr::logging: session saved event="persist.save" subsystem="persist" outcome="ok" path=/home/Ronaldcdz/.config/herdr/session.json workspaces=3
2026-07-27T13:30:14.716585Z  INFO herdr::logging: tab focused event="tab.focus" subsystem="tab" outcome="ok" workspace_id="w5" tab_id="w5:t1"
2026-07-27T13:30:19.721550Z  INFO herdr::logging: session saved event="persist.save" subsystem="persist" outcome="ok" path=/home/Ronaldcdz/.config/herdr/session.json workspaces=3
2026-07-27T13:31:32.547345Z  INFO herdr::logging: tab focused event="tab.focus" subsystem="tab" outcome="ok" workspace_id="w5" tab_id="w5:t2"
2026-07-27T13:31:33.923824Z  INFO herdr::logging: tab focused event="tab.focus" subsystem="tab" outcome="ok" workspace_id="w5" tab_id="w5:t1"
2026-07-27T13:31:34.794900Z  INFO herdr::logging: tab focused event="tab.focus" subsystem="tab" outcome="ok" workspace_id="w5" tab_id="w5:t2"
2026-07-27T13:31:35.568874Z  INFO herdr::logging: tab focused event="tab.focus" subsystem="tab" outcome="ok" workspace_id="w5" tab_id="w5:t1"
2026-07-27T13:31:40.571070Z  INFO herdr::logging: session saved event="persist.save" subsystem="persist" outcome="ok" path=/home/Ronaldcdz/.config/herdr/session.json workspaces=3
2026-07-27T13:34:17.109146Z  INFO herdr::logging: tab focused event="tab.focus" subsystem="tab" outcome="ok" workspace_id="w5" tab_id="w5:t2"
2026-07-27T13:34:22.111263Z  INFO herdr::logging: session saved event="persist.save" subsystem="persist" outcome="ok" path=/home/Ronaldcdz/.config/herdr/session.json workspaces=3
2026-07-27T13:35:30.049193Z  INFO herdr::logging: tab focused event="tab.focus" subsystem="tab" outcome="ok" workspace_id="w5" tab_id="w5:t1"
2026-07-27T13:35:35.051992Z  INFO herdr::logging: session saved event="persist.save" subsystem="persist" outcome="ok" path=/home/Ronaldcdz/.config/herdr/session.json workspaces=3
2026-07-27T13:36:19.216118Z  INFO herdr::logging: tab focused event="tab.focus" subsystem="tab" outcome="ok" workspace_id="w5" tab_id="w5:t2"
2026-07-27T13:36:22.761415Z  INFO herdr::logging: tab focused event="tab.focus" subsystem="tab" outcome="ok" workspace_id="w5" tab_id="w5:t1"
2026-07-27T13:36:27.765578Z  INFO herdr::logging: session saved event="persist.save" subsystem="persist" outcome="ok" path=/home/Ronaldcdz/.config/herdr/session.json workspaces=3
2026-07-27T13:37:21.853001Z  INFO herdr::logging: tab focused event="tab.focus" subsystem="tab" outcome="ok" workspace_id="w5" tab_id="w5:t2"
2026-07-27T13:37:26.856807Z  INFO herdr::logging: session saved event="persist.save" subsystem="persist" outcome="ok" path=/home/Ronaldcdz/.config/herdr/session.json workspaces=3
2026-07-27T13:37:36.085744Z  INFO herdr::logging: tab focused event="tab.focus" subsystem="tab" outcome="ok" workspace_id="w5" tab_id="w5:t1"
2026-07-27T13:37:41.088762Z  INFO herdr::logging: session saved event="persist.save" subsystem="persist" outcome="ok" path=/home/Ronaldcdz/.config/herdr/session.json workspaces=3
2026-07-27T13:37:41.268042Z  INFO herdr::logging: tab focused event="tab.focus" subsystem="tab" outcome="ok" workspace_id="w5" tab_id="w5:t2"
2026-07-27T13:37:46.270664Z  INFO herdr::logging: session saved event="persist.save" subsystem="persist" outcome="ok" path=/home/Ronaldcdz/.config/herdr/session.json workspaces=3
2026-07-27T13:37:48.813363Z  INFO herdr::logging: tab focused event="tab.focus" subsystem="tab" outcome="ok" workspace_id="w5" tab_id="w5:t1"
2026-07-27T13:37:53.815399Z  INFO herdr::logging: session saved event="persist.save" subsystem="persist" outcome="ok" path=/home/Ronaldcdz/.config/herdr/session.json workspaces=3
2026-07-27T13:38:03.244401Z  INFO herdr::logging: tab focused event="tab.focus" subsystem="tab" outcome="ok" workspace_id="w5" tab_id="w5:t2"
2026-07-27T13:38:04.116256Z  INFO herdr::logging: tab focused event="tab.focus" subsystem="tab" outcome="ok" workspace_id="w5" tab_id="w5:t1"
2026-07-27T13:38:05.530028Z  INFO herdr::logging: tab focused event="tab.focus" subsystem="tab" outcome="ok" workspace_id="w5" tab_id="w5:t2"
2026-07-27T13:38:07.170729Z  INFO herdr::logging: tab focused event="tab.focus" subsystem="tab" outcome="ok" workspace_id="w5" tab_id="w5:t1"
2026-07-27T13:38:12.173659Z  INFO herdr::logging: session saved event="persist.save" subsystem="persist" outcome="ok" path=/home/Ronaldcdz/.config/herdr/session.json workspaces=3
2026-07-27T13:39:08.342601Z  INFO herdr::logging: tab focused event="tab.focus" subsystem="tab" outcome="ok" workspace_id="w5" tab_id="w5:t2"
2026-07-27T13:39:13.346746Z  INFO herdr::logging: session saved event="persist.save" subsystem="persist" outcome="ok" path=/home/Ronaldcdz/.config/herdr/session.json workspaces=3
2026-07-27T13:39:17.906394Z  INFO herdr::app::actions: copied selection to clipboard
2026-07-27T13:40:31.232220Z  INFO herdr::logging: tab focused event="tab.focus" subsystem="tab" outcome="ok" workspace_id="w5" tab_id="w5:t1"
2026-07-27T13:40:34.713248Z  INFO herdr::logging: tab focused event="tab.focus" subsystem="tab" outcome="ok" workspace_id="w5" tab_id="w5:t2"
2026-07-27T13:40:39.728994Z  INFO herdr::logging: session saved event="persist.save" subsystem="persist" outcome="ok" path=/home/Ronaldcdz/.config/herdr/session.json workspaces=3
2026-07-27T13:41:27.839258Z  INFO herdr::logging: tab focused event="tab.focus" subsystem="tab" outcome="ok" workspace_id="w5" tab_id="w5:t1"
2026-07-27T13:41:32.842358Z  INFO herdr::logging: session saved event="persist.save" subsystem="persist" outcome="ok" path=/home/Ronaldcdz/.config/herdr/session.json workspaces=3
2026-07-27T13:41:35.442791Z  INFO herdr::logging: tab focused event="tab.focus" subsystem="tab" outcome="ok" workspace_id="w5" tab_id="w5:t2"
2026-07-27T13:41:40.445007Z  INFO herdr::logging: session saved event="persist.save" subsystem="persist" outcome="ok" path=/home/Ronaldcdz/.config/herdr/session.json workspaces=3
2026-07-27T13:43:09.870185Z  INFO herdr::logging: tab focused event="tab.focus" subsystem="tab" outcome="ok" workspace_id="w5" tab_id="w5:t1"
2026-07-27T13:43:14.874475Z  INFO herdr::logging: session saved event="persist.save" subsystem="persist" outcome="ok" path=/home/Ronaldcdz/.config/herdr/session.json workspaces=3
2026-07-27T13:45:37.504736Z  INFO herdr::logging: checking for updates event="update.check.start" subsystem="update" outcome="started"
2026-07-27T13:47:32.159981Z  INFO herdr::logging: tab focused event="tab.focus" subsystem="tab" outcome="ok" workspace_id="w5" tab_id="w5:t2"
2026-07-27T13:47:37.179286Z  INFO herdr::logging: session saved event="persist.save" subsystem="persist" outcome="ok" path=/home/Ronaldcdz/.config/herdr/session.json workspaces=3
2026-07-27T13:48:22.782636Z  INFO herdr::logging: tab focused event="tab.focus" subsystem="tab" outcome="ok" workspace_id="w5" tab_id="w5:t1"
2026-07-27T13:48:27.791912Z  INFO herdr::logging: session saved event="persist.save" subsystem="persist" outcome="ok" path=/home/Ronaldcdz/.config/herdr/session.json workspaces=3
2026-07-27T13:48:29.109898Z  INFO herdr::app::actions: copied selection to clipboard
2026-07-27T13:48:35.809082Z  INFO herdr::logging: workspace focused event="workspace.focus" subsystem="workspace" outcome="ok" workspace_id="w4"
2026-07-27T13:48:35.809233Z  INFO herdr::logging: tab focused event="tab.focus" subsystem="tab" outcome="ok" workspace_id="w4" tab_id="w4:tA"
2026-07-27T13:48:40.812098Z  INFO herdr::logging: session saved event="persist.save" subsystem="persist" outcome="ok" path=/home/Ronaldcdz/.config/herdr/session.json workspaces=3
2026-07-27T13:49:41.523652Z  INFO herdr::logging: workspace focused event="workspace.focus" subsystem="workspace" outcome="ok" workspace_id="w5"
2026-07-27T13:49:41.523766Z  INFO herdr::logging: tab focused event="tab.focus" subsystem="tab" outcome="ok" workspace_id="w5" tab_id="w5:t1"
2026-07-27T13:49:46.532070Z  INFO herdr::logging: session saved event="persist.save" subsystem="persist" outcome="ok" path=/home/Ronaldcdz/.config/herdr/session.json workspaces=3
2026-07-27T13:49:51.488012Z  INFO herdr::logging: workspace focused event="workspace.focus" subsystem="workspace" outcome="ok" workspace_id="w4"
2026-07-27T13:49:51.488125Z  INFO herdr::logging: tab focused event="tab.focus" subsystem="tab" outcome="ok" workspace_id="w4" tab_id="w4:tA"
2026-07-27T13:49:53.605347Z  INFO herdr::logging: workspace focused event="workspace.focus" subsystem="workspace" outcome="ok" workspace_id="w5"
2026-07-27T13:49:53.605484Z  INFO herdr::logging: tab focused event="tab.focus" subsystem="tab" outcome="ok" workspace_id="w5" tab_id="w5:t1"
2026-07-27T13:49:58.609192Z  INFO herdr::logging: session saved event="persist.save" subsystem="persist" outcome="ok" path=/home/Ronaldcdz/.config/herdr/session.json workspaces=3
2026-07-27T13:50:00.713858Z  INFO herdr::server::headless: client disconnected client_id=2
2026-07-27T13:51:09.882823Z  INFO herdr::server::headless: client connected client_id=4 cols=191 rows=48 cell_width_px=0 cell_height_px=0 render_encoding=SemanticFrame
2026-07-27T13:51:59.056037Z  INFO herdr::server::headless: client disconnected client_id=4
2026-07-27T13:53:00.706851Z  INFO herdr::server::headless: client connected client_id=6 cols=191 rows=48 cell_width_px=0 cell_height_px=0 render_encoding=SemanticFrame
2026-07-27T14:09:40.106622Z  INFO herdr::logging: workspace focused event="workspace.focus" subsystem="workspace" outcome="ok" workspace_id="w2"
2026-07-27T14:09:40.106773Z  INFO herdr::logging: tab focused event="tab.focus" subsystem="tab" outcome="ok" workspace_id="w2" tab_id="w2:t1"
2026-07-27T14:09:45.113086Z  INFO herdr::logging: session saved event="persist.save" subsystem="persist" outcome="ok" path=/home/Ronaldcdz/.config/herdr/session.json workspaces=3
2026-07-27T14:15:37.506802Z  INFO herdr::logging: checking for updates event="update.check.start" subsystem="update" outcome="started"
2026-07-27T14:45:37.511682Z  INFO herdr::logging: checking for updates event="update.check.start" subsystem="update" outcome="started"
2026-07-27T15:15:37.512192Z  INFO herdr::logging: checking for updates event="update.check.start" subsystem="update" outcome="started"
2026-07-27T15:39:26.122751Z  INFO herdr::logging: workspace focused event="workspace.focus" subsystem="workspace" outcome="ok" workspace_id="w5"
2026-07-27T15:39:26.122865Z  INFO herdr::logging: tab focused event="tab.focus" subsystem="tab" outcome="ok" workspace_id="w5" tab_id="w5:t1"
2026-07-27T15:39:30.356360Z  INFO herdr::logging: spawning pane terminal event="pane.spawn.start" subsystem="pane" outcome="started" pane_id=5 rows=47 cols=170 scrollback_limit_bytes=10000000
2026-07-27T15:39:30.361021Z  INFO herdr::logging: pane child spawned event="pane.spawned" subsystem="pane" outcome="ok" pane_id=5 pid=134729
2026-07-27T15:39:30.361834Z  INFO herdr::logging: tab renamed event="tab.rename" subsystem="tab" outcome="ok" workspace_id="w5" tab_id="w5:t3"
2026-07-27T15:39:30.362007Z  INFO herdr::logging: tab focused event="tab.focus" subsystem="tab" outcome="ok" workspace_id="w5" tab_id="w5:t3"
2026-07-27T15:39:32.159920Z  INFO herdr::logging: tab focused event="tab.focus" subsystem="tab" outcome="ok" workspace_id="w5" tab_id="w5:t1"
2026-07-27T15:39:33.302188Z  INFO herdr::logging: tab focused event="tab.focus" subsystem="tab" outcome="ok" workspace_id="w5" tab_id="w5:t2"
2026-07-27T15:39:36.706053Z  INFO herdr::logging: tab focused event="tab.focus" subsystem="tab" outcome="ok" workspace_id="w5" tab_id="w5:t3"
2026-07-27T15:39:41.709861Z  INFO herdr::logging: session saved event="persist.save" subsystem="persist" outcome="ok" path=/home/Ronaldcdz/.config/herdr/session.json workspaces=3
2026-07-27T15:45:37.513208Z  INFO herdr::logging: checking for updates event="update.check.start" subsystem="update" outcome="started"
2026-07-27T16:00:26.179688Z  INFO herdr::server::headless: client resize client_id=6 cols=191 rows=49 cell_width_px=0 cell_height_px=0
2026-07-27T16:00:26.581325Z  INFO herdr::server::headless: client resize client_id=6 cols=191 rows=48 cell_width_px=0 cell_height_px=0
2026-07-27T16:15:37.514801Z  INFO herdr::logging: checking for updates event="update.check.start" subsystem="update" outcome="started"
2026-07-27T16:45:37.516826Z  INFO herdr::logging: checking for updates event="update.check.start" subsystem="update" outcome="started"
2026-07-27T17:44:07.136847Z  INFO herdr::server::headless: client resize client_id=6 cols=191 rows=49 cell_width_px=0 cell_height_px=0
2026-07-27T17:44:08.839421Z  INFO herdr::server::headless: client resize client_id=6 cols=191 rows=48 cell_width_px=0 cell_height_px=0
2026-07-27T17:56:07.760135Z  INFO herdr::logging: checking for updates event="update.check.start" subsystem="update" outcome="started"
2026-07-27T17:56:10.791044Z  WARN herdr::detect::manifest_update: agent detection manifest update failed: failed to fetch https://herdr.dev/agent-detection/index.toml
2026-07-27T17:56:14.791914Z  WARN herdr::logging: update check failed event="update.check.complete" subsystem="update" outcome="error" err="failed to fetch update manifest"
2026-07-27T18:06:24.936218Z  INFO herdr::server::headless: client disconnected client_id=6
2026-07-27T18:08:07.969207Z  INFO herdr::api::server: api server listening path=/home/Ronaldcdz/.config/herdr/herdr.sock
2026-07-27T18:08:07.975109Z  INFO herdr::logging: spawning pane terminal event="pane.spawn.start" subsystem="pane" outcome="started" pane_id=1 rows=24 cols=80 scrollback_limit_bytes=10000000
2026-07-27T18:08:07.978335Z  INFO herdr::logging: pane child spawned event="pane.spawned" subsystem="pane" outcome="ok" pane_id=1 pid=3166
2026-07-27T18:08:07.980518Z  INFO herdr::logging: spawning pane terminal event="pane.spawn.start" subsystem="pane" outcome="started" pane_id=2 rows=24 cols=80 scrollback_limit_bytes=10000000
2026-07-27T18:08:07.983252Z  INFO herdr::logging: pane child spawned event="pane.spawned" subsystem="pane" outcome="ok" pane_id=2 pid=3169
2026-07-27T18:08:07.985001Z  INFO herdr::logging: spawning pane terminal event="pane.spawn.start" subsystem="pane" outcome="started" pane_id=3 rows=24 cols=80 scrollback_limit_bytes=10000000
2026-07-27T18:08:07.987726Z  INFO herdr::logging: pane child spawned event="pane.spawned" subsystem="pane" outcome="ok" pane_id=3 pid=3172
2026-07-27T18:08:07.989551Z  INFO herdr::logging: spawning pane terminal event="pane.spawn.start" subsystem="pane" outcome="started" pane_id=4 rows=24 cols=80 scrollback_limit_bytes=10000000
2026-07-27T18:08:07.992343Z  INFO herdr::logging: pane child spawned event="pane.spawned" subsystem="pane" outcome="ok" pane_id=4 pid=3177
2026-07-27T18:08:07.993178Z  INFO herdr::logging: spawning pane terminal event="pane.spawn.start" subsystem="pane" outcome="started" pane_id=5 rows=24 cols=80 scrollback_limit_bytes=10000000
2026-07-27T18:08:07.996265Z  INFO herdr::logging: pane child spawned event="pane.spawned" subsystem="pane" outcome="ok" pane_id=5 pid=3181
2026-07-27T18:08:07.998380Z  INFO herdr::logging: session restore evaluated event="persist.restore" subsystem="persist" outcome="ok" workspaces=3
2026-07-27T18:08:07.998485Z  INFO herdr::app: using pane scrollback configuration pane_scrollback_limit_bytes=10000000
2026-07-27T18:08:08.274373Z  INFO herdr::logging: checking for updates event="update.check.start" subsystem="update" outcome="started"
2026-07-27T18:08:08.278129Z  INFO herdr::server::headless: restored session already has workspaces; ignoring startup cwd cwd=/home/Ronaldcdz
2026-07-27T18:08:08.278361Z  INFO herdr::server::headless: client protocol socket listening path=/home/Ronaldcdz/.config/herdr/herdr-client.sock
2026-07-27T18:08:08.278411Z  INFO herdr::server::headless: herdr server started api_socket=/home/Ronaldcdz/.config/herdr/herdr.sock client_socket=/home/Ronaldcdz/.config/herdr/herdr-client.sock
2026-07-27T18:08:08.278725Z  INFO herdr::logging: herdr starting event="app.startup" subsystem="server" outcome="started" pid=3152
2026-07-27T18:08:08.532775Z  INFO herdr::server::headless: client connected client_id=2 cols=191 rows=48 cell_width_px=0 cell_height_px=0 render_encoding=SemanticFrame
2026-07-27T18:33:12.236039Z  INFO herdr::logging: workspace focused event="workspace.focus" subsystem="workspace" outcome="ok" workspace_id="w2"
2026-07-27T18:33:12.236157Z  INFO herdr::logging: tab focused event="tab.focus" subsystem="tab" outcome="ok" workspace_id="w2" tab_id="w2:t1"
2026-07-27T18:33:17.239036Z  INFO herdr::logging: session saved event="persist.save" subsystem="persist" outcome="ok" path=/home/Ronaldcdz/.config/herdr/session.json workspaces=3
2026-07-27T18:33:34.352353Z  INFO herdr::server::headless: client resize client_id=2 cols=191 rows=51 cell_width_px=0 cell_height_px=0
2026-07-27T18:33:36.055169Z  INFO herdr::server::headless: client resize client_id=2 cols=191 rows=48 cell_width_px=0 cell_height_px=0
2026-07-27T18:34:38.144579Z  INFO herdr::logging: workspace focused event="workspace.focus" subsystem="workspace" outcome="ok" workspace_id="w5"
2026-07-27T18:34:38.144689Z  INFO herdr::logging: tab focused event="tab.focus" subsystem="tab" outcome="ok" workspace_id="w5" tab_id="w5:t3"
2026-07-27T18:34:39.393583Z  INFO herdr::logging: workspace focused event="workspace.focus" subsystem="workspace" outcome="ok" workspace_id="w4"
2026-07-27T18:34:39.393735Z  INFO herdr::logging: tab focused event="tab.focus" subsystem="tab" outcome="ok" workspace_id="w4" tab_id="w4:tA"
2026-07-27T18:34:44.396222Z  INFO herdr::logging: session saved event="persist.save" subsystem="persist" outcome="ok" path=/home/Ronaldcdz/.config/herdr/session.json workspaces=3
2026-07-27T18:35:22.884937Z  INFO herdr::logging: workspace focused event="workspace.focus" subsystem="workspace" outcome="ok" workspace_id="w2"
2026-07-27T18:35:22.885051Z  INFO herdr::logging: tab focused event="tab.focus" subsystem="tab" outcome="ok" workspace_id="w2" tab_id="w2:t1"
2026-07-27T18:35:24.088058Z  INFO herdr::logging: workspace focused event="workspace.focus" subsystem="workspace" outcome="ok" workspace_id="w4"
2026-07-27T18:35:24.088163Z  INFO herdr::logging: tab focused event="tab.focus" subsystem="tab" outcome="ok" workspace_id="w4" tab_id="w4:tA"
2026-07-27T18:35:29.092061Z  INFO herdr::logging: session saved event="persist.save" subsystem="persist" outcome="ok" path=/home/Ronaldcdz/.config/herdr/session.json workspaces=3
2026-07-27T18:38:08.276017Z  INFO herdr::logging: checking for updates event="update.check.start" subsystem="update" outcome="started"
2026-07-27T18:40:16.555768Z  INFO herdr::logging: workspace focused event="workspace.focus" subsystem="workspace" outcome="ok" workspace_id="w5"
2026-07-27T18:40:16.555877Z  INFO herdr::logging: tab focused event="tab.focus" subsystem="tab" outcome="ok" workspace_id="w5" tab_id="w5:t3"
2026-07-27T18:40:19.276296Z  INFO herdr::logging: workspace focused event="workspace.focus" subsystem="workspace" outcome="ok" workspace_id="w2"
2026-07-27T18:40:19.276450Z  INFO herdr::logging: tab focused event="tab.focus" subsystem="tab" outcome="ok" workspace_id="w2" tab_id="w2:t1"
2026-07-27T18:40:20.723251Z  INFO herdr::logging: workspace focused event="workspace.focus" subsystem="workspace" outcome="ok" workspace_id="w5"
2026-07-27T18:40:20.723422Z  INFO herdr::logging: tab focused event="tab.focus" subsystem="tab" outcome="ok" workspace_id="w5" tab_id="w5:t3"
2026-07-27T18:40:25.727959Z  INFO herdr::logging: session saved event="persist.save" subsystem="persist" outcome="ok" path=/home/Ronaldcdz/.config/herdr/session.json workspaces=3
2026-07-27T18:40:31.128269Z  INFO herdr::logging: workspace focused event="workspace.focus" subsystem="workspace" outcome="ok" workspace_id="w2"
2026-07-27T18:40:31.128439Z  INFO herdr::logging: tab focused event="tab.focus" subsystem="tab" outcome="ok" workspace_id="w2" tab_id="w2:t1"
2026-07-27T18:40:36.132115Z  INFO herdr::logging: session saved event="persist.save" subsystem="persist" outcome="ok" path=/home/Ronaldcdz/.config/herdr/session.json workspaces=3
2026-07-27T18:46:32.527167Z  INFO herdr::logging: workspace focused event="workspace.focus" subsystem="workspace" outcome="ok" workspace_id="w5"
2026-07-27T18:46:32.527283Z  INFO herdr::logging: tab focused event="tab.focus" subsystem="tab" outcome="ok" workspace_id="w5" tab_id="w5:t3"
2026-07-27T18:46:37.532546Z  INFO herdr::logging: session saved event="persist.save" subsystem="persist" outcome="ok" path=/home/Ronaldcdz/.config/herdr/session.json workspaces=3
2026-07-27T18:59:57.497440Z  INFO herdr::app::actions: copied selection to clipboard
2026-07-27T19:01:18.922969Z  INFO herdr::app::actions: copied selection to clipboard
2026-07-27T19:07:54.626493Z  INFO herdr::app::actions: copied selection to clipboard
2026-07-27T19:08:08.277557Z  INFO herdr::logging: checking for updates event="update.check.start" subsystem="update" outcome="started"
2026-07-27T19:12:08.913161Z  INFO herdr::app::actions: copied selection to clipboard
2026-07-27T19:12:18.721931Z  INFO herdr::app::actions: copied selection to clipboard
2026-07-27T19:24:50.667851Z  INFO herdr::logging: workspace focused event="workspace.focus" subsystem="workspace" outcome="ok" workspace_id="w2"
2026-07-27T19:24:50.667956Z  INFO herdr::logging: tab focused event="tab.focus" subsystem="tab" outcome="ok" workspace_id="w2" tab_id="w2:t1"
2026-07-27T19:24:55.673262Z  INFO herdr::logging: session saved event="persist.save" subsystem="persist" outcome="ok" path=/home/Ronaldcdz/.config/herdr/session.json workspaces=3
2026-07-27T19:25:18.735505Z  INFO herdr::logging: workspace focused event="workspace.focus" subsystem="workspace" outcome="ok" workspace_id="w5"
2026-07-27T19:25:18.735619Z  INFO herdr::logging: tab focused event="tab.focus" subsystem="tab" outcome="ok" workspace_id="w5" tab_id="w5:t3"
2026-07-27T19:25:23.754959Z  INFO herdr::logging: session saved event="persist.save" subsystem="persist" outcome="ok" path=/home/Ronaldcdz/.config/herdr/session.json workspaces=3
2026-07-27T19:38:08.277982Z  INFO herdr::logging: checking for updates event="update.check.start" subsystem="update" outcome="started"
2026-07-27T19:58:35.663597Z  INFO herdr::logging: tab focused event="tab.focus" subsystem="tab" outcome="ok" workspace_id="w5" tab_id="w5:t1"
2026-07-27T19:58:40.667751Z  INFO herdr::logging: session saved event="persist.save" subsystem="persist" outcome="ok" path=/home/Ronaldcdz/.config/herdr/session.json workspaces=3
2026-07-27T20:08:08.279517Z  INFO herdr::logging: checking for updates event="update.check.start" subsystem="update" outcome="started"
2026-07-27T20:24:40.129660Z  INFO herdr::logging: tab focused event="tab.focus" subsystem="tab" outcome="ok" workspace_id="w5" tab_id="w5:t3"
2026-07-27T20:24:45.134072Z  INFO herdr::logging: session saved event="persist.save" subsystem="persist" outcome="ok" path=/home/Ronaldcdz/.config/herdr/session.json workspaces=3
2026-07-27T20:28:04.865460Z  INFO herdr::logging: tab focused event="tab.focus" subsystem="tab" outcome="ok" workspace_id="w5" tab_id="w5:t1"
2026-07-27T20:28:09.870837Z  INFO herdr::logging: session saved event="persist.save" subsystem="persist" outcome="ok" path=/home/Ronaldcdz/.config/herdr/session.json workspaces=3
2026-07-27T20:38:08.279862Z  INFO herdr::logging: checking for updates event="update.check.start" subsystem="update" outcome="started"
2026-07-27T20:47:36.147150Z  INFO herdr::logging: workspace focused event="workspace.focus" subsystem="workspace" outcome="ok" workspace_id="w2"
2026-07-27T20:47:36.147268Z  INFO herdr::logging: tab focused event="tab.focus" subsystem="tab" outcome="ok" workspace_id="w2" tab_id="w2:t1"
2026-07-27T20:47:41.152288Z  INFO herdr::logging: session saved event="persist.save" subsystem="persist" outcome="ok" path=/home/Ronaldcdz/.config/herdr/session.json workspaces=3
2026-07-27T20:48:54.944714Z  INFO herdr::logging: workspace focused event="workspace.focus" subsystem="workspace" outcome="ok" workspace_id="w5"
2026-07-27T20:48:54.944833Z  INFO herdr::logging: tab focused event="tab.focus" subsystem="tab" outcome="ok" workspace_id="w5" tab_id="w5:t1"
2026-07-27T20:48:59.950666Z  INFO herdr::logging: session saved event="persist.save" subsystem="persist" outcome="ok" path=/home/Ronaldcdz/.config/herdr/session.json workspaces=3
2026-07-27T20:49:00.719629Z  INFO herdr::logging: workspace focused event="workspace.focus" subsystem="workspace" outcome="ok" workspace_id="w2"
2026-07-27T20:49:00.720116Z  INFO herdr::logging: tab focused event="tab.focus" subsystem="tab" outcome="ok" workspace_id="w2" tab_id="w2:t1"
2026-07-27T20:49:05.731296Z  INFO herdr::logging: session saved event="persist.save" subsystem="persist" outcome="ok" path=/home/Ronaldcdz/.config/herdr/session.json workspaces=3
2026-07-27T20:53:17.250351Z  INFO herdr::server::headless: client resize client_id=2 cols=191 rows=49 cell_width_px=0 cell_height_px=0
2026-07-27T20:53:17.749355Z  INFO herdr::server::headless: client resize client_id=2 cols=191 rows=48 cell_width_px=0 cell_height_px=0
2026-07-27T23:11:10.515459Z  INFO herdr::logging: workspace focused event="workspace.focus" subsystem="workspace" outcome="ok" workspace_id="w4"
2026-07-27T23:11:10.515575Z  INFO herdr::logging: tab focused event="tab.focus" subsystem="tab" outcome="ok" workspace_id="w4" tab_id="w4:tA"
2026-07-27T23:11:15.520670Z  INFO herdr::logging: session saved event="persist.save" subsystem="persist" outcome="ok" path=/home/Ronaldcdz/.config/herdr/session.json workspaces=3
2026-07-27T23:11:24.093214Z  INFO herdr::server::headless: client disconnected client_id=2
2026-07-27T23:12:55.992259Z  INFO herdr::api::server: api server listening path=/home/Ronaldcdz/.config/herdr/herdr.sock
2026-07-27T23:12:55.994437Z  INFO herdr::logging: spawning pane terminal event="pane.spawn.start" subsystem="pane" outcome="started" pane_id=1 rows=24 cols=80 scrollback_limit_bytes=10000000
2026-07-27T23:12:55.995661Z  INFO herdr::logging: pane child spawned event="pane.spawned" subsystem="pane" outcome="ok" pane_id=1 pid=2983
2026-07-27T23:12:55.996464Z  INFO herdr::logging: spawning pane terminal event="pane.spawn.start" subsystem="pane" outcome="started" pane_id=2 rows=24 cols=80 scrollback_limit_bytes=10000000
2026-07-27T23:12:55.997394Z  INFO herdr::logging: pane child spawned event="pane.spawned" subsystem="pane" outcome="ok" pane_id=2 pid=2986
2026-07-27T23:12:55.997997Z  INFO herdr::logging: spawning pane terminal event="pane.spawn.start" subsystem="pane" outcome="started" pane_id=3 rows=24 cols=80 scrollback_limit_bytes=10000000
2026-07-27T23:12:55.999014Z  INFO herdr::logging: pane child spawned event="pane.spawned" subsystem="pane" outcome="ok" pane_id=3 pid=2989
2026-07-27T23:12:55.999906Z  INFO herdr::logging: spawning pane terminal event="pane.spawn.start" subsystem="pane" outcome="started" pane_id=4 rows=24 cols=80 scrollback_limit_bytes=10000000
2026-07-27T23:12:56.001279Z  INFO herdr::logging: pane child spawned event="pane.spawned" subsystem="pane" outcome="ok" pane_id=4 pid=2994
2026-07-27T23:12:56.001638Z  INFO herdr::logging: spawning pane terminal event="pane.spawn.start" subsystem="pane" outcome="started" pane_id=5 rows=24 cols=80 scrollback_limit_bytes=10000000
2026-07-27T23:12:56.003047Z  INFO herdr::logging: pane child spawned event="pane.spawned" subsystem="pane" outcome="ok" pane_id=5 pid=2998
2026-07-27T23:12:56.003852Z  INFO herdr::logging: session restore evaluated event="persist.restore" subsystem="persist" outcome="ok" workspaces=3
2026-07-27T23:12:56.003886Z  INFO herdr::app: using pane scrollback configuration pane_scrollback_limit_bytes=10000000
2026-07-27T23:12:56.132610Z  INFO herdr::logging: checking for updates event="update.check.start" subsystem="update" outcome="started"
2026-07-27T23:12:56.136739Z  INFO herdr::server::headless: restored session already has workspaces; ignoring startup cwd cwd=/home/Ronaldcdz
2026-07-27T23:12:56.137000Z  INFO herdr::server::headless: client protocol socket listening path=/home/Ronaldcdz/.config/herdr/herdr-client.sock
2026-07-27T23:12:56.137064Z  INFO herdr::server::headless: herdr server started api_socket=/home/Ronaldcdz/.config/herdr/herdr.sock client_socket=/home/Ronaldcdz/.config/herdr/herdr-client.sock
2026-07-27T23:12:56.137469Z  INFO herdr::logging: herdr starting event="app.startup" subsystem="server" outcome="started" pid=2969
2026-07-27T23:12:56.141963Z  INFO herdr::server::headless: client connected client_id=2 cols=191 rows=48 cell_width_px=0 cell_height_px=0 render_encoding=SemanticFrame
2026-07-27T23:42:56.133899Z  INFO herdr::logging: checking for updates event="update.check.start" subsystem="update" outcome="started"
2026-07-28T00:12:56.134257Z  INFO herdr::logging: checking for updates event="update.check.start" subsystem="update" outcome="started"
2026-07-28T00:42:56.137068Z  INFO herdr::logging: checking for updates event="update.check.start" subsystem="update" outcome="started"
2026-07-28T01:12:56.137425Z  INFO herdr::logging: checking for updates event="update.check.start" subsystem="update" outcome="started"
2026-07-28T01:42:56.139335Z  INFO herdr::logging: checking for updates event="update.check.start" subsystem="update" outcome="started"
2026-07-28T11:58:42.920759Z  INFO herdr::server::headless: client resize client_id=2 cols=191 rows=49 cell_width_px=0 cell_height_px=0
2026-07-28T11:58:44.422587Z  INFO herdr::server::headless: client resize client_id=2 cols=191 rows=48 cell_width_px=0 cell_height_px=0
2026-07-28T12:00:58.102972Z  INFO herdr::logging: workspace focused event="workspace.focus" subsystem="workspace" outcome="ok" workspace_id="w5"
2026-07-28T12:00:58.103091Z  INFO herdr::logging: tab focused event="tab.focus" subsystem="tab" outcome="ok" workspace_id="w5" tab_id="w5:t1"
2026-07-28T12:01:03.107664Z  INFO herdr::logging: session saved event="persist.save" subsystem="persist" outcome="ok" path=/home/Ronaldcdz/.config/herdr/session.json workspaces=3
2026-07-28T12:01:04.295187Z  INFO herdr::server::headless: client disconnected client_id=2
2026-07-28T12:02:34.123988Z  INFO herdr::api::server: api server listening path=/home/Ronaldcdz/.config/herdr/herdr.sock
2026-07-28T12:02:34.129241Z  INFO herdr::logging: spawning pane terminal event="pane.spawn.start" subsystem="pane" outcome="started" pane_id=1 rows=24 cols=80 scrollback_limit_bytes=10000000
2026-07-28T12:02:34.132713Z  INFO herdr::logging: pane child spawned event="pane.spawned" subsystem="pane" outcome="ok" pane_id=1 pid=3028
2026-07-28T12:02:34.134977Z  INFO herdr::logging: spawning pane terminal event="pane.spawn.start" subsystem="pane" outcome="started" pane_id=2 rows=24 cols=80 scrollback_limit_bytes=10000000
2026-07-28T12:02:34.137707Z  INFO herdr::logging: pane child spawned event="pane.spawned" subsystem="pane" outcome="ok" pane_id=2 pid=3031
2026-07-28T12:02:34.139526Z  INFO herdr::logging: spawning pane terminal event="pane.spawn.start" subsystem="pane" outcome="started" pane_id=3 rows=24 cols=80 scrollback_limit_bytes=10000000
2026-07-28T12:02:34.142257Z  INFO herdr::logging: pane child spawned event="pane.spawned" subsystem="pane" outcome="ok" pane_id=3 pid=3034
2026-07-28T12:02:34.144102Z  INFO herdr::logging: spawning pane terminal event="pane.spawn.start" subsystem="pane" outcome="started" pane_id=4 rows=24 cols=80 scrollback_limit_bytes=10000000
2026-07-28T12:02:34.146798Z  INFO herdr::logging: pane child spawned event="pane.spawned" subsystem="pane" outcome="ok" pane_id=4 pid=3039
2026-07-28T12:02:34.147750Z  INFO herdr::logging: spawning pane terminal event="pane.spawn.start" subsystem="pane" outcome="started" pane_id=5 rows=24 cols=80 scrollback_limit_bytes=10000000
2026-07-28T12:02:34.150876Z  INFO herdr::logging: pane child spawned event="pane.spawned" subsystem="pane" outcome="ok" pane_id=5 pid=3042
2026-07-28T12:02:34.152720Z  INFO herdr::logging: session restore evaluated event="persist.restore" subsystem="persist" outcome="ok" workspaces=3
2026-07-28T12:02:34.152812Z  INFO herdr::app: using pane scrollback configuration pane_scrollback_limit_bytes=10000000
2026-07-28T12:02:34.462319Z  INFO herdr::logging: checking for updates event="update.check.start" subsystem="update" outcome="started"
2026-07-28T12:02:34.466511Z  INFO herdr::server::headless: restored session already has workspaces; ignoring startup cwd cwd=/home/Ronaldcdz
2026-07-28T12:02:34.466763Z  INFO herdr::server::headless: client protocol socket listening path=/home/Ronaldcdz/.config/herdr/herdr-client.sock
2026-07-28T12:02:34.466834Z  INFO herdr::server::headless: herdr server started api_socket=/home/Ronaldcdz/.config/herdr/herdr.sock client_socket=/home/Ronaldcdz/.config/herdr/herdr-client.sock
2026-07-28T12:02:34.467215Z  INFO herdr::logging: herdr starting event="app.startup" subsystem="server" outcome="started" pid=3014
2026-07-28T12:02:34.688264Z  INFO herdr::server::headless: client connected client_id=2 cols=191 rows=48 cell_width_px=0 cell_height_px=0 render_encoding=SemanticFrame
2026-07-28T12:25:28.872806Z  INFO herdr::logging: tab focused event="tab.focus" subsystem="tab" outcome="ok" workspace_id="w5" tab_id="w5:t3"
2026-07-28T12:25:30.986251Z  INFO herdr::logging: pane child exited event="pane.exit" subsystem="pane" outcome="completed" pane_id=5 status="ExitStatus { code: 1, signal: None }"
2026-07-28T12:25:31.017853Z  INFO herdr::pane: pane session terminated pane=5 pid=3042 signal=Hangup
2026-07-28T12:25:31.018430Z  WARN herdr::app::actions: PaneDied for unknown pane pane=5
2026-07-28T12:25:32.063465Z  INFO herdr::logging: tab focused event="tab.focus" subsystem="tab" outcome="ok" workspace_id="w5" tab_id="w5:t1"
2026-07-28T12:25:37.067190Z  INFO herdr::logging: session saved event="persist.save" subsystem="persist" outcome="ok" path=/home/Ronaldcdz/.config/herdr/session.json workspaces=3
2026-07-28T12:32:34.464042Z  INFO herdr::logging: checking for updates event="update.check.start" subsystem="update" outcome="started"
2026-07-28T12:47:01.839967Z  INFO herdr::logging: tab focused event="tab.focus" subsystem="tab" outcome="ok" workspace_id="w5" tab_id="w5:t2"
2026-07-28T12:47:06.846007Z  INFO herdr::logging: session saved event="persist.save" subsystem="persist" outcome="ok" path=/home/Ronaldcdz/.config/herdr/session.json workspaces=3
2026-07-28T12:47:16.184938Z  INFO herdr::logging: workspace focused event="workspace.focus" subsystem="workspace" outcome="ok" workspace_id="w2"
2026-07-28T12:47:16.185052Z  INFO herdr::logging: tab focused event="tab.focus" subsystem="tab" outcome="ok" workspace_id="w2" tab_id="w2:t1"
2026-07-28T12:47:21.188991Z  INFO herdr::logging: session saved event="persist.save" subsystem="persist" outcome="ok" path=/home/Ronaldcdz/.config/herdr/session.json workspaces=3
2026-07-28T13:02:34.468954Z  INFO herdr::logging: checking for updates event="update.check.start" subsystem="update" outcome="started"
2026-07-28T13:06:49.661873Z  INFO herdr::logging: workspace focused event="workspace.focus" subsystem="workspace" outcome="ok" workspace_id="w5"
2026-07-28T13:06:49.661987Z  INFO herdr::logging: tab focused event="tab.focus" subsystem="tab" outcome="ok" workspace_id="w5" tab_id="w5:t2"
2026-07-28T13:06:51.741214Z  INFO herdr::logging: spawning pane terminal event="pane.spawn.start" subsystem="pane" outcome="started" pane_id=6 rows=47 cols=170 scrollback_limit_bytes=10000000
2026-07-28T13:06:51.746102Z  INFO herdr::logging: pane child spawned event="pane.spawned" subsystem="pane" outcome="ok" pane_id=6 pid=20498
2026-07-28T13:06:51.746904Z  INFO herdr::logging: tab focused event="tab.focus" subsystem="tab" outcome="ok" workspace_id="w5" tab_id="w5:t4"
2026-07-28T13:06:56.753184Z  INFO herdr::logging: session saved event="persist.save" subsystem="persist" outcome="ok" path=/home/Ronaldcdz/.config/herdr/session.json workspaces=3
2026-07-28T13:06:57.308265Z  INFO herdr::logging: pane child exited event="pane.exit" subsystem="pane" outcome="completed" pane_id=6 status="ExitStatus { code: 1, signal: None }"
2026-07-28T13:06:57.332523Z  INFO herdr::pane: pane session terminated pane=6 pid=20498 signal=Hangup
2026-07-28T13:06:57.333107Z  WARN herdr::app::actions: PaneDied for unknown pane pane=6
2026-07-28T13:07:02.335021Z  INFO herdr::logging: session saved event="persist.save" subsystem="persist" outcome="ok" path=/home/Ronaldcdz/.config/herdr/session.json workspaces=3
2026-07-28T13:15:50.467540Z  INFO herdr::logging: tab focused event="tab.focus" subsystem="tab" outcome="ok" workspace_id="w5" tab_id="w5:t1"
2026-07-28T13:15:55.472804Z  INFO herdr::logging: session saved event="persist.save" subsystem="persist" outcome="ok" path=/home/Ronaldcdz/.config/herdr/session.json workspaces=3
2026-07-28T13:32:34.470366Z  INFO herdr::logging: checking for updates event="update.check.start" subsystem="update" outcome="started"
2026-07-28T14:02:34.471465Z  INFO herdr::logging: checking for updates event="update.check.start" subsystem="update" outcome="started"
2026-07-28T14:32:34.472740Z  INFO herdr::logging: checking for updates event="update.check.start" subsystem="update" outcome="started"
2026-07-28T15:02:34.473639Z  INFO herdr::logging: checking for updates event="update.check.start" subsystem="update" outcome="started"
2026-07-28T15:32:34.475469Z  INFO herdr::logging: checking for updates event="update.check.start" subsystem="update" outcome="started"
2026-07-28T16:00:12.703935Z  INFO herdr::server::headless: client resize client_id=2 cols=191 rows=49 cell_width_px=0 cell_height_px=0
2026-07-28T16:00:13.204850Z  INFO herdr::server::headless: client resize client_id=2 cols=191 rows=48 cell_width_px=0 cell_height_px=0
2026-07-28T16:02:34.477111Z  INFO herdr::logging: checking for updates event="update.check.start" subsystem="update" outcome="started"
2026-07-28T16:32:34.478217Z  INFO herdr::logging: checking for updates event="update.check.start" subsystem="update" outcome="started"
2026-07-28T17:41:45.014405Z  INFO herdr::server::headless: client resize client_id=2 cols=191 rows=49 cell_width_px=0 cell_height_px=0
2026-07-28T17:41:46.720756Z  INFO herdr::server::headless: client resize client_id=2 cols=191 rows=48 cell_width_px=0 cell_height_px=0
2026-07-28T17:48:05.814261Z  INFO herdr::logging: checking for updates event="update.check.start" subsystem="update" outcome="started"
2026-07-28T17:48:08.844465Z  WARN herdr::detect::manifest_update: agent detection manifest update failed: failed to fetch https://herdr.dev/agent-detection/index.toml
2026-07-28T17:48:12.846345Z  WARN herdr::logging: update check failed event="update.check.complete" subsystem="update" outcome="error" err="failed to fetch update manifest"
2026-07-28T18:04:39.200360Z  INFO herdr::logging: workspace focused event="workspace.focus" subsystem="workspace" outcome="ok" workspace_id="w4"
2026-07-28T18:04:39.200472Z  INFO herdr::logging: tab focused event="tab.focus" subsystem="tab" outcome="ok" workspace_id="w4" tab_id="w4:tA"
2026-07-28T18:04:43.595474Z  INFO herdr::server::headless: client disconnected client_id=2
2026-07-28T18:04:44.204296Z  INFO herdr::logging: session saved event="persist.save" subsystem="persist" outcome="ok" path=/home/Ronaldcdz/.config/herdr/session.json workspaces=3
2026-07-28T18:07:34.448445Z  INFO herdr::api::server: api server listening path=/home/Ronaldcdz/.config/herdr/herdr.sock
2026-07-28T18:07:34.451094Z  INFO herdr::logging: spawning pane terminal event="pane.spawn.start" subsystem="pane" outcome="started" pane_id=1 rows=24 cols=80 scrollback_limit_bytes=10000000
2026-07-28T18:07:34.452710Z  INFO herdr::logging: pane child spawned event="pane.spawned" subsystem="pane" outcome="ok" pane_id=1 pid=3655
2026-07-28T18:07:34.453891Z  INFO herdr::logging: spawning pane terminal event="pane.spawn.start" subsystem="pane" outcome="started" pane_id=2 rows=24 cols=80 scrollback_limit_bytes=10000000
2026-07-28T18:07:34.455415Z  INFO herdr::logging: pane child spawned event="pane.spawned" subsystem="pane" outcome="ok" pane_id=2 pid=3658
2026-07-28T18:07:34.456315Z  INFO herdr::logging: spawning pane terminal event="pane.spawn.start" subsystem="pane" outcome="started" pane_id=3 rows=24 cols=80 scrollback_limit_bytes=10000000
2026-07-28T18:07:34.457682Z  INFO herdr::logging: pane child spawned event="pane.spawned" subsystem="pane" outcome="ok" pane_id=3 pid=3661
2026-07-28T18:07:34.458776Z  INFO herdr::logging: spawning pane terminal event="pane.spawn.start" subsystem="pane" outcome="started" pane_id=4 rows=24 cols=80 scrollback_limit_bytes=10000000
2026-07-28T18:07:34.460301Z  INFO herdr::logging: pane child spawned event="pane.spawned" subsystem="pane" outcome="ok" pane_id=4 pid=3666
2026-07-28T18:07:34.461378Z  INFO herdr::logging: session restore evaluated event="persist.restore" subsystem="persist" outcome="ok" workspaces=3
2026-07-28T18:07:34.461423Z  INFO herdr::app: using pane scrollback configuration pane_scrollback_limit_bytes=10000000
2026-07-28T18:07:34.749708Z  INFO herdr::logging: checking for updates event="update.check.start" subsystem="update" outcome="started"
2026-07-28T18:07:34.753073Z  INFO herdr::server::headless: restored session already has workspaces; ignoring startup cwd cwd=/home/Ronaldcdz
2026-07-28T18:07:34.753308Z  INFO herdr::server::headless: client protocol socket listening path=/home/Ronaldcdz/.config/herdr/herdr-client.sock
2026-07-28T18:07:34.753361Z  INFO herdr::server::headless: herdr server started api_socket=/home/Ronaldcdz/.config/herdr/herdr.sock client_socket=/home/Ronaldcdz/.config/herdr/herdr-client.sock
2026-07-28T18:07:34.753796Z  INFO herdr::logging: herdr starting event="app.startup" subsystem="server" outcome="started" pid=3641
2026-07-28T18:07:35.008528Z  INFO herdr::server::headless: client connected client_id=2 cols=191 rows=48 cell_width_px=0 cell_height_px=0 render_encoding=SemanticFrame
2026-07-28T18:27:30.296785Z  INFO herdr::logging: workspace focused event="workspace.focus" subsystem="workspace" outcome="ok" workspace_id="w5"
2026-07-28T18:27:30.296903Z  INFO herdr::logging: tab focused event="tab.focus" subsystem="tab" outcome="ok" workspace_id="w5" tab_id="w5:t1"
2026-07-28T18:27:32.416455Z  INFO herdr::logging: tab focused event="tab.focus" subsystem="tab" outcome="ok" workspace_id="w5" tab_id="w5:t2"
2026-07-28T18:27:33.250122Z  INFO herdr::logging: tab focused event="tab.focus" subsystem="tab" outcome="ok" workspace_id="w5" tab_id="w5:t1"
2026-07-28T18:27:38.253013Z  INFO herdr::logging: session saved event="persist.save" subsystem="persist" outcome="ok" path=/home/Ronaldcdz/.config/herdr/session.json workspaces=3
2026-07-28T18:33:09.148454Z  INFO herdr::server::headless: client connected client_id=4 cols=79 rows=28 cell_width_px=0 cell_height_px=0 render_encoding=SemanticFrame
2026-07-28T18:33:09.256516Z  INFO herdr::server::headless: client resize client_id=4 cols=95 rows=48 cell_width_px=0 cell_height_px=0
2026-07-28T18:33:13.037216Z  INFO herdr::server::headless: client disconnected client_id=4
2026-07-28T18:33:49.036345Z  INFO herdr::server::headless: client connected client_id=6 cols=79 rows=28 cell_width_px=0 cell_height_px=0 render_encoding=SemanticFrame
2026-07-28T18:33:49.153419Z  INFO herdr::server::headless: client resize client_id=6 cols=95 rows=48 cell_width_px=0 cell_height_px=0
2026-07-28T18:33:52.763822Z  INFO herdr::server::headless: client disconnected client_id=6
2026-07-28T18:37:34.751228Z  INFO herdr::logging: checking for updates event="update.check.start" subsystem="update" outcome="started"
2026-07-28T18:40:29.236920Z  INFO herdr::logging: spawning pane terminal event="pane.spawn.start" subsystem="pane" outcome="started" pane_id=5 rows=47 cols=170 scrollback_limit_bytes=10000000
2026-07-28T18:40:29.241939Z  INFO herdr::logging: pane child spawned event="pane.spawned" subsystem="pane" outcome="ok" pane_id=5 pid=16387
2026-07-28T18:40:29.242866Z  INFO herdr::logging: tab renamed event="tab.rename" subsystem="tab" outcome="ok" workspace_id="w5" tab_id="w5:t5"
2026-07-28T18:40:29.243015Z  INFO herdr::logging: tab focused event="tab.focus" subsystem="tab" outcome="ok" workspace_id="w5" tab_id="w5:t5"
2026-07-28T18:40:34.247771Z  INFO herdr::logging: session saved event="persist.save" subsystem="persist" outcome="ok" path=/home/Ronaldcdz/.config/herdr/session.json workspaces=3
2026-07-28T18:49:33.820358Z  INFO herdr::logging: spawning pane terminal event="pane.spawn.start" subsystem="pane" outcome="started" pane_id=6 rows=47 cols=170 scrollback_limit_bytes=10000000
2026-07-28T18:49:33.825860Z  INFO herdr::logging: pane child spawned event="pane.spawned" subsystem="pane" outcome="ok" pane_id=6 pid=17840
2026-07-28T18:49:33.826730Z  INFO herdr::logging: tab focused event="tab.focus" subsystem="tab" outcome="ok" workspace_id="w5" tab_id="w5:t6"
2026-07-28T18:49:38.832615Z  INFO herdr::logging: session saved event="persist.save" subsystem="persist" outcome="ok" path=/home/Ronaldcdz/.config/herdr/session.json workspaces=3
2026-07-28T18:49:41.087205Z  INFO herdr::logging: tab focused event="tab.focus" subsystem="tab" outcome="ok" workspace_id="w5" tab_id="w5:t5"
2026-07-28T18:49:43.384865Z  INFO herdr::logging: tab focused event="tab.focus" subsystem="tab" outcome="ok" workspace_id="w5" tab_id="w5:t6"
2026-07-28T18:49:44.354555Z  INFO herdr::logging: tab focused event="tab.focus" subsystem="tab" outcome="ok" workspace_id="w5" tab_id="w5:t5"
2026-07-28T18:49:49.359025Z  INFO herdr::logging: session saved event="persist.save" subsystem="persist" outcome="ok" path=/home/Ronaldcdz/.config/herdr/session.json workspaces=3
2026-07-28T18:59:53.147754Z  INFO herdr::logging: tab focused event="tab.focus" subsystem="tab" outcome="ok" workspace_id="w5" tab_id="w5:t6"
2026-07-28T18:59:58.150934Z  INFO herdr::logging: session saved event="persist.save" subsystem="persist" outcome="ok" path=/home/Ronaldcdz/.config/herdr/session.json workspaces=3
2026-07-28T19:00:04.869174Z  INFO herdr::logging: pane child exited event="pane.exit" subsystem="pane" outcome="completed" pane_id=6 status="ExitStatus { code: 1, signal: None }"
2026-07-28T19:00:04.904721Z  INFO herdr::pane: pane session terminated pane=6 pid=17840 signal=Hangup
2026-07-28T19:00:04.905431Z  WARN herdr::app::actions: PaneDied for unknown pane pane=6
2026-07-28T19:00:09.907690Z  INFO herdr::logging: session saved event="persist.save" subsystem="persist" outcome="ok" path=/home/Ronaldcdz/.config/herdr/session.json workspaces=3
2026-07-28T19:00:26.712017Z  INFO herdr::logging: tab focused event="tab.focus" subsystem="tab" outcome="ok" workspace_id="w5" tab_id="w5:t1"
2026-07-28T19:00:31.715392Z  INFO herdr::logging: session saved event="persist.save" subsystem="persist" outcome="ok" path=/home/Ronaldcdz/.config/herdr/session.json workspaces=3
2026-07-28T19:07:34.752377Z  INFO herdr::logging: checking for updates event="update.check.start" subsystem="update" outcome="started"
2026-07-28T19:30:52.165447Z  INFO herdr::logging: tab focused event="tab.focus" subsystem="tab" outcome="ok" workspace_id="w5" tab_id="w5:t5"
2026-07-28T19:30:57.169548Z  INFO herdr::logging: session saved event="persist.save" subsystem="persist" outcome="ok" path=/home/Ronaldcdz/.config/herdr/session.json workspaces=3
2026-07-28T19:37:34.754509Z  INFO herdr::logging: checking for updates event="update.check.start" subsystem="update" outcome="started"
2026-07-28T19:58:04.713510Z  INFO herdr::logging: pane child exited event="pane.exit" subsystem="pane" outcome="completed" pane_id=5 status="ExitStatus { code: 1, signal: None }"
2026-07-28T19:58:04.733426Z  INFO herdr::pane: pane session terminated pane=5 pid=16387 signal=Hangup
2026-07-28T19:58:04.734201Z  WARN herdr::app::actions: PaneDied for unknown pane pane=5
2026-07-28T19:58:05.776726Z  INFO herdr::logging: tab focused event="tab.focus" subsystem="tab" outcome="ok" workspace_id="w5" tab_id="w5:t1"
2026-07-28T19:58:07.034900Z  INFO herdr::logging: spawning pane terminal event="pane.spawn.start" subsystem="pane" outcome="started" pane_id=7 rows=47 cols=170 scrollback_limit_bytes=10000000
2026-07-28T19:58:07.040328Z  INFO herdr::logging: pane child spawned event="pane.spawned" subsystem="pane" outcome="ok" pane_id=7 pid=29493
2026-07-28T19:58:07.041062Z  INFO herdr::logging: workspace created event="workspace.create" subsystem="workspace" outcome="ok" workspace_id="w6" pane_id=7
2026-07-28T19:58:07.041108Z  INFO herdr::logging: workspace focused event="workspace.focus" subsystem="workspace" outcome="ok" workspace_id="w6"
2026-07-28T19:58:07.041426Z  INFO herdr::logging: tab focused event="tab.focus" subsystem="tab" outcome="ok" workspace_id="w6" tab_id="w6:t1"
2026-07-28T19:58:08.192172Z  INFO herdr::logging: workspace focused event="workspace.focus" subsystem="workspace" outcome="ok" workspace_id="w5"
2026-07-28T19:58:08.192461Z  INFO herdr::logging: tab focused event="tab.focus" subsystem="tab" outcome="ok" workspace_id="w5" tab_id="w5:t1"
2026-07-28T19:58:10.459366Z  INFO herdr::logging: workspace focused event="workspace.focus" subsystem="workspace" outcome="ok" workspace_id="w6"
2026-07-28T19:58:10.459604Z  INFO herdr::logging: tab focused event="tab.focus" subsystem="tab" outcome="ok" workspace_id="w6" tab_id="w6:t1"
2026-07-28T19:58:15.462767Z  INFO herdr::logging: session saved event="persist.save" subsystem="persist" outcome="ok" path=/home/Ronaldcdz/.config/herdr/session.json workspaces=4
2026-07-28T19:58:27.374868Z  INFO herdr::logging: workspace renamed event="workspace.rename" subsystem="workspace" outcome="ok" workspace_id="w6"
2026-07-28T19:58:32.376716Z  INFO herdr::logging: session saved event="persist.save" subsystem="persist" outcome="ok" path=/home/Ronaldcdz/.config/herdr/session.json workspaces=4
2026-07-28T20:00:14.956556Z  INFO herdr::app::actions: copied selection to clipboard
2026-07-28T20:00:50.253709Z  INFO herdr::logging: tab renamed event="tab.rename" subsystem="tab" outcome="ok" workspace_id="w6" tab_id="w6:t1"
2026-07-28T20:00:52.662146Z  INFO herdr::logging: spawning pane terminal event="pane.spawn.start" subsystem="pane" outcome="started" pane_id=8 rows=47 cols=170 scrollback_limit_bytes=10000000
2026-07-28T20:00:52.666854Z  INFO herdr::logging: pane child spawned event="pane.spawned" subsystem="pane" outcome="ok" pane_id=8 pid=30583
2026-07-28T20:00:52.667615Z  INFO herdr::logging: tab renamed event="tab.rename" subsystem="tab" outcome="ok" workspace_id="w6" tab_id="w6:t2"
2026-07-28T20:00:52.667760Z  INFO herdr::logging: tab focused event="tab.focus" subsystem="tab" outcome="ok" workspace_id="w6" tab_id="w6:t2"
2026-07-28T20:00:57.672745Z  INFO herdr::logging: session saved event="persist.save" subsystem="persist" outcome="ok" path=/home/Ronaldcdz/.config/herdr/session.json workspaces=4
2026-07-28T20:01:03.171789Z  INFO herdr::logging: tab focused event="tab.focus" subsystem="tab" outcome="ok" workspace_id="w6" tab_id="w6:t1"
2026-07-28T20:01:08.174735Z  INFO herdr::logging: session saved event="persist.save" subsystem="persist" outcome="ok" path=/home/Ronaldcdz/.config/herdr/session.json workspaces=4
2026-07-28T20:01:11.939571Z  INFO herdr::logging: tab focused event="tab.focus" subsystem="tab" outcome="ok" workspace_id="w6" tab_id="w6:t2"
2026-07-28T20:01:16.940943Z  INFO herdr::logging: tab focused event="tab.focus" subsystem="tab" outcome="ok" workspace_id="w6" tab_id="w6:t1"
2026-07-28T20:01:21.945156Z  INFO herdr::logging: session saved event="persist.save" subsystem="persist" outcome="ok" path=/home/Ronaldcdz/.config/herdr/session.json workspaces=4
2026-07-28T20:07:34.756645Z  INFO herdr::logging: checking for updates event="update.check.start" subsystem="update" outcome="started"
2026-07-28T20:12:45.297724Z  INFO herdr::logging: spawning pane terminal event="pane.spawn.start" subsystem="pane" outcome="started" pane_id=9 rows=47 cols=170 scrollback_limit_bytes=10000000
2026-07-28T20:12:45.302492Z  INFO herdr::logging: pane child spawned event="pane.spawned" subsystem="pane" outcome="ok" pane_id=9 pid=32650
2026-07-28T20:12:45.303390Z  INFO herdr::logging: tab focused event="tab.focus" subsystem="tab" outcome="ok" workspace_id="w6" tab_id="w6:t3"
2026-07-28T20:12:50.308842Z  INFO herdr::logging: session saved event="persist.save" subsystem="persist" outcome="ok" path=/home/Ronaldcdz/.config/herdr/session.json workspaces=4
2026-07-28T20:14:51.800428Z  INFO herdr::logging: tab focused event="tab.focus" subsystem="tab" outcome="ok" workspace_id="w6" tab_id="w6:t1"
2026-07-28T20:14:56.805231Z  INFO herdr::logging: session saved event="persist.save" subsystem="persist" outcome="ok" path=/home/Ronaldcdz/.config/herdr/session.json workspaces=4
2026-07-28T20:18:23.894048Z  INFO herdr::server::headless: client resize client_id=2 cols=191 rows=49 cell_width_px=0 cell_height_px=0
2026-07-28T20:18:24.495357Z  INFO herdr::server::headless: client resize client_id=2 cols=191 rows=48 cell_width_px=0 cell_height_px=0
2026-07-29T11:54:00.200918Z  INFO herdr::server::headless: client resize client_id=2 cols=191 rows=49 cell_width_px=0 cell_height_px=0
2026-07-29T11:54:01.403863Z  INFO herdr::server::headless: client resize client_id=2 cols=191 rows=48 cell_width_px=0 cell_height_px=0
2026-07-29T11:55:08.959832Z  INFO herdr::logging: tab focused event="tab.focus" subsystem="tab" outcome="ok" workspace_id="w6" tab_id="w6:t3"
2026-07-29T11:55:13.894655Z  INFO herdr::server::headless: client disconnected client_id=2
2026-07-29T11:55:13.963678Z  INFO herdr::logging: session saved event="persist.save" subsystem="persist" outcome="ok" path=/home/Ronaldcdz/.config/herdr/session.json workspaces=4
2026-07-29T11:59:37.386735Z  INFO herdr::api::server: api server listening path=/home/Ronaldcdz/.config/herdr/herdr.sock
2026-07-29T11:59:37.392015Z  INFO herdr::logging: spawning pane terminal event="pane.spawn.start" subsystem="pane" outcome="started" pane_id=1 rows=24 cols=80 scrollback_limit_bytes=10000000
2026-07-29T11:59:37.395352Z  INFO herdr::logging: pane child spawned event="pane.spawned" subsystem="pane" outcome="ok" pane_id=1 pid=3479
2026-07-29T11:59:37.397571Z  INFO herdr::logging: spawning pane terminal event="pane.spawn.start" subsystem="pane" outcome="started" pane_id=2 rows=24 cols=80 scrollback_limit_bytes=10000000
2026-07-29T11:59:37.400347Z  INFO herdr::logging: pane child spawned event="pane.spawned" subsystem="pane" outcome="ok" pane_id=2 pid=3482
2026-07-29T11:59:37.402170Z  INFO herdr::logging: spawning pane terminal event="pane.spawn.start" subsystem="pane" outcome="started" pane_id=3 rows=24 cols=80 scrollback_limit_bytes=10000000
2026-07-29T11:59:37.404943Z  INFO herdr::logging: pane child spawned event="pane.spawned" subsystem="pane" outcome="ok" pane_id=3 pid=3485
2026-07-29T11:59:37.406642Z  INFO herdr::logging: spawning pane terminal event="pane.spawn.start" subsystem="pane" outcome="started" pane_id=4 rows=24 cols=80 scrollback_limit_bytes=10000000
2026-07-29T11:59:37.409403Z  INFO herdr::logging: pane child spawned event="pane.spawned" subsystem="pane" outcome="ok" pane_id=4 pid=3490
2026-07-29T11:59:37.411755Z  INFO herdr::logging: spawning pane terminal event="pane.spawn.start" subsystem="pane" outcome="started" pane_id=5 rows=24 cols=80 scrollback_limit_bytes=10000000
2026-07-29T11:59:37.414591Z  INFO herdr::logging: pane child spawned event="pane.spawned" subsystem="pane" outcome="ok" pane_id=5 pid=3494
2026-07-29T11:59:37.415333Z  INFO herdr::logging: spawning pane terminal event="pane.spawn.start" subsystem="pane" outcome="started" pane_id=6 rows=24 cols=80 scrollback_limit_bytes=10000000
2026-07-29T11:59:37.418429Z  INFO herdr::logging: pane child spawned event="pane.spawned" subsystem="pane" outcome="ok" pane_id=6 pid=3498
2026-07-29T11:59:37.419873Z  INFO herdr::logging: spawning pane terminal event="pane.spawn.start" subsystem="pane" outcome="started" pane_id=7 rows=24 cols=80 scrollback_limit_bytes=10000000
2026-07-29T11:59:37.422971Z  INFO herdr::logging: pane child spawned event="pane.spawned" subsystem="pane" outcome="ok" pane_id=7 pid=3502
2026-07-29T11:59:37.424183Z  INFO herdr::logging: session restore evaluated event="persist.restore" subsystem="persist" outcome="ok" workspaces=4
2026-07-29T11:59:37.424284Z  INFO herdr::app: using pane scrollback configuration pane_scrollback_limit_bytes=10000000
2026-07-29T11:59:37.714069Z  INFO herdr::logging: checking for updates event="update.check.start" subsystem="update" outcome="started"
2026-07-29T11:59:37.718061Z  INFO herdr::server::headless: restored session already has workspaces; ignoring startup cwd cwd=/home/Ronaldcdz
2026-07-29T11:59:37.718260Z  INFO herdr::server::headless: client protocol socket listening path=/home/Ronaldcdz/.config/herdr/herdr-client.sock
2026-07-29T11:59:37.718306Z  INFO herdr::server::headless: herdr server started api_socket=/home/Ronaldcdz/.config/herdr/herdr.sock client_socket=/home/Ronaldcdz/.config/herdr/herdr-client.sock
2026-07-29T11:59:37.718589Z  INFO herdr::logging: herdr starting event="app.startup" subsystem="server" outcome="started" pid=3465
2026-07-29T11:59:37.951242Z  INFO herdr::server::headless: client connected client_id=2 cols=191 rows=48 cell_width_px=0 cell_height_px=0 render_encoding=SemanticFrame
2026-07-29T12:20:34.181266Z  INFO herdr::logging: pane child exited event="pane.exit" subsystem="pane" outcome="completed" pane_id=7 status="ExitStatus { code: 1, signal: None }"
2026-07-29T12:20:34.203664Z  INFO herdr::pane: pane session terminated pane=7 pid=3502 signal=Hangup
2026-07-29T12:20:34.204986Z  WARN herdr::app::actions: PaneDied for unknown pane pane=7
2026-07-29T12:20:35.328719Z  INFO herdr::logging: tab focused event="tab.focus" subsystem="tab" outcome="ok" workspace_id="w6" tab_id="w6:t1"
2026-07-29T12:20:40.331991Z  INFO herdr::logging: session saved event="persist.save" subsystem="persist" outcome="ok" path=/home/Ronaldcdz/.config/herdr/session.json workspaces=4
2026-07-29T12:21:17.735826Z  INFO herdr::logging: tab focused event="tab.focus" subsystem="tab" outcome="ok" workspace_id="w6" tab_id="w6:t2"
2026-07-29T12:21:18.503798Z  INFO herdr::logging: tab focused event="tab.focus" subsystem="tab" outcome="ok" workspace_id="w6" tab_id="w6:t1"
2026-07-29T12:21:23.508097Z  INFO herdr::logging: session saved event="persist.save" subsystem="persist" outcome="ok" path=/home/Ronaldcdz/.config/herdr/session.json workspaces=4
2026-07-29T12:22:46.053686Z  INFO herdr::logging: workspace focused event="workspace.focus" subsystem="workspace" outcome="ok" workspace_id="w4"
2026-07-29T12:22:46.053800Z  INFO herdr::logging: tab focused event="tab.focus" subsystem="tab" outcome="ok" workspace_id="w4" tab_id="w4:tA"
2026-07-29T12:22:51.056594Z  INFO herdr::logging: session saved event="persist.save" subsystem="persist" outcome="ok" path=/home/Ronaldcdz/.config/herdr/session.json workspaces=4
2026-07-29T12:24:04.785346Z  INFO herdr::logging: workspace focused event="workspace.focus" subsystem="workspace" outcome="ok" workspace_id="w6"
2026-07-29T12:24:04.785464Z  INFO herdr::logging: tab focused event="tab.focus" subsystem="tab" outcome="ok" workspace_id="w6" tab_id="w6:t1"
2026-07-29T12:24:09.790071Z  INFO herdr::logging: session saved event="persist.save" subsystem="persist" outcome="ok" path=/home/Ronaldcdz/.config/herdr/session.json workspaces=4
2026-07-29T12:24:37.769650Z  INFO herdr::logging: tab focused event="tab.focus" subsystem="tab" outcome="ok" workspace_id="w6" tab_id="w6:t2"
2026-07-29T12:24:38.617461Z  INFO herdr::logging: tab focused event="tab.focus" subsystem="tab" outcome="ok" workspace_id="w6" tab_id="w6:t1"
2026-07-29T12:24:43.619733Z  INFO herdr::logging: session saved event="persist.save" subsystem="persist" outcome="ok" path=/home/Ronaldcdz/.config/herdr/session.json workspaces=4
2026-07-29T12:25:08.593710Z  INFO herdr::logging: workspace focused event="workspace.focus" subsystem="workspace" outcome="ok" workspace_id="w4"
2026-07-29T12:25:08.593824Z  INFO herdr::logging: tab focused event="tab.focus" subsystem="tab" outcome="ok" workspace_id="w4" tab_id="w4:tA"
2026-07-29T12:25:13.598781Z  INFO herdr::logging: session saved event="persist.save" subsystem="persist" outcome="ok" path=/home/Ronaldcdz/.config/herdr/session.json workspaces=4
2026-07-29T12:26:30.919271Z  INFO herdr::logging: workspace focused event="workspace.focus" subsystem="workspace" outcome="ok" workspace_id="w5"
2026-07-29T12:26:30.919394Z  INFO herdr::logging: tab focused event="tab.focus" subsystem="tab" outcome="ok" workspace_id="w5" tab_id="w5:t1"
2026-07-29T12:26:32.875134Z  INFO herdr::logging: workspace focused event="workspace.focus" subsystem="workspace" outcome="ok" workspace_id="w6"
2026-07-29T12:26:32.875254Z  INFO herdr::logging: tab focused event="tab.focus" subsystem="tab" outcome="ok" workspace_id="w6" tab_id="w6:t1"
2026-07-29T12:26:37.878607Z  INFO herdr::logging: session saved event="persist.save" subsystem="persist" outcome="ok" path=/home/Ronaldcdz/.config/herdr/session.json workspaces=4
2026-07-29T12:27:04.818355Z  INFO herdr::logging: workspace focused event="workspace.focus" subsystem="workspace" outcome="ok" workspace_id="w5"
2026-07-29T12:27:04.818468Z  INFO herdr::logging: tab focused event="tab.focus" subsystem="tab" outcome="ok" workspace_id="w5" tab_id="w5:t1"
2026-07-29T12:27:05.753319Z  INFO herdr::logging: workspace focused event="workspace.focus" subsystem="workspace" outcome="ok" workspace_id="w4"
2026-07-29T12:27:05.753439Z  INFO herdr::logging: tab focused event="tab.focus" subsystem="tab" outcome="ok" workspace_id="w4" tab_id="w4:tA"
2026-07-29T12:27:10.757941Z  INFO herdr::logging: session saved event="persist.save" subsystem="persist" outcome="ok" path=/home/Ronaldcdz/.config/herdr/session.json workspaces=4
2026-07-29T12:27:39.650907Z  INFO herdr::logging: workspace focused event="workspace.focus" subsystem="workspace" outcome="ok" workspace_id="w6"
2026-07-29T12:27:39.651026Z  INFO herdr::logging: tab focused event="tab.focus" subsystem="tab" outcome="ok" workspace_id="w6" tab_id="w6:t1"
2026-07-29T12:27:44.656234Z  INFO herdr::logging: session saved event="persist.save" subsystem="persist" outcome="ok" path=/home/Ronaldcdz/.config/herdr/session.json workspaces=4
2026-07-29T12:28:08.525208Z  INFO herdr::logging: workspace focused event="workspace.focus" subsystem="workspace" outcome="ok" workspace_id="w4"
2026-07-29T12:28:08.525327Z  INFO herdr::logging: tab focused event="tab.focus" subsystem="tab" outcome="ok" workspace_id="w4" tab_id="w4:tA"
2026-07-29T12:28:13.530895Z  INFO herdr::logging: session saved event="persist.save" subsystem="persist" outcome="ok" path=/home/Ronaldcdz/.config/herdr/session.json workspaces=4
2026-07-29T12:28:42.317200Z  INFO herdr::logging: workspace focused event="workspace.focus" subsystem="workspace" outcome="ok" workspace_id="w6"
2026-07-29T12:28:42.317317Z  INFO herdr::logging: tab focused event="tab.focus" subsystem="tab" outcome="ok" workspace_id="w6" tab_id="w6:t1"
2026-07-29T12:28:47.321486Z  INFO herdr::logging: session saved event="persist.save" subsystem="persist" outcome="ok" path=/home/Ronaldcdz/.config/herdr/session.json workspaces=4
2026-07-29T12:29:07.273418Z  INFO herdr::logging: workspace focused event="workspace.focus" subsystem="workspace" outcome="ok" workspace_id="w4"
2026-07-29T12:29:07.273532Z  INFO herdr::logging: tab focused event="tab.focus" subsystem="tab" outcome="ok" workspace_id="w4" tab_id="w4:tA"
2026-07-29T12:29:10.784424Z  INFO herdr::logging: workspace focused event="workspace.focus" subsystem="workspace" outcome="ok" workspace_id="w6"
2026-07-29T12:29:10.784538Z  INFO herdr::logging: tab focused event="tab.focus" subsystem="tab" outcome="ok" workspace_id="w6" tab_id="w6:t1"
2026-07-29T12:29:15.788490Z  INFO herdr::logging: session saved event="persist.save" subsystem="persist" outcome="ok" path=/home/Ronaldcdz/.config/herdr/session.json workspaces=4
2026-07-29T12:29:37.714947Z  INFO herdr::logging: checking for updates event="update.check.start" subsystem="update" outcome="started"
2026-07-29T12:59:37.715537Z  INFO herdr::logging: checking for updates event="update.check.start" subsystem="update" outcome="started"
2026-07-29T13:29:37.716858Z  INFO herdr::logging: checking for updates event="update.check.start" subsystem="update" outcome="started"
2026-07-29T13:52:54.652577Z  INFO herdr::logging: workspace focused event="workspace.focus" subsystem="workspace" outcome="ok" workspace_id="w4"
2026-07-29T13:52:54.652691Z  INFO herdr::logging: tab focused event="tab.focus" subsystem="tab" outcome="ok" workspace_id="w4" tab_id="w4:tA"
2026-07-29T13:52:59.656479Z  INFO herdr::logging: session saved event="persist.save" subsystem="persist" outcome="ok" path=/home/Ronaldcdz/.config/herdr/session.json workspaces=4
2026-07-29T13:54:43.301237Z  INFO herdr::logging: workspace focused event="workspace.focus" subsystem="workspace" outcome="ok" workspace_id="w6"
2026-07-29T13:54:43.301358Z  INFO herdr::logging: tab focused event="tab.focus" subsystem="tab" outcome="ok" workspace_id="w6" tab_id="w6:t1"
2026-07-29T13:54:48.306406Z  INFO herdr::logging: session saved event="persist.save" subsystem="persist" outcome="ok" path=/home/Ronaldcdz/.config/herdr/session.json workspaces=4
2026-07-29T13:58:12.256608Z  INFO herdr::logging: tab focused event="tab.focus" subsystem="tab" outcome="ok" workspace_id="w6" tab_id="w6:t2"
2026-07-29T13:58:16.840885Z  INFO herdr::logging: spawning pane terminal event="pane.spawn.start" subsystem="pane" outcome="started" pane_id=8 rows=47 cols=170 scrollback_limit_bytes=10000000
2026-07-29T13:58:16.845760Z  INFO herdr::logging: pane child spawned event="pane.spawned" subsystem="pane" outcome="ok" pane_id=8 pid=26116
2026-07-29T13:58:16.846665Z  INFO herdr::logging: tab focused event="tab.focus" subsystem="tab" outcome="ok" workspace_id="w6" tab_id="w6:t4"
2026-07-29T13:58:21.852359Z  INFO herdr::logging: session saved event="persist.save" subsystem="persist" outcome="ok" path=/home/Ronaldcdz/.config/herdr/session.json workspaces=4
2026-07-29T13:59:09.870915Z  INFO herdr::logging: workspace focused event="workspace.focus" subsystem="workspace" outcome="ok" workspace_id="w4"
2026-07-29T13:59:09.871052Z  INFO herdr::logging: tab focused event="tab.focus" subsystem="tab" outcome="ok" workspace_id="w4" tab_id="w4:tA"
2026-07-29T13:59:13.344658Z  INFO herdr::logging: workspace focused event="workspace.focus" subsystem="workspace" outcome="ok" workspace_id="w2"
2026-07-29T13:59:13.344773Z  INFO herdr::logging: tab focused event="tab.focus" subsystem="tab" outcome="ok" workspace_id="w2" tab_id="w2:t1"
2026-07-29T13:59:18.348289Z  INFO herdr::logging: session saved event="persist.save" subsystem="persist" outcome="ok" path=/home/Ronaldcdz/.config/herdr/session.json workspaces=4
2026-07-29T13:59:37.718084Z  INFO herdr::logging: checking for updates event="update.check.start" subsystem="update" outcome="started"
2026-07-29T14:00:00.572329Z  INFO herdr::logging: workspace focused event="workspace.focus" subsystem="workspace" outcome="ok" workspace_id="w6"
2026-07-29T14:00:00.572454Z  INFO herdr::logging: tab focused event="tab.focus" subsystem="tab" outcome="ok" workspace_id="w6" tab_id="w6:t4"
2026-07-29T14:00:02.152648Z  INFO herdr::logging: pane child exited event="pane.exit" subsystem="pane" outcome="completed" pane_id=8 status="ExitStatus { code: 1, signal: None }"
2026-07-29T14:00:02.192723Z  INFO herdr::pane: pane session terminated pane=8 pid=26116 signal=Hangup
2026-07-29T14:00:02.193404Z  WARN herdr::app::actions: PaneDied for unknown pane pane=8
2026-07-29T14:00:03.653531Z  INFO herdr::logging: tab focused event="tab.focus" subsystem="tab" outcome="ok" workspace_id="w6" tab_id="w6:t1"
2026-07-29T14:00:08.657461Z  INFO herdr::logging: session saved event="persist.save" subsystem="persist" outcome="ok" path=/home/Ronaldcdz/.config/herdr/session.json workspaces=4
2026-07-29T14:01:06.609171Z  INFO herdr::logging: spawning pane terminal event="pane.spawn.start" subsystem="pane" outcome="started" pane_id=9 rows=47 cols=170 scrollback_limit_bytes=10000000
2026-07-29T14:01:06.614098Z  INFO herdr::logging: pane child spawned event="pane.spawned" subsystem="pane" outcome="ok" pane_id=9 pid=29064
2026-07-29T14:01:06.614923Z  INFO herdr::logging: tab focused event="tab.focus" subsystem="tab" outcome="ok" workspace_id="w6" tab_id="w6:t5"
2026-07-29T14:01:11.634702Z  INFO herdr::logging: session saved event="persist.save" subsystem="persist" outcome="ok" path=/home/Ronaldcdz/.config/herdr/session.json workspaces=4
2026-07-29T14:05:24.699387Z  INFO herdr::app::actions: copied selection to clipboard
2026-07-29T14:05:32.081484Z  INFO herdr::app::actions: copied selection to clipboard
2026-07-29T14:12:18.383840Z  INFO herdr::logging: pane child exited event="pane.exit" subsystem="pane" outcome="completed" pane_id=9 status="ExitStatus { code: 1, signal: None }"
2026-07-29T14:12:18.414551Z  INFO herdr::pane: pane session terminated pane=9 pid=29064 signal=Hangup
2026-07-29T14:12:18.416206Z  WARN herdr::app::actions: PaneDied for unknown pane pane=9
2026-07-29T14:12:19.778090Z  INFO herdr::logging: tab focused event="tab.focus" subsystem="tab" outcome="ok" workspace_id="w6" tab_id="w6:t1"
2026-07-29T14:12:24.781768Z  INFO herdr::logging: session saved event="persist.save" subsystem="persist" outcome="ok" path=/home/Ronaldcdz/.config/herdr/session.json workspaces=4
2026-07-29T14:13:02.720984Z  INFO herdr::logging: spawning pane terminal event="pane.spawn.start" subsystem="pane" outcome="started" pane_id=10 rows=47 cols=170 scrollback_limit_bytes=10000000
2026-07-29T14:13:02.725708Z  INFO herdr::logging: pane child spawned event="pane.spawned" subsystem="pane" outcome="ok" pane_id=10 pid=34609
2026-07-29T14:13:02.726602Z  INFO herdr::logging: tab focused event="tab.focus" subsystem="tab" outcome="ok" workspace_id="w6" tab_id="w6:t6"
2026-07-29T14:13:07.732691Z  INFO herdr::logging: session saved event="persist.save" subsystem="persist" outcome="ok" path=/home/Ronaldcdz/.config/herdr/session.json workspaces=4
2026-07-29T14:20:55.766557Z  INFO herdr::logging: pane child exited event="pane.exit" subsystem="pane" outcome="completed" pane_id=10 status="ExitStatus { code: 1, signal: None }"
2026-07-29T14:20:55.794731Z  INFO herdr::pane: pane session terminated pane=10 pid=34609 signal=Hangup
2026-07-29T14:20:55.795436Z  WARN herdr::app::actions: PaneDied for unknown pane pane=10
2026-07-29T14:20:57.038895Z  INFO herdr::logging: tab focused event="tab.focus" subsystem="tab" outcome="ok" workspace_id="w6" tab_id="w6:t1"
2026-07-29T14:21:02.042602Z  INFO herdr::logging: session saved event="persist.save" subsystem="persist" outcome="ok" path=/home/Ronaldcdz/.config/herdr/session.json workspaces=4
2026-07-29T14:29:37.719622Z  INFO herdr::logging: checking for updates event="update.check.start" subsystem="update" outcome="started"
2026-07-29T14:59:37.720842Z  INFO herdr::logging: checking for updates event="update.check.start" subsystem="update" outcome="started"
2026-07-29T15:29:37.721455Z  INFO herdr::logging: checking for updates event="update.check.start" subsystem="update" outcome="started"
2026-07-29T15:59:37.721638Z  INFO herdr::logging: checking for updates event="update.check.start" subsystem="update" outcome="started"
2026-07-29T16:00:04.151498Z  INFO herdr::server::headless: client resize client_id=2 cols=191 rows=49 cell_width_px=0 cell_height_px=0
2026-07-29T16:00:04.753283Z  INFO herdr::server::headless: client resize client_id=2 cols=191 rows=48 cell_width_px=0 cell_height_px=0
2026-07-29T16:29:37.723194Z  INFO herdr::logging: checking for updates event="update.check.start" subsystem="update" outcome="started"
2026-07-29T18:02:17.667895Z  INFO herdr::server::headless: client resize client_id=2 cols=191 rows=49 cell_width_px=0 cell_height_px=0
2026-07-29T18:02:18.771828Z  INFO herdr::server::headless: client resize client_id=2 cols=191 rows=48 cell_width_px=0 cell_height_px=0
2026-07-29T18:04:13.003208Z  INFO herdr::logging: checking for updates event="update.check.start" subsystem="update" outcome="started"
2026-07-29T18:04:16.034308Z  WARN herdr::detect::manifest_update: agent detection manifest update failed: failed to fetch https://herdr.dev/agent-detection/index.toml
2026-07-29T18:04:20.034959Z  WARN herdr::logging: update check failed event="update.check.complete" subsystem="update" outcome="error" err="failed to fetch update manifest"
2026-07-29T18:04:31.265944Z  INFO herdr::logging: spawning pane terminal event="pane.spawn.start" subsystem="pane" outcome="started" pane_id=11 rows=47 cols=170 scrollback_limit_bytes=10000000
2026-07-29T18:04:31.271345Z  INFO herdr::logging: pane child spawned event="pane.spawned" subsystem="pane" outcome="ok" pane_id=11 pid=81517
2026-07-29T18:04:31.272192Z  INFO herdr::logging: tab focused event="tab.focus" subsystem="tab" outcome="ok" workspace_id="w6" tab_id="w6:t7"
2026-07-29T18:04:36.285752Z  INFO herdr::logging: session saved event="persist.save" subsystem="persist" outcome="ok" path=/home/Ronaldcdz/.config/herdr/session.json workspaces=4
2026-07-29T18:04:59.458001Z  INFO herdr::server::headless: client disconnected client_id=2
2026-07-29T18:06:59.563584Z  INFO herdr::api::server: api server listening path=/home/Ronaldcdz/.config/herdr/herdr.sock
2026-07-29T18:06:59.569422Z  INFO herdr::logging: spawning pane terminal event="pane.spawn.start" subsystem="pane" outcome="started" pane_id=1 rows=24 cols=80 scrollback_limit_bytes=10000000
2026-07-29T18:06:59.572456Z  INFO herdr::logging: pane child spawned event="pane.spawned" subsystem="pane" outcome="ok" pane_id=1 pid=3150
2026-07-29T18:06:59.576328Z  INFO herdr::logging: spawning pane terminal event="pane.spawn.start" subsystem="pane" outcome="started" pane_id=2 rows=24 cols=80 scrollback_limit_bytes=10000000
2026-07-29T18:06:59.579083Z  INFO herdr::logging: pane child spawned event="pane.spawned" subsystem="pane" outcome="ok" pane_id=2 pid=3153
2026-07-29T18:06:59.580741Z  INFO herdr::logging: spawning pane terminal event="pane.spawn.start" subsystem="pane" outcome="started" pane_id=3 rows=24 cols=80 scrollback_limit_bytes=10000000
2026-07-29T18:06:59.583410Z  INFO herdr::logging: pane child spawned event="pane.spawned" subsystem="pane" outcome="ok" pane_id=3 pid=3156
2026-07-29T18:06:59.585233Z  INFO herdr::logging: spawning pane terminal event="pane.spawn.start" subsystem="pane" outcome="started" pane_id=4 rows=24 cols=80 scrollback_limit_bytes=10000000
2026-07-29T18:06:59.587951Z  INFO herdr::logging: pane child spawned event="pane.spawned" subsystem="pane" outcome="ok" pane_id=4 pid=3161
2026-07-29T18:06:59.590304Z  INFO herdr::logging: spawning pane terminal event="pane.spawn.start" subsystem="pane" outcome="started" pane_id=5 rows=24 cols=80 scrollback_limit_bytes=10000000
2026-07-29T18:06:59.593020Z  INFO herdr::logging: pane child spawned event="pane.spawned" subsystem="pane" outcome="ok" pane_id=5 pid=3165
2026-07-29T18:06:59.593825Z  INFO herdr::logging: spawning pane terminal event="pane.spawn.start" subsystem="pane" outcome="started" pane_id=6 rows=24 cols=80 scrollback_limit_bytes=10000000
2026-07-29T18:06:59.596655Z  INFO herdr::logging: pane child spawned event="pane.spawned" subsystem="pane" outcome="ok" pane_id=6 pid=3169
2026-07-29T18:06:59.597437Z  INFO herdr::logging: spawning pane terminal event="pane.spawn.start" subsystem="pane" outcome="started" pane_id=7 rows=24 cols=80 scrollback_limit_bytes=10000000
2026-07-29T18:06:59.600285Z  INFO herdr::logging: pane child spawned event="pane.spawned" subsystem="pane" outcome="ok" pane_id=7 pid=3173
2026-07-29T18:06:59.601386Z  INFO herdr::logging: session restore evaluated event="persist.restore" subsystem="persist" outcome="ok" workspaces=4
2026-07-29T18:06:59.601448Z  INFO herdr::app: using pane scrollback configuration pane_scrollback_limit_bytes=10000000
2026-07-29T18:06:59.966357Z  INFO herdr::logging: checking for updates event="update.check.start" subsystem="update" outcome="started"
2026-07-29T18:06:59.970702Z  INFO herdr::server::headless: restored session already has workspaces; ignoring startup cwd cwd=/home/Ronaldcdz
2026-07-29T18:06:59.971000Z  INFO herdr::server::headless: client protocol socket listening path=/home/Ronaldcdz/.config/herdr/herdr-client.sock
2026-07-29T18:06:59.971071Z  INFO herdr::server::headless: herdr server started api_socket=/home/Ronaldcdz/.config/herdr/herdr.sock client_socket=/home/Ronaldcdz/.config/herdr/herdr-client.sock
2026-07-29T18:06:59.971520Z  INFO herdr::logging: herdr starting event="app.startup" subsystem="server" outcome="started" pid=3136
2026-07-29T18:07:00.129424Z  INFO herdr::server::headless: client connected client_id=2 cols=191 rows=48 cell_width_px=0 cell_height_px=0 render_encoding=SemanticFrame
2026-07-29T18:10:33.934714Z  INFO herdr::logging: pane child exited event="pane.exit" subsystem="pane" outcome="completed" pane_id=7 status="ExitStatus { code: 1, signal: None }"
2026-07-29T18:10:33.956275Z  INFO herdr::pane: pane session terminated pane=7 pid=3173 signal=Hangup
2026-07-29T18:10:33.957142Z  WARN herdr::app::actions: PaneDied for unknown pane pane=7
2026-07-29T18:10:34.964794Z  INFO herdr::logging: tab focused event="tab.focus" subsystem="tab" outcome="ok" workspace_id="w6" tab_id="w6:t1"
2026-07-29T18:10:39.967808Z  INFO herdr::logging: session saved event="persist.save" subsystem="persist" outcome="ok" path=/home/Ronaldcdz/.config/herdr/session.json workspaces=4
2026-07-29T18:13:33.762843Z  INFO herdr::server::headless: client resize client_id=2 cols=95 rows=48 cell_width_px=0 cell_height_px=0
2026-07-29T18:13:50.989767Z  INFO herdr::server::headless: client resize client_id=2 cols=191 rows=48 cell_width_px=0 cell_height_px=0
2026-07-29T18:14:01.256961Z  INFO herdr::logging: workspace focused event="workspace.focus" subsystem="workspace" outcome="ok" workspace_id="w2"
2026-07-29T18:14:01.257079Z  INFO herdr::logging: tab focused event="tab.focus" subsystem="tab" outcome="ok" workspace_id="w2" tab_id="w2:t1"
2026-07-29T18:14:06.259661Z  INFO herdr::logging: session saved event="persist.save" subsystem="persist" outcome="ok" path=/home/Ronaldcdz/.config/herdr/session.json workspaces=4
2026-07-29T18:17:02.321636Z  INFO herdr::logging: workspace focused event="workspace.focus" subsystem="workspace" outcome="ok" workspace_id="w6"
2026-07-29T18:17:02.321783Z  INFO herdr::logging: tab focused event="tab.focus" subsystem="tab" outcome="ok" workspace_id="w6" tab_id="w6:t1"
2026-07-29T18:17:07.326678Z  INFO herdr::logging: session saved event="persist.save" subsystem="persist" outcome="ok" path=/home/Ronaldcdz/.config/herdr/session.json workspaces=4
2026-07-29T18:31:54.645336Z  INFO herdr::server::headless: client resize client_id=2 cols=191 rows=49 cell_width_px=0 cell_height_px=0
2026-07-29T18:31:55.147302Z  INFO herdr::server::headless: client resize client_id=2 cols=191 rows=48 cell_width_px=0 cell_height_px=0
2026-07-29T18:36:59.967347Z  INFO herdr::logging: checking for updates event="update.check.start" subsystem="update" outcome="started"
2026-07-29T19:06:59.968551Z  INFO herdr::logging: checking for updates event="update.check.start" subsystem="update" outcome="started"
2026-07-29T19:36:59.969390Z  INFO herdr::logging: checking for updates event="update.check.start" subsystem="update" outcome="started"
2026-07-29T20:06:59.971320Z  INFO herdr::logging: checking for updates event="update.check.start" subsystem="update" outcome="started"
2026-07-29T20:36:59.972581Z  INFO herdr::logging: checking for updates event="update.check.start" subsystem="update" outcome="started"
2026-07-29T22:59:51.390635Z  INFO herdr::server::headless: client disconnected client_id=2
2026-07-29T23:03:09.250177Z  INFO herdr::api::server: api server listening path=/home/Ronaldcdz/.config/herdr/herdr.sock
2026-07-29T23:03:09.255342Z  INFO herdr::logging: spawning pane terminal event="pane.spawn.start" subsystem="pane" outcome="started" pane_id=1 rows=24 cols=80 scrollback_limit_bytes=10000000
2026-07-29T23:03:09.257851Z  INFO herdr::logging: pane child spawned event="pane.spawned" subsystem="pane" outcome="ok" pane_id=1 pid=3254
2026-07-29T23:03:09.259729Z  INFO herdr::logging: spawning pane terminal event="pane.spawn.start" subsystem="pane" outcome="started" pane_id=2 rows=24 cols=80 scrollback_limit_bytes=10000000
2026-07-29T23:03:09.261808Z  INFO herdr::logging: pane child spawned event="pane.spawned" subsystem="pane" outcome="ok" pane_id=2 pid=3257
2026-07-29T23:03:09.263201Z  INFO herdr::logging: spawning pane terminal event="pane.spawn.start" subsystem="pane" outcome="started" pane_id=3 rows=24 cols=80 scrollback_limit_bytes=10000000
2026-07-29T23:03:09.265413Z  INFO herdr::logging: pane child spawned event="pane.spawned" subsystem="pane" outcome="ok" pane_id=3 pid=3260
2026-07-29T23:03:09.266909Z  INFO herdr::logging: spawning pane terminal event="pane.spawn.start" subsystem="pane" outcome="started" pane_id=4 rows=24 cols=80 scrollback_limit_bytes=10000000
2026-07-29T23:03:09.269132Z  INFO herdr::logging: pane child spawned event="pane.spawned" subsystem="pane" outcome="ok" pane_id=4 pid=3265
2026-07-29T23:03:09.271202Z  INFO herdr::logging: spawning pane terminal event="pane.spawn.start" subsystem="pane" outcome="started" pane_id=5 rows=24 cols=80 scrollback_limit_bytes=10000000
2026-07-29T23:03:09.273814Z  INFO herdr::logging: pane child spawned event="pane.spawned" subsystem="pane" outcome="ok" pane_id=5 pid=3269
2026-07-29T23:03:09.274375Z  INFO herdr::logging: spawning pane terminal event="pane.spawn.start" subsystem="pane" outcome="started" pane_id=6 rows=24 cols=80 scrollback_limit_bytes=10000000
2026-07-29T23:03:09.277125Z  INFO herdr::logging: pane child spawned event="pane.spawned" subsystem="pane" outcome="ok" pane_id=6 pid=3273
2026-07-29T23:03:09.278113Z  INFO herdr::logging: session restore evaluated event="persist.restore" subsystem="persist" outcome="ok" workspaces=4
2026-07-29T23:03:09.278178Z  INFO herdr::app: using pane scrollback configuration pane_scrollback_limit_bytes=10000000
2026-07-29T23:03:09.495220Z  INFO herdr::logging: checking for updates event="update.check.start" subsystem="update" outcome="started"
2026-07-29T23:03:09.498711Z  INFO herdr::server::headless: restored session already has workspaces; ignoring startup cwd cwd=/home/Ronaldcdz
2026-07-29T23:03:09.498874Z  INFO herdr::server::headless: client protocol socket listening path=/home/Ronaldcdz/.config/herdr/herdr-client.sock
2026-07-29T23:03:09.498908Z  INFO herdr::server::headless: herdr server started api_socket=/home/Ronaldcdz/.config/herdr/herdr.sock client_socket=/home/Ronaldcdz/.config/herdr/herdr-client.sock
2026-07-29T23:03:09.499176Z  INFO herdr::logging: herdr starting event="app.startup" subsystem="server" outcome="started" pid=3240
2026-07-29T23:03:09.753172Z  INFO herdr::server::headless: client connected client_id=2 cols=191 rows=48 cell_width_px=0 cell_height_px=0 render_encoding=SemanticFrame
2026-07-29T23:03:27.753151Z  INFO herdr::logging: spawning pane terminal event="pane.spawn.start" subsystem="pane" outcome="started" pane_id=7 rows=47 cols=170 scrollback_limit_bytes=10000000
2026-07-29T23:03:27.757373Z  INFO herdr::logging: pane child spawned event="pane.spawned" subsystem="pane" outcome="ok" pane_id=7 pid=5813
2026-07-29T23:03:27.758004Z  INFO herdr::logging: tab renamed event="tab.rename" subsystem="tab" outcome="ok" workspace_id="w6" tab_id="w6:t8"
2026-07-29T23:03:27.758134Z  INFO herdr::logging: tab focused event="tab.focus" subsystem="tab" outcome="ok" workspace_id="w6" tab_id="w6:t8"
2026-07-29T23:03:32.763619Z  INFO herdr::logging: session saved event="persist.save" subsystem="persist" outcome="ok" path=/home/Ronaldcdz/.config/herdr/session.json workspaces=4
2026-07-29T23:03:51.391778Z  INFO herdr::logging: spawning pane terminal event="pane.spawn.start" subsystem="pane" outcome="started" pane_id=8 rows=47 cols=170 scrollback_limit_bytes=10000000
2026-07-29T23:03:51.395987Z  INFO herdr::logging: pane child spawned event="pane.spawned" subsystem="pane" outcome="ok" pane_id=8 pid=6282
2026-07-29T23:03:51.396796Z  INFO herdr::logging: tab focused event="tab.focus" subsystem="tab" outcome="ok" workspace_id="w6" tab_id="w6:t9"
2026-07-29T23:03:56.402248Z  INFO herdr::logging: session saved event="persist.save" subsystem="persist" outcome="ok" path=/home/Ronaldcdz/.config/herdr/session.json workspaces=4
2026-07-29T23:05:35.111669Z  INFO herdr::server::headless: client resize client_id=2 cols=191 rows=49 cell_width_px=0 cell_height_px=0
2026-07-29T23:05:35.407231Z  INFO herdr::server::headless: client resize client_id=2 cols=191 rows=48 cell_width_px=0 cell_height_px=0
2026-07-29T23:27:51.375743Z  INFO herdr::app::actions: copied selection to clipboard
2026-07-29T23:28:58.466487Z  INFO herdr::app::actions: copied selection to clipboard
2026-07-29T23:33:09.496123Z  INFO herdr::logging: checking for updates event="update.check.start" subsystem="update" outcome="started"
2026-07-29T23:43:13.022521Z  INFO herdr::logging: pane child exited event="pane.exit" subsystem="pane" outcome="completed" pane_id=8 status="ExitStatus { code: 1, signal: None }"
2026-07-29T23:43:13.043598Z  INFO herdr::pane: pane session terminated pane=8 pid=6282 signal=Hangup
2026-07-29T23:43:13.044483Z  WARN herdr::app::actions: PaneDied for unknown pane pane=8
2026-07-29T23:43:14.316401Z  INFO herdr::logging: pane child exited event="pane.exit" subsystem="pane" outcome="completed" pane_id=7 status="ExitStatus { code: 1, signal: None }"
2026-07-29T23:43:14.337075Z  INFO herdr::pane: pane session terminated pane=7 pid=5813 signal=Hangup
2026-07-29T23:43:14.337955Z  WARN herdr::app::actions: PaneDied for unknown pane pane=7
2026-07-29T23:43:19.340496Z  INFO herdr::logging: session saved event="persist.save" subsystem="persist" outcome="ok" path=/home/Ronaldcdz/.config/herdr/session.json workspaces=4
2026-07-29T23:54:38.991995Z  INFO herdr::server::headless: client connected client_id=4 cols=95 rows=40 cell_width_px=0 cell_height_px=0 render_encoding=SemanticFrame
2026-07-29T23:54:42.748496Z  INFO herdr::logging: tab focused event="tab.focus" subsystem="tab" outcome="ok" workspace_id="w6" tab_id="w6:t1"
2026-07-29T23:54:44.005513Z  INFO herdr::logging: tab focused event="tab.focus" subsystem="tab" outcome="ok" workspace_id="w6" tab_id="w6:t2"
2026-07-29T23:54:45.238506Z  INFO herdr::logging: tab focused event="tab.focus" subsystem="tab" outcome="ok" workspace_id="w6" tab_id="w6:t1"
2026-07-29T23:54:50.241818Z  INFO herdr::logging: session saved event="persist.save" subsystem="persist" outcome="ok" path=/home/Ronaldcdz/.config/herdr/session.json workspaces=4
2026-07-29T23:54:51.390524Z  INFO herdr::logging: tab focused event="tab.focus" subsystem="tab" outcome="ok" workspace_id="w6" tab_id="w6:t2"
2026-07-29T23:54:52.192621Z  INFO herdr::logging: tab focused event="tab.focus" subsystem="tab" outcome="ok" workspace_id="w6" tab_id="w6:t1"
2026-07-29T23:54:54.874613Z  INFO herdr::logging: tab focused event="tab.focus" subsystem="tab" outcome="ok" workspace_id="w6" tab_id="w6:t2"
2026-07-29T23:54:56.265679Z  INFO herdr::logging: tab focused event="tab.focus" subsystem="tab" outcome="ok" workspace_id="w6" tab_id="w6:t1"
2026-07-29T23:55:01.030975Z  INFO herdr::logging: pane child exited event="pane.exit" subsystem="pane" outcome="completed" pane_id=5 status="ExitStatus { code: 1, signal: None }"
2026-07-29T23:55:01.053711Z  INFO herdr::pane: pane session terminated pane=5 pid=3269 signal=Hangup
2026-07-29T23:55:01.054593Z  WARN herdr::app::actions: PaneDied for unknown pane pane=5
2026-07-29T23:55:06.056789Z  INFO herdr::logging: session saved event="persist.save" subsystem="persist" outcome="ok" path=/home/Ronaldcdz/.config/herdr/session.json workspaces=4
2026-07-29T23:55:08.928879Z  INFO herdr::server::headless: client disconnected client_id=4
2026-07-29T23:56:27.057540Z  INFO herdr::server::headless: client resize client_id=2 cols=191 rows=49 cell_width_px=0 cell_height_px=0
2026-07-29T23:56:27.260236Z  INFO herdr::server::headless: client resize client_id=2 cols=191 rows=48 cell_width_px=0 cell_height_px=0
2026-07-30T11:57:18.148784Z  INFO herdr::server::headless: client resize client_id=2 cols=191 rows=49 cell_width_px=0 cell_height_px=0
2026-07-30T11:57:18.649122Z  INFO herdr::server::headless: client resize client_id=2 cols=191 rows=48 cell_width_px=0 cell_height_px=0
2026-07-30T12:02:02.202198Z  INFO herdr::logging: checking for updates event="update.check.start" subsystem="update" outcome="started"
2026-07-30T12:02:02.780429Z  INFO herdr::server::headless: client disconnected client_id=2
2026-07-30T12:02:16.605786Z  INFO herdr::server::headless: client connected client_id=6 cols=136 rows=31 cell_width_px=0 cell_height_px=0 render_encoding=SemanticFrame
2026-07-30T12:02:18.211852Z  INFO herdr::server::headless: client resize client_id=6 cols=147 rows=32 cell_width_px=0 cell_height_px=0
2026-07-30T12:02:18.412169Z  INFO herdr::server::headless: client resize client_id=6 cols=147 rows=34 cell_width_px=0 cell_height_px=0
2026-07-30T12:02:18.612498Z  INFO herdr::server::headless: client resize client_id=6 cols=159 rows=34 cell_width_px=0 cell_height_px=0
2026-07-30T12:02:18.812853Z  INFO herdr::server::headless: client resize client_id=6 cols=159 rows=36 cell_width_px=0 cell_height_px=0
2026-07-30T12:02:19.013162Z  INFO herdr::server::headless: client resize client_id=6 cols=159 rows=37 cell_width_px=0 cell_height_px=0
2026-07-30T12:02:19.213456Z  INFO herdr::server::headless: client resize client_id=6 cols=174 rows=39 cell_width_px=0 cell_height_px=0
2026-07-30T12:02:19.714415Z  INFO herdr::server::headless: client resize client_id=6 cols=191 rows=40 cell_width_px=0 cell_height_px=0
2026-07-30T12:02:20.014964Z  INFO herdr::server::headless: client resize client_id=6 cols=191 rows=44 cell_width_px=0 cell_height_px=0
2026-07-30T12:02:20.717334Z  INFO herdr::server::headless: client resize client_id=6 cols=212 rows=46 cell_width_px=0 cell_height_px=0
2026-07-30T12:02:34.029012Z  INFO herdr::logging: workspace focused event="workspace.focus" subsystem="workspace" outcome="ok" workspace_id="w5"
2026-07-30T12:02:34.029131Z  INFO herdr::logging: tab focused event="tab.focus" subsystem="tab" outcome="ok" workspace_id="w5" tab_id="w5:t1"
2026-07-30T12:02:39.033085Z  INFO herdr::logging: session saved event="persist.save" subsystem="persist" outcome="ok" path=/home/Ronaldcdz/.config/herdr/session.json workspaces=4
2026-07-30T12:03:17.305041Z  INFO herdr::server::headless: client resize client_id=6 cols=106 rows=46 cell_width_px=0 cell_height_px=0
2026-07-30T12:03:17.317900Z  INFO herdr::server::headless: client connected client_id=8 cols=95 rows=48 cell_width_px=0 cell_height_px=0 render_encoding=SemanticFrame
2026-07-30T12:32:02.203791Z  INFO herdr::logging: checking for updates event="update.check.start" subsystem="update" outcome="started"
2026-07-30T12:46:47.775436Z  INFO herdr::server::headless: client disconnected client_id=8
2026-07-30T12:46:47.852509Z  INFO herdr::server::headless: client resize client_id=6 cols=212 rows=46 cell_width_px=0 cell_height_px=0
2026-07-30T12:48:35.343581Z  INFO herdr::server::headless: client disconnected client_id=6
2026-07-30T12:50:31.719612Z  INFO herdr::server::headless: client connected client_id=10 cols=80 rows=24 cell_width_px=0 cell_height_px=0 render_encoding=SemanticFrame
2026-07-30T12:50:31.825036Z  INFO herdr::server::headless: client resize client_id=10 cols=319 rows=63 cell_width_px=0 cell_height_px=0
2026-07-30T12:50:40.271600Z  INFO herdr::logging: tab focused event="tab.focus" subsystem="tab" outcome="ok" workspace_id="w5" tab_id="w5:t2"
2026-07-30T12:50:41.272570Z  INFO herdr::logging: tab focused event="tab.focus" subsystem="tab" outcome="ok" workspace_id="w5" tab_id="w5:t1"
2026-07-30T12:50:44.846930Z  INFO herdr::logging: spawning pane terminal event="pane.spawn.start" subsystem="pane" outcome="started" pane_id=9 rows=62 cols=298 scrollback_limit_bytes=10000000
2026-07-30T12:50:44.852310Z  INFO herdr::logging: pane child spawned event="pane.spawned" subsystem="pane" outcome="ok" pane_id=9 pid=31200
2026-07-30T12:50:44.853030Z  INFO herdr::logging: tab focused event="tab.focus" subsystem="tab" outcome="ok" workspace_id="w5" tab_id="w5:t7"
2026-07-30T12:50:45.848204Z  INFO herdr::server::headless: client resize client_id=10 cols=273 rows=60 cell_width_px=0 cell_height_px=0
2026-07-30T12:50:46.051026Z  INFO herdr::server::headless: client resize client_id=10 cols=239 rows=56 cell_width_px=0 cell_height_px=0
2026-07-30T12:50:46.248734Z  INFO herdr::server::headless: client resize client_id=10 cols=239 rows=53 cell_width_px=0 cell_height_px=0
2026-07-30T12:50:46.448967Z  INFO herdr::server::headless: client resize client_id=10 cols=239 rows=51 cell_width_px=0 cell_height_px=0
2026-07-30T12:50:46.649194Z  INFO herdr::server::headless: client resize client_id=10 cols=212 rows=48 cell_width_px=0 cell_height_px=0
2026-07-30T12:50:46.849477Z  INFO herdr::server::headless: client resize client_id=10 cols=212 rows=46 cell_width_px=0 cell_height_px=0
2026-07-30T12:50:47.250293Z  INFO herdr::server::headless: client resize client_id=10 cols=191 rows=44 cell_width_px=0 cell_height_px=0
2026-07-30T12:50:49.860293Z  INFO herdr::logging: session saved event="persist.save" subsystem="persist" outcome="ok" path=/home/Ronaldcdz/.config/herdr/session.json workspaces=4
2026-07-30T12:54:29.093798Z  INFO herdr::server::headless: client disconnected client_id=10
2026-07-30T12:54:31.362102Z  INFO herdr::server::headless: client connected client_id=12 cols=80 rows=24 cell_width_px=0 cell_height_px=0 render_encoding=SemanticFrame
2026-07-30T12:54:31.466485Z  INFO herdr::server::headless: client resize client_id=12 cols=239 rows=53 cell_width_px=0 cell_height_px=0
2026-07-30T12:54:33.570029Z  INFO herdr::server::headless: client resize client_id=12 cols=239 rows=51 cell_width_px=0 cell_height_px=0
2026-07-30T12:54:33.693415Z  INFO herdr::server::headless: client resize client_id=12 cols=212 rows=51 cell_width_px=0 cell_height_px=0
2026-07-30T12:54:33.870412Z  INFO herdr::server::headless: client resize client_id=12 cols=212 rows=48 cell_width_px=0 cell_height_px=0
2026-07-30T12:54:34.070800Z  INFO herdr::server::headless: client resize client_id=12 cols=191 rows=46 cell_width_px=0 cell_height_px=0
2026-07-30T12:54:34.471278Z  INFO herdr::server::headless: client resize client_id=12 cols=191 rows=44 cell_width_px=0 cell_height_px=0
2026-07-30T12:54:38.276685Z  INFO herdr::server::headless: client resize client_id=12 cols=95 rows=44 cell_width_px=0 cell_height_px=0
2026-07-30T12:54:38.387553Z  INFO herdr::server::headless: client connected client_id=14 cols=119 rows=56 cell_width_px=0 cell_height_px=0 render_encoding=SemanticFrame
2026-07-30T12:54:49.073522Z  INFO herdr::server::headless: client disconnected client_id=14
2026-07-30T12:54:49.118936Z  INFO herdr::server::headless: client resize client_id=12 cols=191 rows=44 cell_width_px=0 cell_height_px=0
2026-07-30T12:57:16.311042Z  INFO herdr::app::actions: copied selection to clipboard
2026-07-30T12:59:50.340672Z  INFO herdr::logging: spawning pane terminal event="pane.spawn.start" subsystem="pane" outcome="started" pane_id=10 rows=43 cols=170 scrollback_limit_bytes=10000000
2026-07-30T12:59:50.345453Z  INFO herdr::logging: pane child spawned event="pane.spawned" subsystem="pane" outcome="ok" pane_id=10 pid=36542
2026-07-30T12:59:50.346157Z  INFO herdr::logging: tab focused event="tab.focus" subsystem="tab" outcome="ok" workspace_id="w5" tab_id="w5:t8"
2026-07-30T12:59:51.004407Z  INFO herdr::logging: tab focused event="tab.focus" subsystem="tab" outcome="ok" workspace_id="w5" tab_id="w5:t7"
2026-07-30T12:59:56.008158Z  INFO herdr::logging: session saved event="persist.save" subsystem="persist" outcome="ok" path=/home/Ronaldcdz/.config/herdr/session.json workspaces=4
2026-07-30T13:00:19.149341Z  INFO herdr::app::actions: copied selection to clipboard
2026-07-30T13:00:19.985595Z  INFO herdr::logging: tab focused event="tab.focus" subsystem="tab" outcome="ok" workspace_id="w5" tab_id="w5:t8"
2026-07-30T13:00:24.989286Z  INFO herdr::logging: session saved event="persist.save" subsystem="persist" outcome="ok" path=/home/Ronaldcdz/.config/herdr/session.json workspaces=4
2026-07-30T13:00:45.492569Z  INFO herdr::server::headless: client disconnected client_id=12
2026-07-30T13:00:50.786422Z  INFO herdr::server::headless: client connected client_id=16 cols=80 rows=24 cell_width_px=0 cell_height_px=0 render_encoding=SemanticFrame
2026-07-30T13:00:50.890238Z  INFO herdr::server::headless: client resize client_id=16 cols=147 rows=48 cell_width_px=0 cell_height_px=0
2026-07-30T13:00:55.730246Z  INFO herdr::logging: spawning pane terminal event="pane.spawn.start" subsystem="pane" outcome="started" pane_id=11 rows=47 cols=126 scrollback_limit_bytes=10000000
2026-07-30T13:00:55.735602Z  INFO herdr::logging: pane child spawned event="pane.spawned" subsystem="pane" outcome="ok" pane_id=11 pid=37607
2026-07-30T13:00:55.736386Z  INFO herdr::logging: tab focused event="tab.focus" subsystem="tab" outcome="ok" workspace_id="w5" tab_id="w5:t9"
2026-07-30T13:01:00.742611Z  INFO herdr::logging: session saved event="persist.save" subsystem="persist" outcome="ok" path=/home/Ronaldcdz/.config/herdr/session.json workspaces=4
2026-07-30T13:01:24.043916Z  INFO herdr::logging: tab focused event="tab.focus" subsystem="tab" outcome="ok" workspace_id="w5" tab_id="w5:t8"
2026-07-30T13:01:26.903001Z  INFO herdr::logging: tab focused event="tab.focus" subsystem="tab" outcome="ok" workspace_id="w5" tab_id="w5:t9"
2026-07-30T13:01:28.263039Z  INFO herdr::logging: tab focused event="tab.focus" subsystem="tab" outcome="ok" workspace_id="w5" tab_id="w5:t8"
2026-07-30T13:01:29.033995Z  INFO herdr::logging: tab focused event="tab.focus" subsystem="tab" outcome="ok" workspace_id="w5" tab_id="w5:t7"
2026-07-30T13:01:30.545128Z  INFO herdr::logging: tab focused event="tab.focus" subsystem="tab" outcome="ok" workspace_id="w5" tab_id="w5:t8"
2026-07-30T13:01:35.550176Z  INFO herdr::logging: session saved event="persist.save" subsystem="persist" outcome="ok" path=/home/Ronaldcdz/.config/herdr/session.json workspaces=4
2026-07-30T13:01:37.916875Z  INFO herdr::server::headless: client disconnected client_id=16
2026-07-30T13:01:41.440409Z  INFO herdr::server::headless: client connected client_id=18 cols=80 rows=24 cell_width_px=0 cell_height_px=0 render_encoding=SemanticFrame
2026-07-30T13:01:41.545708Z  INFO herdr::server::headless: client resize client_id=18 cols=239 rows=53 cell_width_px=0 cell_height_px=0
2026-07-30T13:02:02.204240Z  INFO herdr::logging: checking for updates event="update.check.start" subsystem="update" outcome="started"
2026-07-30T13:02:04.090472Z  INFO herdr::logging: tab focused event="tab.focus" subsystem="tab" outcome="ok" workspace_id="w5" tab_id="w5:t9"
2026-07-30T13:02:09.096066Z  INFO herdr::logging: session saved event="persist.save" subsystem="persist" outcome="ok" path=/home/Ronaldcdz/.config/herdr/session.json workspaces=4
2026-07-30T13:02:36.835455Z  INFO herdr::server::headless: client resize client_id=18 cols=239 rows=55 cell_width_px=0 cell_height_px=0
2026-07-30T13:02:38.336665Z  INFO herdr::server::headless: client resize client_id=18 cols=239 rows=53 cell_width_px=0 cell_height_px=0
2026-07-30T13:02:55.875897Z  INFO herdr::logging: tab focused event="tab.focus" subsystem="tab" outcome="ok" workspace_id="w5" tab_id="w5:t8"
2026-07-30T13:02:58.577129Z  INFO herdr::server::headless: client disconnected client_id=18
2026-07-30T13:03:00.880810Z  INFO herdr::logging: session saved event="persist.save" subsystem="persist" outcome="ok" path=/home/Ronaldcdz/.config/herdr/session.json workspaces=4
2026-07-30T13:03:01.130778Z  INFO herdr::server::headless: client connected client_id=20 cols=80 rows=24 cell_width_px=0 cell_height_px=0 render_encoding=SemanticFrame
2026-07-30T13:03:01.235791Z  INFO herdr::server::headless: client resize client_id=20 cols=212 rows=51 cell_width_px=0 cell_height_px=0
2026-07-30T13:03:11.931591Z  INFO herdr::server::headless: client disconnected client_id=20
2026-07-30T13:03:13.318287Z  INFO herdr::server::headless: client connected client_id=22 cols=80 rows=24 cell_width_px=0 cell_height_px=0 render_encoding=SemanticFrame
2026-07-30T13:03:13.425235Z  INFO herdr::server::headless: client resize client_id=22 cols=191 rows=44 cell_width_px=0 cell_height_px=0
2026-07-30T13:03:19.663930Z  INFO herdr::server::headless: client disconnected client_id=22
2026-07-30T13:03:20.925252Z  INFO herdr::server::headless: client connected client_id=24 cols=80 rows=24 cell_width_px=0 cell_height_px=0 render_encoding=SemanticFrame
2026-07-30T13:03:21.039308Z  INFO herdr::server::headless: client resize client_id=24 cols=191 rows=46 cell_width_px=0 cell_height_px=0
2026-07-30T13:03:24.583775Z  INFO herdr::server::headless: client disconnected client_id=24
2026-07-30T13:03:26.094797Z  INFO herdr::server::headless: client connected client_id=26 cols=80 rows=24 cell_width_px=0 cell_height_px=0 render_encoding=SemanticFrame
2026-07-30T13:03:26.200338Z  INFO herdr::server::headless: client resize client_id=26 cols=212 rows=51 cell_width_px=0 cell_height_px=0
2026-07-30T13:03:34.125574Z  INFO herdr::server::headless: client disconnected client_id=26
2026-07-30T13:03:38.675228Z  INFO herdr::server::headless: client connected client_id=28 cols=80 rows=24 cell_width_px=0 cell_height_px=0 render_encoding=SemanticFrame
2026-07-30T13:03:38.779739Z  INFO herdr::server::headless: client resize client_id=28 cols=191 rows=46 cell_width_px=0 cell_height_px=0
2026-07-30T13:03:46.808091Z  INFO herdr::logging: tab focused event="tab.focus" subsystem="tab" outcome="ok" workspace_id="w5" tab_id="w5:t7"
2026-07-30T13:03:51.813512Z  INFO herdr::logging: session saved event="persist.save" subsystem="persist" outcome="ok" path=/home/Ronaldcdz/.config/herdr/session.json workspaces=4
2026-07-30T13:04:12.304113Z  INFO herdr::app::actions: copied selection to clipboard
2026-07-30T13:04:13.814855Z  INFO herdr::logging: tab focused event="tab.focus" subsystem="tab" outcome="ok" workspace_id="w5" tab_id="w5:t8"
2026-07-30T13:04:15.235965Z  INFO herdr::logging: tab focused event="tab.focus" subsystem="tab" outcome="ok" workspace_id="w5" tab_id="w5:t9"
2026-07-30T13:04:20.239707Z  INFO herdr::logging: session saved event="persist.save" subsystem="persist" outcome="ok" path=/home/Ronaldcdz/.config/herdr/session.json workspaces=4
2026-07-30T13:04:52.841299Z  INFO herdr::logging: tab focused event="tab.focus" subsystem="tab" outcome="ok" workspace_id="w5" tab_id="w5:t8"
2026-07-30T13:04:54.063482Z  INFO herdr::logging: tab focused event="tab.focus" subsystem="tab" outcome="ok" workspace_id="w5" tab_id="w5:t7"
2026-07-30T13:04:58.802457Z  INFO herdr::logging: tab focused event="tab.focus" subsystem="tab" outcome="ok" workspace_id="w5" tab_id="w5:t9"
2026-07-30T13:05:03.807978Z  INFO herdr::logging: session saved event="persist.save" subsystem="persist" outcome="ok" path=/home/Ronaldcdz/.config/herdr/session.json workspaces=4
2026-07-30T13:05:22.223565Z  INFO herdr::logging: tab focused event="tab.focus" subsystem="tab" outcome="ok" workspace_id="w5" tab_id="w5:t7"
2026-07-30T13:05:27.228827Z  INFO herdr::logging: session saved event="persist.save" subsystem="persist" outcome="ok" path=/home/Ronaldcdz/.config/herdr/session.json workspaces=4
2026-07-30T13:05:37.471831Z  INFO herdr::logging: tab focused event="tab.focus" subsystem="tab" outcome="ok" workspace_id="w5" tab_id="w5:t9"
2026-07-30T13:05:41.952824Z  INFO herdr::logging: tab focused event="tab.focus" subsystem="tab" outcome="ok" workspace_id="w5" tab_id="w5:t7"
2026-07-30T13:05:46.824804Z  INFO herdr::logging: tab focused event="tab.focus" subsystem="tab" outcome="ok" workspace_id="w5" tab_id="w5:t9"
2026-07-30T13:05:50.067870Z  INFO herdr::logging: tab focused event="tab.focus" subsystem="tab" outcome="ok" workspace_id="w5" tab_id="w5:t8"
2026-07-30T13:05:55.073238Z  INFO herdr::logging: session saved event="persist.save" subsystem="persist" outcome="ok" path=/home/Ronaldcdz/.config/herdr/session.json workspaces=4
2026-07-30T13:06:06.813984Z  INFO herdr::logging: tab focused event="tab.focus" subsystem="tab" outcome="ok" workspace_id="w5" tab_id="w5:t9"
2026-07-30T13:06:10.336036Z  INFO herdr::logging: tab focused event="tab.focus" subsystem="tab" outcome="ok" workspace_id="w5" tab_id="w5:t8"
2026-07-30T13:06:12.891001Z  INFO herdr::logging: tab focused event="tab.focus" subsystem="tab" outcome="ok" workspace_id="w5" tab_id="w5:t9"
2026-07-30T13:06:14.140913Z  INFO herdr::logging: tab focused event="tab.focus" subsystem="tab" outcome="ok" workspace_id="w5" tab_id="w5:t8"
2026-07-30T13:06:19.146195Z  INFO herdr::logging: session saved event="persist.save" subsystem="persist" outcome="ok" path=/home/Ronaldcdz/.config/herdr/session.json workspaces=4
2026-07-30T13:06:19.151621Z  INFO herdr::server::headless: client disconnected client_id=28
2026-07-30T13:06:21.418415Z  INFO herdr::server::headless: client connected client_id=30 cols=80 rows=24 cell_width_px=0 cell_height_px=0 render_encoding=SemanticFrame
2026-07-30T13:06:21.520538Z  INFO herdr::server::headless: client resize client_id=30 cols=212 rows=51 cell_width_px=0 cell_height_px=0
2026-07-30T13:06:25.694242Z  INFO herdr::logging: tab focused event="tab.focus" subsystem="tab" outcome="ok" workspace_id="w5" tab_id="w5:t7"
2026-07-30T13:06:27.581325Z  INFO herdr::logging: tab focused event="tab.focus" subsystem="tab" outcome="ok" workspace_id="w5" tab_id="w5:t8"
2026-07-30T13:06:29.352898Z  INFO herdr::logging: workspace focused event="workspace.focus" subsystem="workspace" outcome="ok" workspace_id="w6"
2026-07-30T13:06:29.353013Z  INFO herdr::logging: tab focused event="tab.focus" subsystem="tab" outcome="ok" workspace_id="w6" tab_id="w6:t2"
2026-07-30T13:06:34.359668Z  INFO herdr::logging: session saved event="persist.save" subsystem="persist" outcome="ok" path=/home/Ronaldcdz/.config/herdr/session.json workspaces=4
2026-07-30T13:06:38.942320Z  INFO herdr::logging: workspace focused event="workspace.focus" subsystem="workspace" outcome="ok" workspace_id="w5"
2026-07-30T13:06:38.942542Z  INFO herdr::logging: tab focused event="tab.focus" subsystem="tab" outcome="ok" workspace_id="w5" tab_id="w5:t8"
2026-07-30T13:06:42.969014Z  INFO herdr::server::headless: client disconnected client_id=30
2026-07-30T13:06:43.728820Z  INFO herdr::server::headless: client connected client_id=32 cols=80 rows=24 cell_width_px=0 cell_height_px=0 render_encoding=SemanticFrame
2026-07-30T13:06:43.833713Z  INFO herdr::server::headless: client resize client_id=32 cols=191 rows=42 cell_width_px=0 cell_height_px=0
2026-07-30T13:06:43.950588Z  INFO herdr::logging: session saved event="persist.save" subsystem="persist" outcome="ok" path=/home/Ronaldcdz/.config/herdr/session.json workspaces=4
2026-07-30T13:06:50.225533Z  INFO herdr::server::headless: client disconnected client_id=32
2026-07-30T13:06:51.237187Z  INFO herdr::server::headless: client connected client_id=34 cols=80 rows=24 cell_width_px=0 cell_height_px=0 render_encoding=SemanticFrame
2026-07-30T13:06:51.341307Z  INFO herdr::server::headless: client resize client_id=34 cols=191 rows=46 cell_width_px=0 cell_height_px=0
2026-07-30T13:07:00.746303Z  INFO herdr::logging: tab focused event="tab.focus" subsystem="tab" outcome="ok" workspace_id="w5" tab_id="w5:t7"
2026-07-30T13:07:04.118456Z  INFO herdr::logging: tab focused event="tab.focus" subsystem="tab" outcome="ok" workspace_id="w5" tab_id="w5:t8"
2026-07-30T13:07:05.140480Z  INFO herdr::logging: tab focused event="tab.focus" subsystem="tab" outcome="ok" workspace_id="w5" tab_id="w5:t9"
2026-07-30T13:07:10.145840Z  INFO herdr::logging: session saved event="persist.save" subsystem="persist" outcome="ok" path=/home/Ronaldcdz/.config/herdr/session.json workspaces=4
2026-07-30T13:07:45.603626Z  INFO herdr::logging: pane child exited event="pane.exit" subsystem="pane" outcome="completed" pane_id=11 status="ExitStatus { code: 1, signal: None }"
2026-07-30T13:07:45.623598Z  INFO herdr::pane: pane session terminated pane=11 pid=37607 signal=Hangup
2026-07-30T13:07:45.624535Z  WARN herdr::app::actions: PaneDied for unknown pane pane=11
2026-07-30T13:07:47.517654Z  INFO herdr::logging: tab focused event="tab.focus" subsystem="tab" outcome="ok" workspace_id="w5" tab_id="w5:t7"
2026-07-30T13:07:48.259048Z  INFO herdr::logging: pane child exited event="pane.exit" subsystem="pane" outcome="completed" pane_id=9 status="ExitStatus { code: 1, signal: None }"
2026-07-30T13:07:48.279160Z  INFO herdr::pane: pane session terminated pane=9 pid=31200 signal=Hangup
2026-07-30T13:07:48.280164Z  WARN herdr::app::actions: PaneDied for unknown pane pane=9
2026-07-30T13:07:49.548115Z  INFO herdr::logging: workspace focused event="workspace.focus" subsystem="workspace" outcome="ok" workspace_id="w6"
2026-07-30T13:07:49.548228Z  INFO herdr::logging: tab focused event="tab.focus" subsystem="tab" outcome="ok" workspace_id="w6" tab_id="w6:t2"
2026-07-30T13:07:51.866468Z  INFO herdr::logging: workspace focused event="workspace.focus" subsystem="workspace" outcome="ok" workspace_id="w5"
2026-07-30T13:07:51.866626Z  INFO herdr::logging: tab focused event="tab.focus" subsystem="tab" outcome="ok" workspace_id="w5" tab_id="w5:t2"
2026-07-30T13:07:52.817702Z  INFO herdr::logging: tab focused event="tab.focus" subsystem="tab" outcome="ok" workspace_id="w5" tab_id="w5:t8"
2026-07-30T13:07:57.821274Z  INFO herdr::logging: session saved event="persist.save" subsystem="persist" outcome="ok" path=/home/Ronaldcdz/.config/herdr/session.json workspaces=4
2026-07-30T13:08:34.394965Z  INFO herdr::logging: tab focused event="tab.focus" subsystem="tab" outcome="ok" workspace_id="w5" tab_id="w5:t2"
2026-07-30T13:08:35.820969Z  INFO herdr::logging: tab focused event="tab.focus" subsystem="tab" outcome="ok" workspace_id="w5" tab_id="w5:t1"
2026-07-30T13:08:39.728045Z  INFO herdr::logging: tab focused event="tab.focus" subsystem="tab" outcome="ok" workspace_id="w5" tab_id="w5:t8"
2026-07-30T13:08:41.032954Z  INFO herdr::logging: tab focused event="tab.focus" subsystem="tab" outcome="ok" workspace_id="w5" tab_id="w5:t1"
2026-07-30T13:08:43.630027Z  INFO herdr::logging: tab focused event="tab.focus" subsystem="tab" outcome="ok" workspace_id="w5" tab_id="w5:t8"
2026-07-30T13:08:45.173157Z  INFO herdr::server::headless: client connected client_id=36 cols=80 rows=24 cell_width_px=0 cell_height_px=0 render_encoding=SemanticFrame
2026-07-30T13:08:45.222547Z  INFO herdr::server::headless: client resize client_id=34 cols=95 rows=46 cell_width_px=0 cell_height_px=0
2026-07-30T13:08:45.285645Z  INFO herdr::server::headless: client resize client_id=36 cols=95 rows=46 cell_width_px=0 cell_height_px=0
2026-07-30T13:08:46.913565Z  INFO herdr::server::headless: client disconnected client_id=36
2026-07-30T13:08:46.925186Z  INFO herdr::server::headless: client resize client_id=34 cols=191 rows=46 cell_width_px=0 cell_height_px=0
2026-07-30T13:08:48.633419Z  INFO herdr::logging: session saved event="persist.save" subsystem="persist" outcome="ok" path=/home/Ronaldcdz/.config/herdr/session.json workspaces=4
2026-07-30T13:17:28.107412Z  INFO herdr::server::headless: client disconnected client_id=34
2026-07-30T13:17:29.117629Z  INFO herdr::server::headless: client connected client_id=38 cols=80 rows=24 cell_width_px=0 cell_height_px=0 render_encoding=SemanticFrame
2026-07-30T13:17:29.221677Z  INFO herdr::server::headless: client resize client_id=38 cols=191 rows=46 cell_width_px=0 cell_height_px=0
2026-07-30T13:17:58.769224Z  INFO herdr::server::headless: client resize client_id=38 cols=95 rows=46 cell_width_px=0 cell_height_px=0
2026-07-30T13:18:07.684755Z  INFO herdr::server::headless: client resize client_id=38 cols=191 rows=46 cell_width_px=0 cell_height_px=0
2026-07-30T13:18:11.891103Z  INFO herdr::server::headless: client resize client_id=38 cols=95 rows=46 cell_width_px=0 cell_height_px=0
2026-07-30T13:18:13.903714Z  INFO herdr::server::headless: client resize client_id=38 cols=191 rows=46 cell_width_px=0 cell_height_px=0
2026-07-30T13:18:14.706434Z  INFO herdr::server::headless: client disconnected client_id=38
2026-07-30T13:18:25.014694Z  INFO herdr::server::headless: client connected client_id=40 cols=80 rows=24 cell_width_px=0 cell_height_px=0 render_encoding=SemanticFrame
2026-07-30T13:18:25.118983Z  INFO herdr::server::headless: client resize client_id=40 cols=191 rows=46 cell_width_px=0 cell_height_px=0
2026-07-30T13:18:52.187749Z  INFO herdr::server::headless: client disconnected client_id=40
2026-07-30T13:19:04.751122Z  INFO herdr::server::headless: client connected client_id=42 cols=80 rows=24 cell_width_px=0 cell_height_px=0 render_encoding=SemanticFrame
2026-07-30T13:19:04.855844Z  INFO herdr::server::headless: client resize client_id=42 cols=191 rows=46 cell_width_px=0 cell_height_px=0
2026-07-30T13:19:43.933442Z  INFO herdr::logging: tab focused event="tab.focus" subsystem="tab" outcome="ok" workspace_id="w5" tab_id="w5:t2"
2026-07-30T13:19:45.300545Z  INFO herdr::logging: tab focused event="tab.focus" subsystem="tab" outcome="ok" workspace_id="w5" tab_id="w5:t8"
2026-07-30T13:19:48.296596Z  INFO herdr::logging: tab focused event="tab.focus" subsystem="tab" outcome="ok" workspace_id="w5" tab_id="w5:t2"
2026-07-30T13:19:49.374699Z  INFO herdr::logging: tab focused event="tab.focus" subsystem="tab" outcome="ok" workspace_id="w5" tab_id="w5:t8"
2026-07-30T13:19:52.120571Z  INFO herdr::server::headless: client disconnected client_id=42
2026-07-30T13:19:54.378353Z  INFO herdr::logging: session saved event="persist.save" subsystem="persist" outcome="ok" path=/home/Ronaldcdz/.config/herdr/session.json workspaces=4
2026-07-30T13:20:04.931817Z  INFO herdr::server::headless: client connected client_id=44 cols=212 rows=53 cell_width_px=0 cell_height_px=0 render_encoding=SemanticFrame
2026-07-30T13:20:14.881389Z  INFO herdr::logging: tab focused event="tab.focus" subsystem="tab" outcome="ok" workspace_id="w5" tab_id="w5:t2"
2026-07-30T13:20:15.698643Z  INFO herdr::logging: tab focused event="tab.focus" subsystem="tab" outcome="ok" workspace_id="w5" tab_id="w5:t1"
2026-07-30T13:20:19.481181Z  INFO herdr::logging: tab focused event="tab.focus" subsystem="tab" outcome="ok" workspace_id="w5" tab_id="w5:t2"
2026-07-30T13:20:24.484387Z  INFO herdr::logging: session saved event="persist.save" subsystem="persist" outcome="ok" path=/home/Ronaldcdz/.config/herdr/session.json workspaces=4
2026-07-30T13:20:37.033337Z  INFO herdr::logging: pane child exited event="pane.exit" subsystem="pane" outcome="completed" pane_id=4 status="ExitStatus { code: 0, signal: None }"
2026-07-30T13:20:37.034582Z  INFO herdr::pane: pane session terminated pane=4 pid=3265 signal=Hangup
2026-07-30T13:20:39.959311Z  INFO herdr::logging: tab focused event="tab.focus" subsystem="tab" outcome="ok" workspace_id="w5" tab_id="w5:t8"
2026-07-30T13:20:40.910980Z  INFO herdr::logging: pane child exited event="pane.exit" subsystem="pane" outcome="completed" pane_id=10 status="ExitStatus { code: 1, signal: None }"
2026-07-30T13:20:40.931100Z  INFO herdr::pane: pane session terminated pane=10 pid=36542 signal=Hangup
2026-07-30T13:20:40.932177Z  WARN herdr::app::actions: PaneDied for unknown pane pane=10
2026-07-30T13:20:45.934462Z  INFO herdr::logging: session saved event="persist.save" subsystem="persist" outcome="ok" path=/home/Ronaldcdz/.config/herdr/session.json workspaces=4
2026-07-30T13:20:58.116855Z  INFO herdr::server::headless: client disconnected client_id=44
2026-07-30T13:20:58.875083Z  INFO herdr::server::headless: client connected client_id=46 cols=80 rows=24 cell_width_px=0 cell_height_px=0 render_encoding=SemanticFrame
2026-07-30T13:20:58.978339Z  INFO herdr::server::headless: client resize client_id=46 cols=191 rows=46 cell_width_px=0 cell_height_px=0
2026-07-30T13:21:11.957943Z  INFO herdr::logging: workspace focused event="workspace.focus" subsystem="workspace" outcome="ok" workspace_id="w4"
2026-07-30T13:21:11.958062Z  INFO herdr::logging: tab focused event="tab.focus" subsystem="tab" outcome="ok" workspace_id="w4" tab_id="w4:tA"
2026-07-30T13:21:16.960797Z  INFO herdr::logging: session saved event="persist.save" subsystem="persist" outcome="ok" path=/home/Ronaldcdz/.config/herdr/session.json workspaces=4
2026-07-30T13:22:45.242729Z  INFO herdr::logging: tab renamed event="tab.rename" subsystem="tab" outcome="ok" workspace_id="w4" tab_id="w4:tA"
2026-07-30T13:22:49.635677Z  INFO herdr::logging: tab focused event="tab.focus" subsystem="tab" outcome="ok" workspace_id="w4" tab_id="w4:tA"
2026-07-30T13:22:54.572261Z  INFO herdr::logging: spawning pane terminal event="pane.spawn.start" subsystem="pane" outcome="started" pane_id=12 rows=45 cols=170 scrollback_limit_bytes=10000000
2026-07-30T13:22:54.576931Z  INFO herdr::logging: pane child spawned event="pane.spawned" subsystem="pane" outcome="ok" pane_id=12 pid=50117
2026-07-30T13:22:54.577539Z  INFO herdr::logging: tab renamed event="tab.rename" subsystem="tab" outcome="ok" workspace_id="w4" tab_id="w4:tG"
2026-07-30T13:22:54.577683Z  INFO herdr::logging: tab focused event="tab.focus" subsystem="tab" outcome="ok" workspace_id="w4" tab_id="w4:tG"
2026-07-30T13:22:59.583251Z  INFO herdr::logging: session saved event="persist.save" subsystem="persist" outcome="ok" path=/home/Ronaldcdz/.config/herdr/session.json workspaces=4
2026-07-30T13:25:34.367902Z  INFO herdr::logging: tab focused event="tab.focus" subsystem="tab" outcome="ok" workspace_id="w4" tab_id="w4:tA"
2026-07-30T13:25:39.371521Z  INFO herdr::logging: session saved event="persist.save" subsystem="persist" outcome="ok" path=/home/Ronaldcdz/.config/herdr/session.json workspaces=4
2026-07-30T13:26:00.253936Z  INFO herdr::server::headless: client disconnected client_id=46
2026-07-30T13:26:01.011448Z  INFO herdr::server::headless: client connected client_id=48 cols=80 rows=24 cell_width_px=0 cell_height_px=0 render_encoding=SemanticFrame
2026-07-30T13:26:01.113304Z  INFO herdr::server::headless: client resize client_id=48 cols=212 rows=51 cell_width_px=0 cell_height_px=0
2026-07-30T13:26:15.238037Z  INFO herdr::server::headless: client disconnected client_id=48
2026-07-30T13:26:15.997071Z  INFO herdr::server::headless: client connected client_id=50 cols=80 rows=24 cell_width_px=0 cell_height_px=0 render_encoding=SemanticFrame
2026-07-30T13:26:16.098949Z  INFO herdr::server::headless: client resize client_id=50 cols=191 rows=46 cell_width_px=0 cell_height_px=0
2026-07-30T13:26:20.822206Z  INFO herdr::logging: tab focused event="tab.focus" subsystem="tab" outcome="ok" workspace_id="w4" tab_id="w4:tG"
2026-07-30T13:26:25.826757Z  INFO herdr::logging: session saved event="persist.save" subsystem="persist" outcome="ok" path=/home/Ronaldcdz/.config/herdr/session.json workspaces=4
2026-07-30T13:29:18.577414Z  INFO herdr::logging: tab focused event="tab.focus" subsystem="tab" outcome="ok" workspace_id="w4" tab_id="w4:tA"
2026-07-30T13:29:23.581638Z  INFO herdr::logging: session saved event="persist.save" subsystem="persist" outcome="ok" path=/home/Ronaldcdz/.config/herdr/session.json workspaces=4
2026-07-30T13:29:24.151897Z  INFO herdr::logging: workspace focused event="workspace.focus" subsystem="workspace" outcome="ok" workspace_id="w2"
2026-07-30T13:29:24.152016Z  INFO herdr::logging: tab focused event="tab.focus" subsystem="tab" outcome="ok" workspace_id="w2" tab_id="w2:t1"
2026-07-30T13:29:29.154133Z  INFO herdr::logging: session saved event="persist.save" subsystem="persist" outcome="ok" path=/home/Ronaldcdz/.config/herdr/session.json workspaces=4
2026-07-30T13:29:48.734449Z  INFO herdr::logging: workspace focused event="workspace.focus" subsystem="workspace" outcome="ok" workspace_id="w6"
2026-07-30T13:29:48.734568Z  INFO herdr::logging: tab focused event="tab.focus" subsystem="tab" outcome="ok" workspace_id="w6" tab_id="w6:t2"
2026-07-30T13:29:53.738813Z  INFO herdr::logging: session saved event="persist.save" subsystem="persist" outcome="ok" path=/home/Ronaldcdz/.config/herdr/session.json workspaces=4
2026-07-30T13:32:02.205715Z  INFO herdr::logging: checking for updates event="update.check.start" subsystem="update" outcome="started"
2026-07-30T13:34:19.365760Z  INFO herdr::server::headless: client disconnected client_id=50
2026-07-30T13:36:25.775404Z  INFO herdr::api::server: api server listening path=/home/Ronaldcdz/.config/herdr/herdr.sock
2026-07-30T13:36:25.781223Z  INFO herdr::logging: spawning pane terminal event="pane.spawn.start" subsystem="pane" outcome="started" pane_id=1 rows=24 cols=80 scrollback_limit_bytes=10000000
2026-07-30T13:36:25.784252Z  INFO herdr::logging: pane child spawned event="pane.spawned" subsystem="pane" outcome="ok" pane_id=1 pid=3072
2026-07-30T13:36:25.786781Z  INFO herdr::logging: spawning pane terminal event="pane.spawn.start" subsystem="pane" outcome="started" pane_id=2 rows=24 cols=80 scrollback_limit_bytes=10000000
2026-07-30T13:36:25.790106Z  INFO herdr::logging: pane child spawned event="pane.spawned" subsystem="pane" outcome="ok" pane_id=2 pid=3075
2026-07-30T13:36:25.791200Z  INFO herdr::logging: spawning pane terminal event="pane.spawn.start" subsystem="pane" outcome="started" pane_id=3 rows=24 cols=80 scrollback_limit_bytes=10000000
2026-07-30T13:36:25.794734Z  INFO herdr::logging: pane child spawned event="pane.spawned" subsystem="pane" outcome="ok" pane_id=3 pid=3078
2026-07-30T13:36:25.796999Z  INFO herdr::logging: spawning pane terminal event="pane.spawn.start" subsystem="pane" outcome="started" pane_id=4 rows=24 cols=80 scrollback_limit_bytes=10000000
2026-07-30T13:36:25.800570Z  INFO herdr::logging: pane child spawned event="pane.spawned" subsystem="pane" outcome="ok" pane_id=4 pid=3083
2026-07-30T13:36:25.803874Z  INFO herdr::logging: spawning pane terminal event="pane.spawn.start" subsystem="pane" outcome="started" pane_id=5 rows=24 cols=80 scrollback_limit_bytes=10000000
2026-07-30T13:36:25.807468Z  INFO herdr::logging: pane child spawned event="pane.spawned" subsystem="pane" outcome="ok" pane_id=5 pid=3087
2026-07-30T13:36:25.808637Z  INFO herdr::logging: session restore evaluated event="persist.restore" subsystem="persist" outcome="ok" workspaces=4
2026-07-30T13:36:25.808717Z  INFO herdr::app: using pane scrollback configuration pane_scrollback_limit_bytes=10000000
2026-07-30T13:36:26.066449Z  INFO herdr::logging: checking for updates event="update.check.start" subsystem="update" outcome="started"
2026-07-30T13:36:26.069872Z  INFO herdr::server::headless: restored session already has workspaces; ignoring startup cwd cwd=/home/Ronaldcdz
2026-07-30T13:36:26.070122Z  INFO herdr::server::headless: client protocol socket listening path=/home/Ronaldcdz/.config/herdr/herdr-client.sock
2026-07-30T13:36:26.070178Z  INFO herdr::server::headless: herdr server started api_socket=/home/Ronaldcdz/.config/herdr/herdr.sock client_socket=/home/Ronaldcdz/.config/herdr/herdr-client.sock
2026-07-30T13:36:26.070558Z  INFO herdr::logging: herdr starting event="app.startup" subsystem="server" outcome="started" pid=3058
2026-07-30T13:36:26.074426Z  INFO herdr::server::headless: client connected client_id=2 cols=191 rows=46 cell_width_px=0 cell_height_px=0 render_encoding=SemanticFrame
2026-07-30T13:36:40.804110Z  INFO herdr::logging: workspace focused event="workspace.focus" subsystem="workspace" outcome="ok" workspace_id="w2"
2026-07-30T13:36:40.804280Z  INFO herdr::logging: tab focused event="tab.focus" subsystem="tab" outcome="ok" workspace_id="w2" tab_id="w2:t1"
2026-07-30T13:36:42.595415Z  INFO herdr::server::headless: client resize client_id=2 cols=95 rows=46 cell_width_px=0 cell_height_px=0
2026-07-30T13:36:44.496910Z  INFO herdr::server::headless: client resize client_id=2 cols=191 rows=46 cell_width_px=0 cell_height_px=0
2026-07-30T13:36:45.806767Z  INFO herdr::logging: session saved event="persist.save" subsystem="persist" outcome="ok" path=/home/Ronaldcdz/.config/herdr/session.json workspaces=4
2026-07-30T13:39:20.886903Z  INFO herdr::logging: workspace focused event="workspace.focus" subsystem="workspace" outcome="ok" workspace_id="w6"
2026-07-30T13:39:20.887021Z  INFO herdr::logging: tab focused event="tab.focus" subsystem="tab" outcome="ok" workspace_id="w6" tab_id="w6:t2"
2026-07-30T13:39:25.891112Z  INFO herdr::logging: session saved event="persist.save" subsystem="persist" outcome="ok" path=/home/Ronaldcdz/.config/herdr/session.json workspaces=4
2026-07-30T13:48:35.447913Z  INFO herdr::logging: workspace focused event="workspace.focus" subsystem="workspace" outcome="ok" workspace_id="w2"
2026-07-30T13:48:35.448032Z  INFO herdr::logging: tab focused event="tab.focus" subsystem="tab" outcome="ok" workspace_id="w2" tab_id="w2:t1"
2026-07-30T13:48:40.453980Z  INFO herdr::logging: session saved event="persist.save" subsystem="persist" outcome="ok" path=/home/Ronaldcdz/.config/herdr/session.json workspaces=4
2026-07-30T13:49:07.983998Z  INFO herdr::logging: workspace focused event="workspace.focus" subsystem="workspace" outcome="ok" workspace_id="w6"
2026-07-30T13:49:07.984044Z  INFO herdr::logging: tab focused event="tab.focus" subsystem="tab" outcome="ok" workspace_id="w6" tab_id="w6:t2"
2026-07-30T13:49:12.986778Z  INFO herdr::logging: session saved event="persist.save" subsystem="persist" outcome="ok" path=/home/Ronaldcdz/.config/herdr/session.json workspaces=4
2026-07-30T13:49:25.491318Z  INFO herdr::logging: workspace focused event="workspace.focus" subsystem="workspace" outcome="ok" workspace_id="w2"
2026-07-30T13:49:25.491470Z  INFO herdr::logging: tab focused event="tab.focus" subsystem="tab" outcome="ok" workspace_id="w2" tab_id="w2:t1"
2026-07-30T13:49:30.496206Z  INFO herdr::logging: session saved event="persist.save" subsystem="persist" outcome="ok" path=/home/Ronaldcdz/.config/herdr/session.json workspaces=4
2026-07-30T13:51:24.048549Z  INFO herdr::logging: workspace focused event="workspace.focus" subsystem="workspace" outcome="ok" workspace_id="w6"
2026-07-30T13:51:24.048658Z  INFO herdr::logging: tab focused event="tab.focus" subsystem="tab" outcome="ok" workspace_id="w6" tab_id="w6:t2"
2026-07-30T13:51:29.053803Z  INFO herdr::logging: session saved event="persist.save" subsystem="persist" outcome="ok" path=/home/Ronaldcdz/.config/herdr/session.json workspaces=4
2026-07-30T14:03:43.584131Z  INFO herdr::logging: workspace focused event="workspace.focus" subsystem="workspace" outcome="ok" workspace_id="w4"
2026-07-30T14:03:43.584246Z  INFO herdr::logging: tab focused event="tab.focus" subsystem="tab" outcome="ok" workspace_id="w4" tab_id="w4:tA"
2026-07-30T14:03:48.588246Z  INFO herdr::logging: session saved event="persist.save" subsystem="persist" outcome="ok" path=/home/Ronaldcdz/.config/herdr/session.json workspaces=4
2026-07-30T14:06:26.067652Z  INFO herdr::logging: checking for updates event="update.check.start" subsystem="update" outcome="started"
2026-07-30T14:11:19.867178Z  INFO herdr::logging: workspace focused event="workspace.focus" subsystem="workspace" outcome="ok" workspace_id="w2"
2026-07-30T14:11:19.867305Z  INFO herdr::logging: tab focused event="tab.focus" subsystem="tab" outcome="ok" workspace_id="w2" tab_id="w2:t1"
2026-07-30T14:11:22.047189Z  INFO herdr::logging: workspace focused event="workspace.focus" subsystem="workspace" outcome="ok" workspace_id="w4"
2026-07-30T14:11:22.047306Z  INFO herdr::logging: tab focused event="tab.focus" subsystem="tab" outcome="ok" workspace_id="w4" tab_id="w4:tA"
2026-07-30T14:11:26.727770Z  INFO herdr::logging: workspace focused event="workspace.focus" subsystem="workspace" outcome="ok" workspace_id="w6"
2026-07-30T14:11:26.727888Z  INFO herdr::logging: tab focused event="tab.focus" subsystem="tab" outcome="ok" workspace_id="w6" tab_id="w6:t2"
2026-07-30T14:11:31.732646Z  INFO herdr::logging: session saved event="persist.save" subsystem="persist" outcome="ok" path=/home/Ronaldcdz/.config/herdr/session.json workspaces=4
2026-07-30T14:11:44.552850Z  INFO herdr::logging: workspace focused event="workspace.focus" subsystem="workspace" outcome="ok" workspace_id="w4"
2026-07-30T14:11:44.552962Z  INFO herdr::logging: tab focused event="tab.focus" subsystem="tab" outcome="ok" workspace_id="w4" tab_id="w4:tA"
2026-07-30T14:11:49.557220Z  INFO herdr::logging: session saved event="persist.save" subsystem="persist" outcome="ok" path=/home/Ronaldcdz/.config/herdr/session.json workspaces=4
2026-07-30T14:15:32.962559Z  INFO herdr::logging: workspace focused event="workspace.focus" subsystem="workspace" outcome="ok" workspace_id="w6"
2026-07-30T14:15:32.962677Z  INFO herdr::logging: tab focused event="tab.focus" subsystem="tab" outcome="ok" workspace_id="w6" tab_id="w6:t2"
2026-07-30T14:15:37.967278Z  INFO herdr::logging: session saved event="persist.save" subsystem="persist" outcome="ok" path=/home/Ronaldcdz/.config/herdr/session.json workspaces=4
2026-07-30T14:15:47.213053Z  INFO herdr::logging: workspace focused event="workspace.focus" subsystem="workspace" outcome="ok" workspace_id="w2"
2026-07-30T14:15:47.213191Z  INFO herdr::logging: tab focused event="tab.focus" subsystem="tab" outcome="ok" workspace_id="w2" tab_id="w2:t1"
2026-07-30T14:15:48.205127Z  INFO herdr::logging: workspace focused event="workspace.focus" subsystem="workspace" outcome="ok" workspace_id="w4"
2026-07-30T14:15:48.205309Z  INFO herdr::logging: tab focused event="tab.focus" subsystem="tab" outcome="ok" workspace_id="w4" tab_id="w4:tA"
2026-07-30T14:15:53.210593Z  INFO herdr::logging: session saved event="persist.save" subsystem="persist" outcome="ok" path=/home/Ronaldcdz/.config/herdr/session.json workspaces=4
2026-07-30T14:16:07.053742Z  INFO herdr::logging: workspace focused event="workspace.focus" subsystem="workspace" outcome="ok" workspace_id="w6"
2026-07-30T14:16:07.053860Z  INFO herdr::logging: tab focused event="tab.focus" subsystem="tab" outcome="ok" workspace_id="w6" tab_id="w6:t2"
2026-07-30T14:16:12.058778Z  INFO herdr::logging: session saved event="persist.save" subsystem="persist" outcome="ok" path=/home/Ronaldcdz/.config/herdr/session.json workspaces=4
2026-07-30T14:16:15.197809Z  INFO herdr::logging: workspace focused event="workspace.focus" subsystem="workspace" outcome="ok" workspace_id="w2"
2026-07-30T14:16:15.197927Z  INFO herdr::logging: tab focused event="tab.focus" subsystem="tab" outcome="ok" workspace_id="w2" tab_id="w2:t1"
2026-07-30T14:16:16.054402Z  INFO herdr::logging: workspace focused event="workspace.focus" subsystem="workspace" outcome="ok" workspace_id="w4"
2026-07-30T14:16:16.054518Z  INFO herdr::logging: tab focused event="tab.focus" subsystem="tab" outcome="ok" workspace_id="w4" tab_id="w4:tA"
2026-07-30T14:16:21.060137Z  INFO herdr::logging: session saved event="persist.save" subsystem="persist" outcome="ok" path=/home/Ronaldcdz/.config/herdr/session.json workspaces=4
2026-07-30T14:16:37.025039Z  INFO herdr::logging: workspace focused event="workspace.focus" subsystem="workspace" outcome="ok" workspace_id="w6"
2026-07-30T14:16:37.025181Z  INFO herdr::logging: tab focused event="tab.focus" subsystem="tab" outcome="ok" workspace_id="w6" tab_id="w6:t2"
2026-07-30T14:16:42.029101Z  INFO herdr::logging: session saved event="persist.save" subsystem="persist" outcome="ok" path=/home/Ronaldcdz/.config/herdr/session.json workspaces=4
2026-07-30T14:36:26.068976Z  INFO herdr::logging: checking for updates event="update.check.start" subsystem="update" outcome="started"
2026-07-30T14:48:43.810173Z  INFO herdr::logging: tab renamed event="tab.rename" subsystem="tab" outcome="ok" workspace_id="w6" tab_id="w6:t2"
2026-07-30T14:48:48.812816Z  INFO herdr::logging: session saved event="persist.save" subsystem="persist" outcome="ok" path=/home/Ronaldcdz/.config/herdr/session.json workspaces=4
2026-07-30T14:48:51.607573Z  INFO herdr::logging: spawning pane terminal event="pane.spawn.start" subsystem="pane" outcome="started" pane_id=6 rows=45 cols=170 scrollback_limit_bytes=10000000
2026-07-30T14:48:51.612321Z  INFO herdr::logging: pane child spawned event="pane.spawned" subsystem="pane" outcome="ok" pane_id=6 pid=41358
2026-07-30T14:48:51.612867Z  INFO herdr::logging: tab renamed event="tab.rename" subsystem="tab" outcome="ok" workspace_id="w6" tab_id="w6:tA"
2026-07-30T14:48:51.612973Z  INFO herdr::logging: tab focused event="tab.focus" subsystem="tab" outcome="ok" workspace_id="w6" tab_id="w6:tA"
2026-07-30T14:48:56.618248Z  INFO herdr::logging: session saved event="persist.save" subsystem="persist" outcome="ok" path=/home/Ronaldcdz/.config/herdr/session.json workspaces=4
2026-07-30T14:53:37.963321Z  INFO herdr::logging: tab focused event="tab.focus" subsystem="tab" outcome="ok" workspace_id="w6" tab_id="w6:t2"
2026-07-30T14:53:42.969268Z  INFO herdr::logging: session saved event="persist.save" subsystem="persist" outcome="ok" path=/home/Ronaldcdz/.config/herdr/session.json workspaces=4
2026-07-30T15:02:24.295011Z  INFO herdr::logging: tab focused event="tab.focus" subsystem="tab" outcome="ok" workspace_id="w6" tab_id="w6:tA"
2026-07-30T15:02:29.299664Z  INFO herdr::logging: session saved event="persist.save" subsystem="persist" outcome="ok" path=/home/Ronaldcdz/.config/herdr/session.json workspaces=4
2026-07-30T15:06:26.070682Z  INFO herdr::logging: checking for updates event="update.check.start" subsystem="update" outcome="started"
2026-07-30T15:11:07.629557Z  INFO herdr::logging: spawning pane terminal event="pane.spawn.start" subsystem="pane" outcome="started" pane_id=7 rows=45 cols=170 scrollback_limit_bytes=10000000
2026-07-30T15:11:07.634666Z  INFO herdr::logging: pane child spawned event="pane.spawned" subsystem="pane" outcome="ok" pane_id=7 pid=52847
2026-07-30T15:11:07.635343Z  INFO herdr::logging: tab renamed event="tab.rename" subsystem="tab" outcome="ok" workspace_id="w6" tab_id="w6:tB"
2026-07-30T15:11:07.635495Z  INFO herdr::logging: tab focused event="tab.focus" subsystem="tab" outcome="ok" workspace_id="w6" tab_id="w6:tB"
2026-07-30T15:11:12.640867Z  INFO herdr::logging: session saved event="persist.save" subsystem="persist" outcome="ok" path=/home/Ronaldcdz/.config/herdr/session.json workspaces=4
2026-07-30T15:13:01.947482Z  INFO herdr::logging: tab focused event="tab.focus" subsystem="tab" outcome="ok" workspace_id="w6" tab_id="w6:t2"
2026-07-30T15:13:06.950857Z  INFO herdr::logging: session saved event="persist.save" subsystem="persist" outcome="ok" path=/home/Ronaldcdz/.config/herdr/session.json workspaces=4
2026-07-30T15:14:43.475650Z  INFO herdr::logging: tab focused event="tab.focus" subsystem="tab" outcome="ok" workspace_id="w6" tab_id="w6:tB"
2026-07-30T15:14:48.478851Z  INFO herdr::logging: session saved event="persist.save" subsystem="persist" outcome="ok" path=/home/Ronaldcdz/.config/herdr/session.json workspaces=4
2026-07-30T15:14:53.727739Z  INFO herdr::logging: tab focused event="tab.focus" subsystem="tab" outcome="ok" workspace_id="w6" tab_id="w6:t2"
2026-07-30T15:14:58.731504Z  INFO herdr::logging: session saved event="persist.save" subsystem="persist" outcome="ok" path=/home/Ronaldcdz/.config/herdr/session.json workspaces=4
2026-07-30T15:36:26.071841Z  INFO herdr::logging: checking for updates event="update.check.start" subsystem="update" outcome="started"
2026-07-30T16:00:39.746679Z  INFO herdr::server::headless: client resize client_id=2 cols=191 rows=47 cell_width_px=0 cell_height_px=0
2026-07-30T16:00:40.347484Z  INFO herdr::server::headless: client resize client_id=2 cols=191 rows=46 cell_width_px=0 cell_height_px=0
2026-07-30T16:06:26.073716Z  INFO herdr::logging: checking for updates event="update.check.start" subsystem="update" outcome="started"
2026-07-30T16:06:44.104533Z  WARN herdr::detect::manifest_update: agent detection manifest update failed: failed to fetch https://herdr.dev/agent-detection/index.toml
2026-07-30T16:06:55.846960Z  WARN herdr::logging: update check failed event="update.check.complete" subsystem="update" outcome="error" err="failed to fetch update manifest"
2026-07-30T16:36:26.074185Z  INFO herdr::logging: checking for updates event="update.check.start" subsystem="update" outcome="started"
2026-07-30T17:42:32.646518Z  INFO herdr::server::headless: client resize client_id=2 cols=191 rows=47 cell_width_px=0 cell_height_px=0
2026-07-30T17:42:33.849044Z  INFO herdr::server::headless: client resize client_id=2 cols=191 rows=46 cell_width_px=0 cell_height_px=0
2026-07-30T17:49:18.096897Z  INFO herdr::logging: checking for updates event="update.check.start" subsystem="update" outcome="started"
2026-07-30T18:04:06.747381Z  INFO herdr::logging: pane child exited event="pane.exit" subsystem="pane" outcome="completed" pane_id=4 status="ExitStatus { code: 1, signal: None }"
2026-07-30T18:04:06.823597Z  INFO herdr::pane: pane session terminated pane=4 pid=3083 signal=Hangup
2026-07-30T18:04:06.828431Z  INFO herdr::logging: pane child exited event="pane.exit" subsystem="pane" outcome="completed" pane_id=5 status="ExitStatus { code: 1, signal: None }"
2026-07-30T18:04:06.872321Z  INFO herdr::pane: pane session terminated pane=5 pid=3087 signal=Hangup
2026-07-30T18:04:06.874232Z  INFO herdr::server::headless: client disconnected client_id=2
2026-07-30T18:06:44.039157Z  INFO herdr::api::server: api server listening path=/home/Ronaldcdz/.config/herdr/herdr.sock
2026-07-30T18:06:44.044698Z  INFO herdr::logging: spawning pane terminal event="pane.spawn.start" subsystem="pane" outcome="started" pane_id=1 rows=24 cols=80 scrollback_limit_bytes=10000000
2026-07-30T18:06:44.047502Z  INFO herdr::logging: pane child spawned event="pane.spawned" subsystem="pane" outcome="ok" pane_id=1 pid=3110
2026-07-30T18:06:44.050428Z  INFO herdr::logging: spawning pane terminal event="pane.spawn.start" subsystem="pane" outcome="started" pane_id=2 rows=24 cols=80 scrollback_limit_bytes=10000000
2026-07-30T18:06:44.053839Z  INFO herdr::logging: pane child spawned event="pane.spawned" subsystem="pane" outcome="ok" pane_id=2 pid=3113
2026-07-30T18:06:44.054918Z  INFO herdr::logging: spawning pane terminal event="pane.spawn.start" subsystem="pane" outcome="started" pane_id=3 rows=24 cols=80 scrollback_limit_bytes=10000000
2026-07-30T18:06:44.058356Z  INFO herdr::logging: pane child spawned event="pane.spawned" subsystem="pane" outcome="ok" pane_id=3 pid=3116
2026-07-30T18:06:44.060580Z  INFO herdr::logging: spawning pane terminal event="pane.spawn.start" subsystem="pane" outcome="started" pane_id=4 rows=24 cols=80 scrollback_limit_bytes=10000000
2026-07-30T18:06:44.064444Z  INFO herdr::logging: pane child spawned event="pane.spawned" subsystem="pane" outcome="ok" pane_id=4 pid=3121
2026-07-30T18:06:44.067597Z  INFO herdr::logging: spawning pane terminal event="pane.spawn.start" subsystem="pane" outcome="started" pane_id=5 rows=24 cols=80 scrollback_limit_bytes=10000000
2026-07-30T18:06:44.075456Z  INFO herdr::logging: pane child spawned event="pane.spawned" subsystem="pane" outcome="ok" pane_id=5 pid=3125
2026-07-30T18:06:44.076626Z  INFO herdr::logging: spawning pane terminal event="pane.spawn.start" subsystem="pane" outcome="started" pane_id=6 rows=24 cols=80 scrollback_limit_bytes=10000000
2026-07-30T18:06:44.082023Z  INFO herdr::logging: pane child spawned event="pane.spawned" subsystem="pane" outcome="ok" pane_id=6 pid=3131
2026-07-30T18:06:44.083007Z  INFO herdr::logging: spawning pane terminal event="pane.spawn.start" subsystem="pane" outcome="started" pane_id=7 rows=24 cols=80 scrollback_limit_bytes=10000000
2026-07-30T18:06:44.087159Z  INFO herdr::logging: pane child spawned event="pane.spawned" subsystem="pane" outcome="ok" pane_id=7 pid=3137
2026-07-30T18:06:44.090644Z  INFO herdr::logging: session restore evaluated event="persist.restore" subsystem="persist" outcome="ok" workspaces=4
2026-07-30T18:06:44.090769Z  INFO herdr::app: using pane scrollback configuration pane_scrollback_limit_bytes=10000000
2026-07-30T18:06:44.380322Z  INFO herdr::logging: checking for updates event="update.check.start" subsystem="update" outcome="started"
2026-07-30T18:06:44.384034Z  INFO herdr::server::headless: restored session already has workspaces; ignoring startup cwd cwd=/home/Ronaldcdz
2026-07-30T18:06:44.384285Z  INFO herdr::server::headless: client protocol socket listening path=/home/Ronaldcdz/.config/herdr/herdr-client.sock
2026-07-30T18:06:44.384341Z  INFO herdr::server::headless: herdr server started api_socket=/home/Ronaldcdz/.config/herdr/herdr.sock client_socket=/home/Ronaldcdz/.config/herdr/herdr-client.sock
2026-07-30T18:06:44.384725Z  INFO herdr::logging: herdr starting event="app.startup" subsystem="server" outcome="started" pid=3096
2026-07-30T18:06:44.602051Z  INFO herdr::server::headless: client connected client_id=2 cols=191 rows=46 cell_width_px=0 cell_height_px=0 render_encoding=SemanticFrame
2026-07-30T18:20:15.526270Z  INFO herdr::logging: tab focused event="tab.focus" subsystem="tab" outcome="ok" workspace_id="w6" tab_id="w6:tA"
2026-07-30T18:20:16.301419Z  INFO herdr::logging: tab focused event="tab.focus" subsystem="tab" outcome="ok" workspace_id="w6" tab_id="w6:tB"
2026-07-30T18:20:16.971387Z  INFO herdr::logging: tab focused event="tab.focus" subsystem="tab" outcome="ok" workspace_id="w6" tab_id="w6:t2"
2026-07-30T18:20:21.974451Z  INFO herdr::logging: session saved event="persist.save" subsystem="persist" outcome="ok" path=/home/Ronaldcdz/.config/herdr/session.json workspaces=4
2026-07-30T18:26:20.941718Z  INFO herdr::logging: tab focused event="tab.focus" subsystem="tab" outcome="ok" workspace_id="w6" tab_id="w6:tA"
2026-07-30T18:26:23.055967Z  INFO herdr::logging: tab focused event="tab.focus" subsystem="tab" outcome="ok" workspace_id="w6" tab_id="w6:t2"
2026-07-30T18:26:24.008772Z  INFO herdr::logging: tab focused event="tab.focus" subsystem="tab" outcome="ok" workspace_id="w6" tab_id="w6:tA"
2026-07-30T18:26:25.640770Z  INFO herdr::logging: tab focused event="tab.focus" subsystem="tab" outcome="ok" workspace_id="w6" tab_id="w6:t2"
2026-07-30T18:26:30.644922Z  INFO herdr::logging: session saved event="persist.save" subsystem="persist" outcome="ok" path=/home/Ronaldcdz/.config/herdr/session.json workspaces=4
2026-07-30T18:36:44.382452Z  INFO herdr::logging: checking for updates event="update.check.start" subsystem="update" outcome="started"
2026-07-30T18:39:42.877175Z  INFO herdr::logging: tab focused event="tab.focus" subsystem="tab" outcome="ok" workspace_id="w6" tab_id="w6:tB"
2026-07-30T18:39:44.052002Z  INFO herdr::logging: tab focused event="tab.focus" subsystem="tab" outcome="ok" workspace_id="w6" tab_id="w6:tA"
2026-07-30T18:39:49.054272Z  INFO herdr::logging: session saved event="persist.save" subsystem="persist" outcome="ok" path=/home/Ronaldcdz/.config/herdr/session.json workspaces=4
2026-07-30T18:39:54.285452Z  INFO herdr::logging: tab focused event="tab.focus" subsystem="tab" outcome="ok" workspace_id="w6" tab_id="w6:t2"
2026-07-30T18:39:59.288643Z  INFO herdr::logging: session saved event="persist.save" subsystem="persist" outcome="ok" path=/home/Ronaldcdz/.config/herdr/session.json workspaces=4
2026-07-30T18:56:10.020828Z  INFO herdr::logging: tab focused event="tab.focus" subsystem="tab" outcome="ok" workspace_id="w6" tab_id="w6:tB"
2026-07-30T18:56:11.701618Z  INFO herdr::logging: tab focused event="tab.focus" subsystem="tab" outcome="ok" workspace_id="w6" tab_id="w6:tA"
2026-07-30T18:56:12.530813Z  INFO herdr::logging: tab focused event="tab.focus" subsystem="tab" outcome="ok" workspace_id="w6" tab_id="w6:t2"
2026-07-30T18:56:17.535502Z  INFO herdr::logging: session saved event="persist.save" subsystem="persist" outcome="ok" path=/home/Ronaldcdz/.config/herdr/session.json workspaces=4
2026-07-30T19:05:50.034938Z  INFO herdr::logging: tab focused event="tab.focus" subsystem="tab" outcome="ok" workspace_id="w6" tab_id="w6:tA"
2026-07-30T19:05:55.039239Z  INFO herdr::logging: session saved event="persist.save" subsystem="persist" outcome="ok" path=/home/Ronaldcdz/.config/herdr/session.json workspaces=4
2026-07-30T19:05:55.733390Z  INFO herdr::logging: tab focused event="tab.focus" subsystem="tab" outcome="ok" workspace_id="w6" tab_id="w6:t2"
2026-07-30T19:06:00.738334Z  INFO herdr::logging: session saved event="persist.save" subsystem="persist" outcome="ok" path=/home/Ronaldcdz/.config/herdr/session.json workspaces=4
2026-07-30T19:06:44.383376Z  INFO herdr::logging: checking for updates event="update.check.start" subsystem="update" outcome="started"
2026-07-30T19:06:53.585639Z  INFO herdr::logging: tab focused event="tab.focus" subsystem="tab" outcome="ok" workspace_id="w6" tab_id="w6:tA"
2026-07-30T19:06:58.589888Z  INFO herdr::logging: session saved event="persist.save" subsystem="persist" outcome="ok" path=/home/Ronaldcdz/.config/herdr/session.json workspaces=4
2026-07-30T19:07:05.415559Z  INFO herdr::logging: tab focused event="tab.focus" subsystem="tab" outcome="ok" workspace_id="w6" tab_id="w6:t2"
2026-07-30T19:07:10.419825Z  INFO herdr::logging: session saved event="persist.save" subsystem="persist" outcome="ok" path=/home/Ronaldcdz/.config/herdr/session.json workspaces=4
2026-07-30T19:08:02.765961Z  INFO herdr::logging: tab focused event="tab.focus" subsystem="tab" outcome="ok" workspace_id="w6" tab_id="w6:tA"
2026-07-30T19:08:07.770253Z  INFO herdr::logging: session saved event="persist.save" subsystem="persist" outcome="ok" path=/home/Ronaldcdz/.config/herdr/session.json workspaces=4
2026-07-30T19:08:22.284025Z  INFO herdr::logging: tab focused event="tab.focus" subsystem="tab" outcome="ok" workspace_id="w6" tab_id="w6:t2"
2026-07-30T19:08:27.287755Z  INFO herdr::logging: session saved event="persist.save" subsystem="persist" outcome="ok" path=/home/Ronaldcdz/.config/herdr/session.json workspaces=4
2026-07-30T19:08:31.602281Z  INFO herdr::logging: tab focused event="tab.focus" subsystem="tab" outcome="ok" workspace_id="w6" tab_id="w6:tA"
2026-07-30T19:08:36.141143Z  INFO herdr::logging: tab focused event="tab.focus" subsystem="tab" outcome="ok" workspace_id="w6" tab_id="w6:t2"
2026-07-30T19:08:41.144729Z  INFO herdr::logging: session saved event="persist.save" subsystem="persist" outcome="ok" path=/home/Ronaldcdz/.config/herdr/session.json workspaces=4
2026-07-30T19:10:16.881992Z  INFO herdr::logging: tab focused event="tab.focus" subsystem="tab" outcome="ok" workspace_id="w6" tab_id="w6:tA"
2026-07-30T19:10:21.886324Z  INFO herdr::logging: session saved event="persist.save" subsystem="persist" outcome="ok" path=/home/Ronaldcdz/.config/herdr/session.json workspaces=4
2026-07-30T19:10:26.888749Z  INFO herdr::logging: tab focused event="tab.focus" subsystem="tab" outcome="ok" workspace_id="w6" tab_id="w6:t2"
2026-07-30T19:10:31.893439Z  INFO herdr::logging: session saved event="persist.save" subsystem="persist" outcome="ok" path=/home/Ronaldcdz/.config/herdr/session.json workspaces=4
2026-07-30T19:23:20.477736Z  INFO herdr::logging: tab focused event="tab.focus" subsystem="tab" outcome="ok" workspace_id="w6" tab_id="w6:tB"
2026-07-30T19:23:25.482226Z  INFO herdr::logging: session saved event="persist.save" subsystem="persist" outcome="ok" path=/home/Ronaldcdz/.config/herdr/session.json workspaces=4
2026-07-30T19:23:59.356631Z  INFO herdr::logging: tab focused event="tab.focus" subsystem="tab" outcome="ok" workspace_id="w6" tab_id="w6:t2"
2026-07-30T19:24:04.370543Z  INFO herdr::logging: session saved event="persist.save" subsystem="persist" outcome="ok" path=/home/Ronaldcdz/.config/herdr/session.json workspaces=4
2026-07-30T19:36:44.386207Z  INFO herdr::logging: checking for updates event="update.check.start" subsystem="update" outcome="started"
2026-07-30T20:06:44.386723Z  INFO herdr::logging: checking for updates event="update.check.start" subsystem="update" outcome="started"
2026-07-30T20:24:06.239267Z  INFO herdr::logging: tab focused event="tab.focus" subsystem="tab" outcome="ok" workspace_id="w6" tab_id="w6:tA"
2026-07-30T20:24:11.244802Z  INFO herdr::logging: session saved event="persist.save" subsystem="persist" outcome="ok" path=/home/Ronaldcdz/.config/herdr/session.json workspaces=4
2026-07-30T20:26:41.139201Z  INFO herdr::logging: tab focused event="tab.focus" subsystem="tab" outcome="ok" workspace_id="w6" tab_id="w6:t2"
2026-07-30T20:26:46.144799Z  INFO herdr::logging: session saved event="persist.save" subsystem="persist" outcome="ok" path=/home/Ronaldcdz/.config/herdr/session.json workspaces=4
2026-07-30T20:34:34.186253Z  INFO herdr::logging: tab focused event="tab.focus" subsystem="tab" outcome="ok" workspace_id="w6" tab_id="w6:tA"
2026-07-30T20:34:39.190906Z  INFO herdr::logging: session saved event="persist.save" subsystem="persist" outcome="ok" path=/home/Ronaldcdz/.config/herdr/session.json workspaces=4
2026-07-30T20:36:44.388406Z  INFO herdr::logging: checking for updates event="update.check.start" subsystem="update" outcome="started"
2026-07-30T20:43:09.048572Z  INFO herdr::logging: tab focused event="tab.focus" subsystem="tab" outcome="ok" workspace_id="w6" tab_id="w6:t2"
2026-07-30T20:43:14.053263Z  INFO herdr::logging: session saved event="persist.save" subsystem="persist" outcome="ok" path=/home/Ronaldcdz/.config/herdr/session.json workspaces=4
2026-07-30T20:45:23.764576Z  INFO herdr::logging: tab focused event="tab.focus" subsystem="tab" outcome="ok" workspace_id="w6" tab_id="w6:tA"
2026-07-30T20:45:28.781772Z  INFO herdr::logging: session saved event="persist.save" subsystem="persist" outcome="ok" path=/home/Ronaldcdz/.config/herdr/session.json workspaces=4
2026-07-30T20:45:52.916602Z  INFO herdr::logging: tab focused event="tab.focus" subsystem="tab" outcome="ok" workspace_id="w6" tab_id="w6:t2"
2026-07-30T20:45:54.827676Z  INFO herdr::logging: tab focused event="tab.focus" subsystem="tab" outcome="ok" workspace_id="w6" tab_id="w6:tA"
2026-07-30T20:45:56.251643Z  INFO herdr::logging: tab focused event="tab.focus" subsystem="tab" outcome="ok" workspace_id="w6" tab_id="w6:t2"
2026-07-30T20:45:56.929585Z  INFO herdr::logging: tab focused event="tab.focus" subsystem="tab" outcome="ok" workspace_id="w6" tab_id="w6:tA"
2026-07-30T20:46:01.500802Z  INFO herdr::logging: tab focused event="tab.focus" subsystem="tab" outcome="ok" workspace_id="w6" tab_id="w6:tB"
2026-07-30T20:46:02.480713Z  INFO herdr::logging: tab focused event="tab.focus" subsystem="tab" outcome="ok" workspace_id="w6" tab_id="w6:tA"
2026-07-30T20:46:03.766749Z  INFO herdr::logging: tab focused event="tab.focus" subsystem="tab" outcome="ok" workspace_id="w6" tab_id="w6:t2"
2026-07-30T20:46:08.770632Z  INFO herdr::logging: session saved event="persist.save" subsystem="persist" outcome="ok" path=/home/Ronaldcdz/.config/herdr/session.json workspaces=4
2026-07-30T20:46:13.869622Z  INFO herdr::logging: tab focused event="tab.focus" subsystem="tab" outcome="ok" workspace_id="w6" tab_id="w6:tA"
2026-07-30T20:46:18.874198Z  INFO herdr::logging: session saved event="persist.save" subsystem="persist" outcome="ok" path=/home/Ronaldcdz/.config/herdr/session.json workspaces=4
2026-07-30T20:51:19.732275Z  INFO herdr::server::headless: client resize client_id=2 cols=191 rows=47 cell_width_px=0 cell_height_px=0
2026-07-30T20:51:20.234285Z  INFO herdr::server::headless: client resize client_id=2 cols=191 rows=46 cell_width_px=0 cell_height_px=0
2026-07-30T23:14:04.365700Z  INFO herdr::server::headless: client resize client_id=2 cols=191 rows=47 cell_width_px=0 cell_height_px=0
2026-07-30T23:14:05.065631Z  INFO herdr::server::headless: client resize client_id=2 cols=191 rows=46 cell_width_px=0 cell_height_px=0
2026-07-30T23:17:31.702239Z  INFO herdr::server::headless: client disconnected client_id=2
2026-07-30T23:17:31.715033Z  INFO herdr::logging: pane child exited event="pane.exit" subsystem="pane" outcome="completed" pane_id=6 status="ExitStatus { code: 1, signal: None }"
2026-07-30T23:17:31.715640Z  INFO herdr::pane: pane session terminated pane=6 pid=3131 signal=Hangup
2026-07-30T23:17:31.729284Z  INFO herdr::logging: pane child exited event="pane.exit" subsystem="pane" outcome="completed" pane_id=5 status="ExitStatus { code: 1, signal: None }"
2026-07-30T23:17:31.731312Z  INFO herdr::pane: pane session terminated pane=5 pid=3125 signal=Hangup
2026-07-30T23:17:31.736378Z  INFO herdr::logging: pane child exited event="pane.exit" subsystem="pane" outcome="completed" pane_id=7 status="ExitStatus { code: 1, signal: None }"
2026-07-30T23:17:31.736824Z  INFO herdr::pane: pane session terminated pane=7 pid=3137 signal=Hangup
2026-07-30T23:22:50.535584Z  INFO herdr::api::server: api server listening path=/home/Ronaldcdz/.config/herdr/herdr.sock
2026-07-30T23:22:50.541442Z  INFO herdr::logging: spawning pane terminal event="pane.spawn.start" subsystem="pane" outcome="started" pane_id=1 rows=24 cols=80 scrollback_limit_bytes=10000000
2026-07-30T23:22:50.544642Z  INFO herdr::logging: pane child spawned event="pane.spawned" subsystem="pane" outcome="ok" pane_id=1 pid=3265
2026-07-30T23:22:50.547183Z  INFO herdr::logging: spawning pane terminal event="pane.spawn.start" subsystem="pane" outcome="started" pane_id=2 rows=24 cols=80 scrollback_limit_bytes=10000000
2026-07-30T23:22:50.550116Z  INFO herdr::logging: pane child spawned event="pane.spawned" subsystem="pane" outcome="ok" pane_id=2 pid=3268
2026-07-30T23:22:50.551240Z  INFO herdr::logging: spawning pane terminal event="pane.spawn.start" subsystem="pane" outcome="started" pane_id=3 rows=24 cols=80 scrollback_limit_bytes=10000000
2026-07-30T23:22:50.554880Z  INFO herdr::logging: pane child spawned event="pane.spawned" subsystem="pane" outcome="ok" pane_id=3 pid=3271
2026-07-30T23:22:50.557073Z  INFO herdr::logging: spawning pane terminal event="pane.spawn.start" subsystem="pane" outcome="started" pane_id=4 rows=24 cols=80 scrollback_limit_bytes=10000000
2026-07-30T23:22:50.560998Z  INFO herdr::logging: pane child spawned event="pane.spawned" subsystem="pane" outcome="ok" pane_id=4 pid=3276
2026-07-30T23:22:50.567667Z  INFO herdr::logging: spawning pane terminal event="pane.spawn.start" subsystem="pane" outcome="started" pane_id=5 rows=24 cols=80 scrollback_limit_bytes=10000000
2026-07-30T23:22:50.571360Z  INFO herdr::logging: pane child spawned event="pane.spawned" subsystem="pane" outcome="ok" pane_id=5 pid=3280
2026-07-30T23:22:50.572338Z  INFO herdr::logging: spawning pane terminal event="pane.spawn.start" subsystem="pane" outcome="started" pane_id=6 rows=24 cols=80 scrollback_limit_bytes=10000000
2026-07-30T23:22:50.575517Z  INFO herdr::logging: pane child spawned event="pane.spawned" subsystem="pane" outcome="ok" pane_id=6 pid=3284
2026-07-30T23:22:50.576470Z  INFO herdr::logging: spawning pane terminal event="pane.spawn.start" subsystem="pane" outcome="started" pane_id=7 rows=24 cols=80 scrollback_limit_bytes=10000000
2026-07-30T23:22:50.579730Z  INFO herdr::logging: pane child spawned event="pane.spawned" subsystem="pane" outcome="ok" pane_id=7 pid=3287
2026-07-30T23:22:50.582629Z  INFO herdr::logging: session restore evaluated event="persist.restore" subsystem="persist" outcome="ok" workspaces=4
2026-07-30T23:22:50.582734Z  INFO herdr::app: using pane scrollback configuration pane_scrollback_limit_bytes=10000000
2026-07-30T23:22:50.880352Z  INFO herdr::logging: checking for updates event="update.check.start" subsystem="update" outcome="started"
2026-07-30T23:22:50.884838Z  INFO herdr::server::headless: restored session already has workspaces; ignoring startup cwd cwd=/home/Ronaldcdz
2026-07-30T23:22:50.885013Z  INFO herdr::server::headless: client protocol socket listening path=/home/Ronaldcdz/.config/herdr/herdr-client.sock
2026-07-30T23:22:50.885057Z  INFO herdr::server::headless: herdr server started api_socket=/home/Ronaldcdz/.config/herdr/herdr.sock client_socket=/home/Ronaldcdz/.config/herdr/herdr-client.sock
2026-07-30T23:22:50.885335Z  INFO herdr::logging: herdr starting event="app.startup" subsystem="server" outcome="started" pid=3251
2026-07-30T23:22:51.099744Z  INFO herdr::server::headless: client connected client_id=2 cols=191 rows=46 cell_width_px=0 cell_height_px=0 render_encoding=SemanticFrame
2026-07-30T23:52:50.881596Z  INFO herdr::logging: checking for updates event="update.check.start" subsystem="update" outcome="started"
2026-07-31T00:22:50.882909Z  INFO herdr::logging: checking for updates event="update.check.start" subsystem="update" outcome="started"
2026-07-31T00:52:50.883700Z  INFO herdr::logging: checking for updates event="update.check.start" subsystem="update" outcome="started"
2026-07-31T01:22:50.884425Z  INFO herdr::logging: checking for updates event="update.check.start" subsystem="update" outcome="started"
2026-07-31T01:52:50.886159Z  INFO herdr::logging: checking for updates event="update.check.start" subsystem="update" outcome="started"
2026-07-31T02:22:50.888093Z  INFO herdr::logging: checking for updates event="update.check.start" subsystem="update" outcome="started"
2026-07-31T02:32:46.411903Z  INFO herdr::server::headless: client resize client_id=2 cols=191 rows=47 cell_width_px=0 cell_height_px=0
2026-07-31T02:32:46.713250Z  INFO herdr::server::headless: client resize client_id=2 cols=191 rows=46 cell_width_px=0 cell_height_px=0
2026-07-31T12:00:25.492501Z  INFO herdr::logging: pane child exited event="pane.exit" subsystem="pane" outcome="completed" pane_id=3 status="ExitStatus { code: 1, signal: None }"
2026-07-31T12:00:25.492668Z  INFO herdr::logging: pane child exited event="pane.exit" subsystem="pane" outcome="completed" pane_id=6 status="ExitStatus { code: 1, signal: None }"
2026-07-31T12:00:25.493398Z  INFO herdr::pane: pane session terminated pane=3 pid=3271 signal=Hangup
2026-07-31T12:00:25.493686Z  INFO herdr::pane: pane session terminated pane=6 pid=3284 signal=Hangup
2026-07-31T12:00:25.499762Z  INFO herdr::logging: pane child exited event="pane.exit" subsystem="pane" outcome="completed" pane_id=5 status="ExitStatus { code: 1, signal: None }"
2026-07-31T12:00:25.503888Z  INFO herdr::logging: pane child exited event="pane.exit" subsystem="pane" outcome="completed" pane_id=7 status="ExitStatus { code: 1, signal: None }"
2026-07-31T12:00:25.537529Z  INFO herdr::pane: pane session terminated pane=5 pid=3280 signal=Hangup
2026-07-31T12:00:25.537639Z  INFO herdr::logging: pane child exited event="pane.exit" subsystem="pane" outcome="completed" pane_id=4 status="ExitStatus { code: 1, signal: None }"
2026-07-31T12:00:25.537820Z  INFO herdr::pane: pane session terminated pane=7 pid=3287 signal=Hangup
2026-07-31T12:00:25.538033Z  INFO herdr::pane: pane session terminated pane=4 pid=3276 signal=Hangup
2026-07-31T12:00:25.540795Z  INFO herdr::server::headless: client disconnected client_id=2
2026-07-31T12:03:43.647841Z  INFO herdr::api::server: api server listening path=/home/Ronaldcdz/.config/herdr/herdr.sock
2026-07-31T12:03:43.653576Z  INFO herdr::logging: spawning pane terminal event="pane.spawn.start" subsystem="pane" outcome="started" pane_id=1 rows=24 cols=80 scrollback_limit_bytes=10000000
2026-07-31T12:03:43.656632Z  INFO herdr::logging: pane child spawned event="pane.spawned" subsystem="pane" outcome="ok" pane_id=1 pid=3142
2026-07-31T12:03:43.659283Z  INFO herdr::logging: spawning pane terminal event="pane.spawn.start" subsystem="pane" outcome="started" pane_id=2 rows=24 cols=80 scrollback_limit_bytes=10000000
2026-07-31T12:03:43.662320Z  INFO herdr::logging: pane child spawned event="pane.spawned" subsystem="pane" outcome="ok" pane_id=2 pid=3145
2026-07-31T12:03:43.663439Z  INFO herdr::logging: spawning pane terminal event="pane.spawn.start" subsystem="pane" outcome="started" pane_id=3 rows=24 cols=80 scrollback_limit_bytes=10000000
2026-07-31T12:03:43.667071Z  INFO herdr::logging: pane child spawned event="pane.spawned" subsystem="pane" outcome="ok" pane_id=3 pid=3148
2026-07-31T12:03:43.669382Z  INFO herdr::logging: spawning pane terminal event="pane.spawn.start" subsystem="pane" outcome="started" pane_id=4 rows=24 cols=80 scrollback_limit_bytes=10000000
2026-07-31T12:03:43.672808Z  INFO herdr::logging: pane child spawned event="pane.spawned" subsystem="pane" outcome="ok" pane_id=4 pid=3152
2026-07-31T12:03:43.676231Z  INFO herdr::logging: spawning pane terminal event="pane.spawn.start" subsystem="pane" outcome="started" pane_id=5 rows=24 cols=80 scrollback_limit_bytes=10000000
2026-07-31T12:03:43.681623Z  INFO herdr::logging: pane child spawned event="pane.spawned" subsystem="pane" outcome="ok" pane_id=5 pid=3156
2026-07-31T12:03:43.682649Z  INFO herdr::logging: spawning pane terminal event="pane.spawn.start" subsystem="pane" outcome="started" pane_id=6 rows=24 cols=80 scrollback_limit_bytes=10000000
2026-07-31T12:03:43.686592Z  INFO herdr::logging: pane child spawned event="pane.spawned" subsystem="pane" outcome="ok" pane_id=6 pid=3160
2026-07-31T12:03:43.687622Z  INFO herdr::logging: spawning pane terminal event="pane.spawn.start" subsystem="pane" outcome="started" pane_id=7 rows=24 cols=80 scrollback_limit_bytes=10000000
2026-07-31T12:03:43.690901Z  INFO herdr::logging: pane child spawned event="pane.spawned" subsystem="pane" outcome="ok" pane_id=7 pid=3163
2026-07-31T12:03:43.694017Z  INFO herdr::logging: session restore evaluated event="persist.restore" subsystem="persist" outcome="ok" workspaces=4
2026-07-31T12:03:43.694112Z  INFO herdr::app: using pane scrollback configuration pane_scrollback_limit_bytes=10000000
2026-07-31T12:03:43.980892Z  INFO herdr::logging: checking for updates event="update.check.start" subsystem="update" outcome="started"
2026-07-31T12:03:43.984986Z  INFO herdr::server::headless: restored session already has workspaces; ignoring startup cwd cwd=/home/Ronaldcdz
2026-07-31T12:03:43.985235Z  INFO herdr::server::headless: client protocol socket listening path=/home/Ronaldcdz/.config/herdr/herdr-client.sock
2026-07-31T12:03:43.985291Z  INFO herdr::server::headless: herdr server started api_socket=/home/Ronaldcdz/.config/herdr/herdr.sock client_socket=/home/Ronaldcdz/.config/herdr/herdr-client.sock
2026-07-31T12:03:43.985664Z  INFO herdr::logging: herdr starting event="app.startup" subsystem="server" outcome="started" pid=3128
2026-07-31T12:03:44.212883Z  INFO herdr::server::headless: client connected client_id=2 cols=191 rows=46 cell_width_px=0 cell_height_px=0 render_encoding=SemanticFrame
2026-07-31T12:30:10.551159Z  INFO herdr::server::headless: client resize client_id=2 cols=191 rows=47 cell_width_px=0 cell_height_px=0
2026-07-31T12:30:11.051764Z  INFO herdr::server::headless: client resize client_id=2 cols=191 rows=46 cell_width_px=0 cell_height_px=0
2026-07-31T12:30:52.119243Z  INFO herdr::server::headless: client resize client_id=2 cols=191 rows=47 cell_width_px=0 cell_height_px=0
2026-07-31T12:30:54.221707Z  INFO herdr::server::headless: client resize client_id=2 cols=191 rows=46 cell_width_px=0 cell_height_px=0
2026-07-31T12:33:43.981578Z  INFO herdr::logging: checking for updates event="update.check.start" subsystem="update" outcome="started"
2026-07-31T12:37:26.090408Z  INFO herdr::logging: spawning pane terminal event="pane.spawn.start" subsystem="pane" outcome="started" pane_id=8 rows=45 cols=170 scrollback_limit_bytes=10000000
2026-07-31T12:37:26.095387Z  INFO herdr::logging: pane child spawned event="pane.spawned" subsystem="pane" outcome="ok" pane_id=8 pid=16503
2026-07-31T12:37:26.096167Z  INFO herdr::logging: tab focused event="tab.focus" subsystem="tab" outcome="ok" workspace_id="w6" tab_id="w6:tC"
2026-07-31T12:37:31.101267Z  INFO herdr::logging: session saved event="persist.save" subsystem="persist" outcome="ok" path=/home/Ronaldcdz/.config/herdr/session.json workspaces=4
2026-07-31T13:03:43.982909Z  INFO herdr::logging: checking for updates event="update.check.start" subsystem="update" outcome="started"
2026-07-31T13:33:43.982981Z  INFO herdr::logging: checking for updates event="update.check.start" subsystem="update" outcome="started"
2026-07-31T14:03:43.984267Z  INFO herdr::logging: checking for updates event="update.check.start" subsystem="update" outcome="started"
2026-07-31T14:28:47.161382Z  INFO herdr::logging: pane child exited event="pane.exit" subsystem="pane" outcome="completed" pane_id=3 status="ExitStatus { code: 1, signal: None }"
2026-07-31T14:28:47.182462Z  INFO herdr::logging: pane child exited event="pane.exit" subsystem="pane" outcome="completed" pane_id=6 status="ExitStatus { code: 1, signal: None }"
2026-07-31T14:28:47.190266Z  INFO herdr::logging: pane child exited event="pane.exit" subsystem="pane" outcome="completed" pane_id=4 status="ExitStatus { code: 1, signal: None }"
2026-07-31T14:28:47.192344Z  INFO herdr::pane: pane session terminated pane=3 pid=3148 signal=Hangup
2026-07-31T14:28:47.200780Z  INFO herdr::pane: pane session terminated pane=6 pid=3160 signal=Hangup
2026-07-31T14:28:47.201085Z  INFO herdr::pane: pane session terminated pane=4 pid=3152 signal=Hangup
2026-07-31T14:28:47.212913Z  INFO herdr::logging: pane child exited event="pane.exit" subsystem="pane" outcome="completed" pane_id=7 status="ExitStatus { code: 1, signal: None }"
2026-07-31T14:28:47.213209Z  INFO herdr::logging: pane child exited event="pane.exit" subsystem="pane" outcome="completed" pane_id=5 status="ExitStatus { code: 1, signal: None }"
2026-07-31T14:28:47.295297Z  INFO herdr::server::headless: client disconnected client_id=2
2026-07-31T14:28:47.299475Z  INFO herdr::pane: pane session terminated pane=7 pid=3163 signal=Hangup
2026-07-31T14:28:47.299643Z  INFO herdr::pane: pane session terminated pane=5 pid=3156 signal=Hangup
2026-07-31T14:31:21.401549Z  INFO herdr::api::server: api server listening path=/home/Ronaldcdz/.config/herdr/herdr.sock
2026-07-31T14:31:21.407661Z  INFO herdr::logging: spawning pane terminal event="pane.spawn.start" subsystem="pane" outcome="started" pane_id=1 rows=24 cols=80 scrollback_limit_bytes=10000000
2026-07-31T14:31:21.411376Z  INFO herdr::logging: pane child spawned event="pane.spawned" subsystem="pane" outcome="ok" pane_id=1 pid=2835
2026-07-31T14:31:21.414275Z  INFO herdr::logging: spawning pane terminal event="pane.spawn.start" subsystem="pane" outcome="started" pane_id=2 rows=24 cols=80 scrollback_limit_bytes=10000000
2026-07-31T14:31:21.417719Z  INFO herdr::logging: pane child spawned event="pane.spawned" subsystem="pane" outcome="ok" pane_id=2 pid=2838
2026-07-31T14:31:21.418823Z  INFO herdr::logging: spawning pane terminal event="pane.spawn.start" subsystem="pane" outcome="started" pane_id=3 rows=24 cols=80 scrollback_limit_bytes=10000000
2026-07-31T14:31:21.422263Z  INFO herdr::logging: pane child spawned event="pane.spawned" subsystem="pane" outcome="ok" pane_id=3 pid=2841
2026-07-31T14:31:21.424435Z  INFO herdr::logging: spawning pane terminal event="pane.spawn.start" subsystem="pane" outcome="started" pane_id=4 rows=24 cols=80 scrollback_limit_bytes=10000000
2026-07-31T14:31:21.427804Z  INFO herdr::logging: pane child spawned event="pane.spawned" subsystem="pane" outcome="ok" pane_id=4 pid=2846
2026-07-31T14:31:21.431442Z  INFO herdr::logging: spawning pane terminal event="pane.spawn.start" subsystem="pane" outcome="started" pane_id=5 rows=24 cols=80 scrollback_limit_bytes=10000000
2026-07-31T14:31:21.438159Z  INFO herdr::logging: pane child spawned event="pane.spawned" subsystem="pane" outcome="ok" pane_id=5 pid=2850
2026-07-31T14:31:21.439329Z  INFO herdr::logging: spawning pane terminal event="pane.spawn.start" subsystem="pane" outcome="started" pane_id=6 rows=24 cols=80 scrollback_limit_bytes=10000000
2026-07-31T14:31:21.443683Z  INFO herdr::logging: pane child spawned event="pane.spawned" subsystem="pane" outcome="ok" pane_id=6 pid=2855
2026-07-31T14:31:21.444624Z  INFO herdr::logging: spawning pane terminal event="pane.spawn.start" subsystem="pane" outcome="started" pane_id=7 rows=24 cols=80 scrollback_limit_bytes=10000000
2026-07-31T14:31:21.448369Z  INFO herdr::logging: pane child spawned event="pane.spawned" subsystem="pane" outcome="ok" pane_id=7 pid=2861
2026-07-31T14:31:21.449455Z  INFO herdr::logging: spawning pane terminal event="pane.spawn.start" subsystem="pane" outcome="started" pane_id=8 rows=24 cols=80 scrollback_limit_bytes=10000000
2026-07-31T14:31:21.455630Z  INFO herdr::logging: pane child spawned event="pane.spawned" subsystem="pane" outcome="ok" pane_id=8 pid=2866
2026-07-31T14:31:21.460045Z  INFO herdr::logging: session restore evaluated event="persist.restore" subsystem="persist" outcome="ok" workspaces=4
2026-07-31T14:31:21.460163Z  INFO herdr::app: using pane scrollback configuration pane_scrollback_limit_bytes=10000000
2026-07-31T14:31:21.730844Z  INFO herdr::logging: checking for updates event="update.check.start" subsystem="update" outcome="started"
2026-07-31T14:31:21.734802Z  INFO herdr::server::headless: restored session already has workspaces; ignoring startup cwd cwd=/home/Ronaldcdz
2026-07-31T14:31:21.735068Z  INFO herdr::server::headless: client protocol socket listening path=/home/Ronaldcdz/.config/herdr/herdr-client.sock
2026-07-31T14:31:21.735119Z  INFO herdr::server::headless: herdr server started api_socket=/home/Ronaldcdz/.config/herdr/herdr.sock client_socket=/home/Ronaldcdz/.config/herdr/herdr-client.sock
2026-07-31T14:31:21.735480Z  INFO herdr::logging: herdr starting event="app.startup" subsystem="server" outcome="started" pid=2821
2026-07-31T14:31:21.969236Z  INFO herdr::server::headless: client connected client_id=2 cols=191 rows=46 cell_width_px=0 cell_height_px=0 render_encoding=SemanticFrame
2026-07-31T14:32:37.078534Z  INFO herdr::logging: pane child exited event="pane.exit" subsystem="pane" outcome="completed" pane_id=8 status="ExitStatus { code: 1, signal: None }"
2026-07-31T14:32:37.079750Z  INFO herdr::pane: pane session terminated pane=8 pid=2866 signal=Hangup
2026-07-31T14:32:37.081050Z  INFO herdr::logging: pane child exited event="pane.exit" subsystem="pane" outcome="completed" pane_id=5 status="ExitStatus { code: 1, signal: None }"
2026-07-31T14:32:37.093301Z  INFO herdr::logging: pane child exited event="pane.exit" subsystem="pane" outcome="completed" pane_id=6 status="ExitStatus { code: 1, signal: None }"
2026-07-31T14:32:37.096105Z  INFO herdr::logging: pane child exited event="pane.exit" subsystem="pane" outcome="completed" pane_id=4 status="ExitStatus { code: 1, signal: None }"
2026-07-31T14:32:37.102527Z  INFO herdr::logging: pane child exited event="pane.exit" subsystem="pane" outcome="completed" pane_id=7 status="ExitStatus { code: 1, signal: None }"
2026-07-31T14:32:37.112114Z  INFO herdr::pane: pane session terminated pane=5 pid=2850 signal=Hangup
2026-07-31T14:32:37.112501Z  INFO herdr::pane: pane session terminated pane=6 pid=2855 signal=Hangup
2026-07-31T14:32:37.113044Z  INFO herdr::pane: pane session terminated pane=4 pid=2846 signal=Hangup
2026-07-31T14:32:37.113247Z  INFO herdr::pane: pane session terminated pane=7 pid=2861 signal=Hangup
2026-07-31T14:32:37.113637Z  INFO herdr::server::headless: client disconnected client_id=2
2026-07-31T14:38:05.125567Z  INFO herdr::api::server: api server listening path=/home/Ronaldcdz/.config/herdr/herdr.sock
2026-07-31T14:38:05.132878Z  INFO herdr::logging: spawning pane terminal event="pane.spawn.start" subsystem="pane" outcome="started" pane_id=1 rows=24 cols=80 scrollback_limit_bytes=10000000
2026-07-31T14:38:05.136260Z  INFO herdr::logging: pane child spawned event="pane.spawned" subsystem="pane" outcome="ok" pane_id=1 pid=4240
2026-07-31T14:38:05.138545Z  INFO herdr::logging: spawning pane terminal event="pane.spawn.start" subsystem="pane" outcome="started" pane_id=2 rows=24 cols=80 scrollback_limit_bytes=10000000
2026-07-31T14:38:05.141272Z  INFO herdr::logging: pane child spawned event="pane.spawned" subsystem="pane" outcome="ok" pane_id=2 pid=4243
2026-07-31T14:38:05.142144Z  INFO herdr::logging: spawning pane terminal event="pane.spawn.start" subsystem="pane" outcome="started" pane_id=3 rows=24 cols=80 scrollback_limit_bytes=10000000
2026-07-31T14:38:05.145319Z  INFO herdr::logging: pane child spawned event="pane.spawned" subsystem="pane" outcome="ok" pane_id=3 pid=4246
2026-07-31T14:38:05.147451Z  INFO herdr::logging: spawning pane terminal event="pane.spawn.start" subsystem="pane" outcome="started" pane_id=4 rows=24 cols=80 scrollback_limit_bytes=10000000
2026-07-31T14:38:05.151108Z  INFO herdr::logging: pane child spawned event="pane.spawned" subsystem="pane" outcome="ok" pane_id=4 pid=4251
2026-07-31T14:38:05.154969Z  INFO herdr::logging: spawning pane terminal event="pane.spawn.start" subsystem="pane" outcome="started" pane_id=5 rows=24 cols=80 scrollback_limit_bytes=10000000
2026-07-31T14:38:05.158066Z  INFO herdr::logging: pane child spawned event="pane.spawned" subsystem="pane" outcome="ok" pane_id=5 pid=4255
2026-07-31T14:38:05.159162Z  INFO herdr::logging: spawning pane terminal event="pane.spawn.start" subsystem="pane" outcome="started" pane_id=6 rows=24 cols=80 scrollback_limit_bytes=10000000
2026-07-31T14:38:05.163346Z  INFO herdr::logging: pane child spawned event="pane.spawned" subsystem="pane" outcome="ok" pane_id=6 pid=4259
2026-07-31T14:38:05.164389Z  INFO herdr::logging: spawning pane terminal event="pane.spawn.start" subsystem="pane" outcome="started" pane_id=7 rows=24 cols=80 scrollback_limit_bytes=10000000
2026-07-31T14:38:05.168684Z  INFO herdr::logging: pane child spawned event="pane.spawned" subsystem="pane" outcome="ok" pane_id=7 pid=4263
2026-07-31T14:38:05.169778Z  INFO herdr::logging: spawning pane terminal event="pane.spawn.start" subsystem="pane" outcome="started" pane_id=8 rows=24 cols=80 scrollback_limit_bytes=10000000
2026-07-31T14:38:05.175480Z  INFO herdr::logging: pane child spawned event="pane.spawned" subsystem="pane" outcome="ok" pane_id=8 pid=4267
2026-07-31T14:38:05.178835Z  INFO herdr::logging: session restore evaluated event="persist.restore" subsystem="persist" outcome="ok" workspaces=4
2026-07-31T14:38:05.178949Z  INFO herdr::app: using pane scrollback configuration pane_scrollback_limit_bytes=10000000
2026-07-31T14:38:05.451550Z  INFO herdr::logging: checking for updates event="update.check.start" subsystem="update" outcome="started"
2026-07-31T14:38:05.454646Z  INFO herdr::server::headless: restored session already has workspaces; ignoring startup cwd cwd=/home/Ronaldcdz
2026-07-31T14:38:05.454835Z  INFO herdr::server::headless: client protocol socket listening path=/home/Ronaldcdz/.config/herdr/herdr-client.sock
2026-07-31T14:38:05.454879Z  INFO herdr::server::headless: herdr server started api_socket=/home/Ronaldcdz/.config/herdr/herdr.sock client_socket=/home/Ronaldcdz/.config/herdr/herdr-client.sock
2026-07-31T14:38:05.455166Z  INFO herdr::logging: herdr starting event="app.startup" subsystem="server" outcome="started" pid=4226
2026-07-31T14:38:05.692601Z  INFO herdr::server::headless: client connected client_id=2 cols=191 rows=46 cell_width_px=0 cell_height_px=0 render_encoding=SemanticFrame
2026-07-31T14:48:06.871372Z  INFO herdr::logging: pane child exited event="pane.exit" subsystem="pane" outcome="completed" pane_id=8 status="ExitStatus { code: 1, signal: None }"
2026-07-31T14:48:06.880148Z  INFO herdr::pane: pane session terminated pane=8 pid=4267 signal=Hangup
2026-07-31T14:48:06.880749Z  INFO herdr::server::headless: client disconnected client_id=2
2026-07-31T14:48:06.885383Z  INFO herdr::logging: pane child exited event="pane.exit" subsystem="pane" outcome="completed" pane_id=6 status="ExitStatus { code: 1, signal: None }"
2026-07-31T14:48:06.893049Z  INFO herdr::logging: pane child exited event="pane.exit" subsystem="pane" outcome="completed" pane_id=7 status="ExitStatus { code: 1, signal: None }"
2026-07-31T14:48:06.900283Z  INFO herdr::pane: pane session terminated pane=6 pid=4259 signal=Hangup
2026-07-31T14:48:06.900542Z  INFO herdr::pane: pane session terminated pane=7 pid=4263 signal=Hangup
2026-07-31T14:48:06.902043Z  INFO herdr::logging: pane child exited event="pane.exit" subsystem="pane" outcome="completed" pane_id=5 status="ExitStatus { code: 1, signal: None }"
2026-07-31T14:48:06.902500Z  INFO herdr::pane: pane session terminated pane=5 pid=4255 signal=Hangup
2026-07-31T14:51:36.901404Z  INFO herdr::api::server: api server listening path=/home/Ronaldcdz/.config/herdr/herdr.sock
2026-07-31T14:51:36.908887Z  INFO herdr::logging: spawning pane terminal event="pane.spawn.start" subsystem="pane" outcome="started" pane_id=1 rows=24 cols=80 scrollback_limit_bytes=10000000
2026-07-31T14:51:36.911819Z  INFO herdr::logging: pane child spawned event="pane.spawned" subsystem="pane" outcome="ok" pane_id=1 pid=2964
2026-07-31T14:51:36.914490Z  INFO herdr::logging: spawning pane terminal event="pane.spawn.start" subsystem="pane" outcome="started" pane_id=2 rows=24 cols=80 scrollback_limit_bytes=10000000
2026-07-31T14:51:36.918032Z  INFO herdr::logging: pane child spawned event="pane.spawned" subsystem="pane" outcome="ok" pane_id=2 pid=2967
2026-07-31T14:51:36.919213Z  INFO herdr::logging: spawning pane terminal event="pane.spawn.start" subsystem="pane" outcome="started" pane_id=3 rows=24 cols=80 scrollback_limit_bytes=10000000
2026-07-31T14:51:36.923006Z  INFO herdr::logging: pane child spawned event="pane.spawned" subsystem="pane" outcome="ok" pane_id=3 pid=2971
2026-07-31T14:51:36.925272Z  INFO herdr::logging: spawning pane terminal event="pane.spawn.start" subsystem="pane" outcome="started" pane_id=4 rows=24 cols=80 scrollback_limit_bytes=10000000
2026-07-31T14:51:36.929434Z  INFO herdr::logging: pane child spawned event="pane.spawned" subsystem="pane" outcome="ok" pane_id=4 pid=2974
2026-07-31T14:51:36.933652Z  INFO herdr::logging: spawning pane terminal event="pane.spawn.start" subsystem="pane" outcome="started" pane_id=5 rows=24 cols=80 scrollback_limit_bytes=10000000
2026-07-31T14:51:36.936630Z  INFO herdr::logging: pane child spawned event="pane.spawned" subsystem="pane" outcome="ok" pane_id=5 pid=2979
2026-07-31T14:51:36.937609Z  INFO herdr::logging: spawning pane terminal event="pane.spawn.start" subsystem="pane" outcome="started" pane_id=6 rows=24 cols=80 scrollback_limit_bytes=10000000
2026-07-31T14:51:36.941802Z  INFO herdr::logging: pane child spawned event="pane.spawned" subsystem="pane" outcome="ok" pane_id=6 pid=2983
2026-07-31T14:51:36.942986Z  INFO herdr::logging: spawning pane terminal event="pane.spawn.start" subsystem="pane" outcome="started" pane_id=7 rows=24 cols=80 scrollback_limit_bytes=10000000
2026-07-31T14:51:36.947186Z  INFO herdr::logging: pane child spawned event="pane.spawned" subsystem="pane" outcome="ok" pane_id=7 pid=2987
2026-07-31T14:51:36.948137Z  INFO herdr::logging: spawning pane terminal event="pane.spawn.start" subsystem="pane" outcome="started" pane_id=8 rows=24 cols=80 scrollback_limit_bytes=10000000
2026-07-31T14:51:36.952930Z  INFO herdr::logging: pane child spawned event="pane.spawned" subsystem="pane" outcome="ok" pane_id=8 pid=2993
2026-07-31T14:51:36.956270Z  INFO herdr::logging: session restore evaluated event="persist.restore" subsystem="persist" outcome="ok" workspaces=4
2026-07-31T14:51:36.956412Z  INFO herdr::app: using pane scrollback configuration pane_scrollback_limit_bytes=10000000
2026-07-31T14:51:37.247073Z  INFO herdr::logging: checking for updates event="update.check.start" subsystem="update" outcome="started"
2026-07-31T14:51:37.250942Z  INFO herdr::server::headless: restored session already has workspaces; ignoring startup cwd cwd=/home/Ronaldcdz
2026-07-31T14:51:37.251139Z  INFO herdr::server::headless: client protocol socket listening path=/home/Ronaldcdz/.config/herdr/herdr-client.sock
2026-07-31T14:51:37.251188Z  INFO herdr::server::headless: herdr server started api_socket=/home/Ronaldcdz/.config/herdr/herdr.sock client_socket=/home/Ronaldcdz/.config/herdr/herdr-client.sock
2026-07-31T14:51:37.251490Z  INFO herdr::logging: herdr starting event="app.startup" subsystem="server" outcome="started" pid=2950
2026-07-31T14:51:37.466858Z  INFO herdr::server::headless: client connected client_id=2 cols=191 rows=46 cell_width_px=0 cell_height_px=0 render_encoding=SemanticFrame
2026-07-31T15:01:15.161866Z  INFO herdr::logging: pane child exited event="pane.exit" subsystem="pane" outcome="completed" pane_id=5 status="ExitStatus { code: 1, signal: None }"
2026-07-31T15:01:15.162672Z  INFO herdr::pane: pane session terminated pane=5 pid=2979 signal=Hangup
2026-07-31T15:01:15.172789Z  INFO herdr::logging: pane child exited event="pane.exit" subsystem="pane" outcome="completed" pane_id=8 status="ExitStatus { code: 1, signal: None }"
2026-07-31T15:01:15.175688Z  INFO herdr::logging: pane child exited event="pane.exit" subsystem="pane" outcome="completed" pane_id=6 status="ExitStatus { code: 1, signal: None }"
2026-07-31T15:01:15.177015Z  INFO herdr::logging: pane child exited event="pane.exit" subsystem="pane" outcome="completed" pane_id=3 status="ExitStatus { code: 1, signal: None }"
2026-07-31T15:01:15.185016Z  INFO herdr::logging: pane child exited event="pane.exit" subsystem="pane" outcome="completed" pane_id=4 status="ExitStatus { code: 1, signal: None }"
2026-07-31T15:01:15.190756Z  INFO herdr::logging: pane child exited event="pane.exit" subsystem="pane" outcome="completed" pane_id=2 status="ExitStatus { code: 1, signal: None }"
2026-07-31T15:01:15.196784Z  INFO herdr::pane: pane session terminated pane=8 pid=2993 signal=Hangup
2026-07-31T15:01:15.197041Z  INFO herdr::pane: pane session terminated pane=6 pid=2983 signal=Hangup
2026-07-31T15:01:15.198310Z  INFO herdr::pane: pane session terminated pane=3 pid=2971 signal=Hangup
2026-07-31T15:01:15.199108Z  INFO herdr::pane: pane session terminated pane=4 pid=2974 signal=Hangup
2026-07-31T15:01:15.200068Z  INFO herdr::pane: pane session terminated pane=2 pid=2967 signal=Hangup
2026-07-31T15:01:15.201196Z  INFO herdr::server::headless: client disconnected client_id=2
2026-07-31T15:01:15.217096Z  INFO herdr::logging: pane child exited event="pane.exit" subsystem="pane" outcome="completed" pane_id=7 status="ExitStatus { code: 1, signal: None }"
2026-07-31T15:01:15.217525Z  INFO herdr::pane: pane session terminated pane=7 pid=2987 signal=Hangup
2026-07-31T15:36:03.119555Z  INFO herdr::api::server: api server listening path=/home/Ronaldcdz/.config/herdr/herdr.sock
2026-07-31T15:36:03.125961Z  INFO herdr::logging: spawning pane terminal event="pane.spawn.start" subsystem="pane" outcome="started" pane_id=1 rows=24 cols=80 scrollback_limit_bytes=10000000
2026-07-31T15:36:03.129176Z  INFO herdr::logging: pane child spawned event="pane.spawned" subsystem="pane" outcome="ok" pane_id=1 pid=3117
2026-07-31T15:36:03.131604Z  INFO herdr::logging: spawning pane terminal event="pane.spawn.start" subsystem="pane" outcome="started" pane_id=2 rows=24 cols=80 scrollback_limit_bytes=10000000
2026-07-31T15:36:03.134699Z  INFO herdr::logging: pane child spawned event="pane.spawned" subsystem="pane" outcome="ok" pane_id=2 pid=3120
2026-07-31T15:36:03.135812Z  INFO herdr::logging: spawning pane terminal event="pane.spawn.start" subsystem="pane" outcome="started" pane_id=3 rows=24 cols=80 scrollback_limit_bytes=10000000
2026-07-31T15:36:03.139874Z  INFO herdr::logging: pane child spawned event="pane.spawned" subsystem="pane" outcome="ok" pane_id=3 pid=3124
2026-07-31T15:36:03.142317Z  INFO herdr::logging: spawning pane terminal event="pane.spawn.start" subsystem="pane" outcome="started" pane_id=4 rows=24 cols=80 scrollback_limit_bytes=10000000
2026-07-31T15:36:03.149807Z  INFO herdr::logging: pane child spawned event="pane.spawned" subsystem="pane" outcome="ok" pane_id=4 pid=3128
2026-07-31T15:36:03.153930Z  INFO herdr::logging: spawning pane terminal event="pane.spawn.start" subsystem="pane" outcome="started" pane_id=5 rows=24 cols=80 scrollback_limit_bytes=10000000
2026-07-31T15:36:03.158334Z  INFO herdr::logging: pane child spawned event="pane.spawned" subsystem="pane" outcome="ok" pane_id=5 pid=3132
2026-07-31T15:36:03.159457Z  INFO herdr::logging: spawning pane terminal event="pane.spawn.start" subsystem="pane" outcome="started" pane_id=6 rows=24 cols=80 scrollback_limit_bytes=10000000
2026-07-31T15:36:03.163871Z  INFO herdr::logging: pane child spawned event="pane.spawned" subsystem="pane" outcome="ok" pane_id=6 pid=3138
2026-07-31T15:36:03.164928Z  INFO herdr::logging: spawning pane terminal event="pane.spawn.start" subsystem="pane" outcome="started" pane_id=7 rows=24 cols=80 scrollback_limit_bytes=10000000
2026-07-31T15:36:03.169489Z  INFO herdr::logging: pane child spawned event="pane.spawned" subsystem="pane" outcome="ok" pane_id=7 pid=3143
2026-07-31T15:36:03.170746Z  INFO herdr::logging: spawning pane terminal event="pane.spawn.start" subsystem="pane" outcome="started" pane_id=8 rows=24 cols=80 scrollback_limit_bytes=10000000
2026-07-31T15:36:03.176207Z  INFO herdr::logging: pane child spawned event="pane.spawned" subsystem="pane" outcome="ok" pane_id=8 pid=3149
2026-07-31T15:36:03.179684Z  INFO herdr::logging: session restore evaluated event="persist.restore" subsystem="persist" outcome="ok" workspaces=4
2026-07-31T15:36:03.179807Z  INFO herdr::app: using pane scrollback configuration pane_scrollback_limit_bytes=10000000
2026-07-31T15:36:03.482812Z  INFO herdr::logging: checking for updates event="update.check.start" subsystem="update" outcome="started"
2026-07-31T15:36:03.486320Z  INFO herdr::server::headless: restored session already has workspaces; ignoring startup cwd cwd=/home/Ronaldcdz
2026-07-31T15:36:03.486561Z  INFO herdr::server::headless: client protocol socket listening path=/home/Ronaldcdz/.config/herdr/herdr-client.sock
2026-07-31T15:36:03.486608Z  INFO herdr::server::headless: herdr server started api_socket=/home/Ronaldcdz/.config/herdr/herdr.sock client_socket=/home/Ronaldcdz/.config/herdr/herdr-client.sock
2026-07-31T15:36:03.486926Z  INFO herdr::logging: herdr starting event="app.startup" subsystem="server" outcome="started" pid=3103
2026-07-31T15:36:03.685673Z  INFO herdr::server::headless: client connected client_id=2 cols=191 rows=46 cell_width_px=0 cell_height_px=0 render_encoding=SemanticFrame
2026-07-31T15:36:53.263979Z  WARN herdr::detect::manifest_update: agent detection manifest update failed for agent agent="gemini" error=fetch failed: failed to fetch https://herdr.dev/agent-detection/gemini.toml
2026-07-31T15:42:42.281999Z  INFO herdr::app::actions: copied selection to clipboard
2026-07-31T15:44:40.617057Z  INFO herdr::app::actions: copied selection to clipboard
2026-07-31T15:45:02.451078Z  INFO herdr::app::actions: copied selection to clipboard
2026-07-31T15:46:17.998561Z  INFO herdr::server::headless: client resize client_id=2 cols=191 rows=47 cell_width_px=0 cell_height_px=0
2026-07-31T15:46:18.500010Z  INFO herdr::server::headless: client resize client_id=2 cols=191 rows=46 cell_width_px=0 cell_height_px=0
2026-07-31T15:46:23.005930Z  INFO herdr::server::headless: client resize client_id=2 cols=191 rows=47 cell_width_px=0 cell_height_px=0
2026-07-31T15:46:23.807230Z  INFO herdr::server::headless: client resize client_id=2 cols=191 rows=46 cell_width_px=0 cell_height_px=0
2026-07-31T15:46:36.826877Z  INFO herdr::server::headless: client resize client_id=2 cols=191 rows=47 cell_width_px=0 cell_height_px=0
2026-07-31T15:46:37.227838Z  INFO herdr::server::headless: client resize client_id=2 cols=191 rows=46 cell_width_px=0 cell_height_px=0
2026-07-31T15:46:41.632626Z  INFO herdr::server::headless: client resize client_id=2 cols=191 rows=47 cell_width_px=0 cell_height_px=0
2026-07-31T15:46:42.834265Z  INFO herdr::server::headless: client resize client_id=2 cols=191 rows=46 cell_width_px=0 cell_height_px=0
2026-07-31T15:58:26.461316Z  INFO herdr::logging: pane child exited event="pane.exit" subsystem="pane" outcome="completed" pane_id=8 status="ExitStatus { code: 1, signal: None }"
2026-07-31T15:58:26.499586Z  INFO herdr::pane: pane session terminated pane=8 pid=3149 signal=Hangup
2026-07-31T15:58:26.500569Z  WARN herdr::app::actions: PaneDied for unknown pane pane=8
2026-07-31T15:58:31.502375Z  INFO herdr::logging: session saved event="persist.save" subsystem="persist" outcome="ok" path=/home/Ronaldcdz/.config/herdr/session.json workspaces=4
2026-07-31T16:00:41.771859Z  INFO herdr::server::headless: client resize client_id=2 cols=191 rows=47 cell_width_px=0 cell_height_px=0
2026-07-31T16:00:42.276118Z  INFO herdr::server::headless: client resize client_id=2 cols=191 rows=46 cell_width_px=0 cell_height_px=0
2026-07-31T16:06:03.484771Z  INFO herdr::logging: checking for updates event="update.check.start" subsystem="update" outcome="started"
2026-07-31T16:06:04.848721Z  WARN herdr::detect::manifest_update: agent detection manifest update failed for agent agent="amp" error=fetch failed: failed to fetch https://herdr.dev/agent-detection/amp.toml
2026-07-31T16:06:55.845193Z  WARN herdr::detect::manifest_update: agent detection manifest update failed for agent agent="grok" error=fetch failed: failed to fetch https://herdr.dev/agent-detection/grok.toml
2026-07-31T16:36:03.486621Z  INFO herdr::logging: checking for updates event="update.check.start" subsystem="update" outcome="started"
2026-07-31T17:43:47.918977Z  INFO herdr::server::headless: client resize client_id=2 cols=191 rows=47 cell_width_px=0 cell_height_px=0
2026-07-31T17:43:49.120496Z  INFO herdr::server::headless: client resize client_id=2 cols=191 rows=46 cell_width_px=0 cell_height_px=0
2026-07-31T17:46:48.487591Z  INFO herdr::logging: checking for updates event="update.check.start" subsystem="update" outcome="started"
2026-07-31T18:08:27.847773Z  INFO herdr::logging: pane child exited event="pane.exit" subsystem="pane" outcome="completed" pane_id=5 status="ExitStatus { code: 1, signal: None }"
2026-07-31T18:08:27.848979Z  INFO herdr::logging: pane child exited event="pane.exit" subsystem="pane" outcome="completed" pane_id=6 status="ExitStatus { code: 1, signal: None }"
2026-07-31T18:08:27.854871Z  INFO herdr::logging: pane child exited event="pane.exit" subsystem="pane" outcome="completed" pane_id=7 status="ExitStatus { code: 1, signal: None }"
2026-07-31T18:08:27.855055Z  INFO herdr::logging: pane child exited event="pane.exit" subsystem="pane" outcome="completed" pane_id=4 status="ExitStatus { code: 1, signal: None }"
2026-07-31T18:08:27.876904Z  INFO herdr::pane: pane session terminated pane=5 pid=3132 signal=Hangup
2026-07-31T18:08:27.877524Z  INFO herdr::pane: pane session terminated pane=6 pid=3138 signal=Hangup
2026-07-31T18:08:27.878184Z  INFO herdr::pane: pane session terminated pane=7 pid=3143 signal=Hangup
2026-07-31T18:08:27.878430Z  INFO herdr::pane: pane session terminated pane=4 pid=3128 signal=Hangup
2026-07-31T18:08:27.899376Z  INFO herdr::logging: pane child exited event="pane.exit" subsystem="pane" outcome="completed" pane_id=3 status="ExitStatus { code: 1, signal: None }"
2026-07-31T18:08:27.916469Z  INFO herdr::pane: pane session terminated pane=3 pid=3124 signal=Hangup
2026-07-31T18:08:27.917094Z  INFO herdr::server::headless: client disconnected client_id=2
2026-07-31T18:12:15.836242Z  INFO herdr::api::server: api server listening path=/home/Ronaldcdz/.config/herdr/herdr.sock
2026-07-31T18:12:15.842023Z  INFO herdr::logging: spawning pane terminal event="pane.spawn.start" subsystem="pane" outcome="started" pane_id=1 rows=24 cols=80 scrollback_limit_bytes=10000000
2026-07-31T18:12:15.845155Z  INFO herdr::logging: pane child spawned event="pane.spawned" subsystem="pane" outcome="ok" pane_id=1 pid=3032
2026-07-31T18:12:15.847904Z  INFO herdr::logging: spawning pane terminal event="pane.spawn.start" subsystem="pane" outcome="started" pane_id=2 rows=24 cols=80 scrollback_limit_bytes=10000000
2026-07-31T18:12:15.850562Z  INFO herdr::logging: pane child spawned event="pane.spawned" subsystem="pane" outcome="ok" pane_id=2 pid=3035
2026-07-31T18:12:15.851317Z  INFO herdr::logging: spawning pane terminal event="pane.spawn.start" subsystem="pane" outcome="started" pane_id=3 rows=24 cols=80 scrollback_limit_bytes=10000000
2026-07-31T18:12:15.854185Z  INFO herdr::logging: pane child spawned event="pane.spawned" subsystem="pane" outcome="ok" pane_id=3 pid=3038
2026-07-31T18:12:15.855903Z  INFO herdr::logging: spawning pane terminal event="pane.spawn.start" subsystem="pane" outcome="started" pane_id=4 rows=24 cols=80 scrollback_limit_bytes=10000000
2026-07-31T18:12:15.858863Z  INFO herdr::logging: pane child spawned event="pane.spawned" subsystem="pane" outcome="ok" pane_id=4 pid=3043
2026-07-31T18:12:15.862518Z  INFO herdr::logging: spawning pane terminal event="pane.spawn.start" subsystem="pane" outcome="started" pane_id=5 rows=24 cols=80 scrollback_limit_bytes=10000000
2026-07-31T18:12:15.865908Z  INFO herdr::logging: pane child spawned event="pane.spawned" subsystem="pane" outcome="ok" pane_id=5 pid=3047
2026-07-31T18:12:15.866937Z  INFO herdr::logging: spawning pane terminal event="pane.spawn.start" subsystem="pane" outcome="started" pane_id=6 rows=24 cols=80 scrollback_limit_bytes=10000000
2026-07-31T18:12:15.871254Z  INFO herdr::logging: pane child spawned event="pane.spawned" subsystem="pane" outcome="ok" pane_id=6 pid=3050
2026-07-31T18:12:15.872264Z  INFO herdr::logging: spawning pane terminal event="pane.spawn.start" subsystem="pane" outcome="started" pane_id=7 rows=24 cols=80 scrollback_limit_bytes=10000000
2026-07-31T18:12:15.876448Z  INFO herdr::logging: pane child spawned event="pane.spawned" subsystem="pane" outcome="ok" pane_id=7 pid=3055
2026-07-31T18:12:15.879642Z  INFO herdr::logging: session restore evaluated event="persist.restore" subsystem="persist" outcome="ok" workspaces=4
2026-07-31T18:12:15.879730Z  INFO herdr::app: using pane scrollback configuration pane_scrollback_limit_bytes=10000000
2026-07-31T18:12:16.157744Z  INFO herdr::logging: checking for updates event="update.check.start" subsystem="update" outcome="started"
2026-07-31T18:12:16.161583Z  INFO herdr::server::headless: restored session already has workspaces; ignoring startup cwd cwd=/home/Ronaldcdz
2026-07-31T18:12:16.161873Z  INFO herdr::server::headless: client protocol socket listening path=/home/Ronaldcdz/.config/herdr/herdr-client.sock
2026-07-31T18:12:16.161929Z  INFO herdr::server::headless: herdr server started api_socket=/home/Ronaldcdz/.config/herdr/herdr.sock client_socket=/home/Ronaldcdz/.config/herdr/herdr-client.sock
2026-07-31T18:12:16.162346Z  INFO herdr::logging: herdr starting event="app.startup" subsystem="server" outcome="started" pid=3018
2026-07-31T18:12:16.399991Z  INFO herdr::server::headless: client connected client_id=2 cols=191 rows=46 cell_width_px=0 cell_height_px=0 render_encoding=SemanticFrame
2026-07-31T18:13:17.631832Z  INFO herdr::app::actions: copied selection to clipboard
2026-07-31T18:17:08.838975Z  INFO herdr::logging: spawning pane terminal event="pane.spawn.start" subsystem="pane" outcome="started" pane_id=8 rows=45 cols=170 scrollback_limit_bytes=10000000
2026-07-31T18:17:08.843901Z  INFO herdr::logging: pane child spawned event="pane.spawned" subsystem="pane" outcome="ok" pane_id=8 pid=7253
2026-07-31T18:17:08.844727Z  INFO herdr::logging: tab focused event="tab.focus" subsystem="tab" outcome="ok" workspace_id="w6" tab_id="w6:tD"
2026-07-31T18:17:13.851428Z  INFO herdr::logging: session saved event="persist.save" subsystem="persist" outcome="ok" path=/home/Ronaldcdz/.config/herdr/session.json workspaces=4
2026-07-31T18:17:51.550839Z  INFO herdr::logging: tab focused event="tab.focus" subsystem="tab" outcome="ok" workspace_id="w6" tab_id="w6:tB"
2026-07-31T18:17:55.794010Z  INFO herdr::logging: tab focused event="tab.focus" subsystem="tab" outcome="ok" workspace_id="w6" tab_id="w6:tD"
2026-07-31T18:18:00.800267Z  INFO herdr::logging: session saved event="persist.save" subsystem="persist" outcome="ok" path=/home/Ronaldcdz/.config/herdr/session.json workspaces=4
2026-07-31T18:19:13.174502Z  INFO herdr::logging: tab focused event="tab.focus" subsystem="tab" outcome="ok" workspace_id="w6" tab_id="w6:tB"
2026-07-31T18:19:18.179475Z  INFO herdr::logging: session saved event="persist.save" subsystem="persist" outcome="ok" path=/home/Ronaldcdz/.config/herdr/session.json workspaces=4
2026-07-31T18:19:30.851868Z  INFO herdr::logging: tab focused event="tab.focus" subsystem="tab" outcome="ok" workspace_id="w6" tab_id="w6:tD"
2026-07-31T18:19:35.855514Z  INFO herdr::logging: session saved event="persist.save" subsystem="persist" outcome="ok" path=/home/Ronaldcdz/.config/herdr/session.json workspaces=4
2026-07-31T18:20:25.263282Z  INFO herdr::logging: tab focused event="tab.focus" subsystem="tab" outcome="ok" workspace_id="w6" tab_id="w6:tB"
2026-07-31T18:20:30.267989Z  INFO herdr::logging: session saved event="persist.save" subsystem="persist" outcome="ok" path=/home/Ronaldcdz/.config/herdr/session.json workspaces=4
2026-07-31T18:21:25.700844Z  INFO herdr::logging: pane child exited event="pane.exit" subsystem="pane" outcome="completed" pane_id=7 status="ExitStatus { code: 1, signal: None }"
2026-07-31T18:21:25.700934Z  INFO herdr::logging: pane child exited event="pane.exit" subsystem="pane" outcome="completed" pane_id=5 status="ExitStatus { code: 1, signal: None }"
2026-07-31T18:21:25.701488Z  INFO herdr::pane: pane session terminated pane=7 pid=3055 signal=Hangup
2026-07-31T18:21:25.702783Z  INFO herdr::pane: pane session terminated pane=5 pid=3047 signal=Hangup
2026-07-31T18:21:25.706814Z  INFO herdr::logging: pane child exited event="pane.exit" subsystem="pane" outcome="completed" pane_id=4 status="ExitStatus { code: 1, signal: None }"
2026-07-31T18:21:25.716447Z  INFO herdr::logging: pane child exited event="pane.exit" subsystem="pane" outcome="completed" pane_id=6 status="ExitStatus { code: 1, signal: None }"
2026-07-31T18:21:25.758278Z  INFO herdr::pane: pane session terminated pane=4 pid=3043 signal=Hangup
2026-07-31T18:21:25.763923Z  INFO herdr::pane: pane session terminated pane=6 pid=3050 signal=Hangup
2026-07-31T18:21:25.771310Z  INFO herdr::server::headless: client disconnected client_id=2
2026-07-31T18:24:04.415555Z  INFO herdr::api::server: api server listening path=/home/Ronaldcdz/.config/herdr/herdr.sock
2026-07-31T18:24:04.421380Z  INFO herdr::logging: spawning pane terminal event="pane.spawn.start" subsystem="pane" outcome="started" pane_id=1 rows=24 cols=80 scrollback_limit_bytes=10000000
2026-07-31T18:24:04.425493Z  INFO herdr::logging: pane child spawned event="pane.spawned" subsystem="pane" outcome="ok" pane_id=1 pid=3262
2026-07-31T18:24:04.428329Z  INFO herdr::logging: spawning pane terminal event="pane.spawn.start" subsystem="pane" outcome="started" pane_id=2 rows=24 cols=80 scrollback_limit_bytes=10000000
2026-07-31T18:24:04.431170Z  INFO herdr::logging: pane child spawned event="pane.spawned" subsystem="pane" outcome="ok" pane_id=2 pid=3265
2026-07-31T18:24:04.432002Z  INFO herdr::logging: spawning pane terminal event="pane.spawn.start" subsystem="pane" outcome="started" pane_id=3 rows=24 cols=80 scrollback_limit_bytes=10000000
2026-07-31T18:24:04.434890Z  INFO herdr::logging: pane child spawned event="pane.spawned" subsystem="pane" outcome="ok" pane_id=3 pid=3269
2026-07-31T18:24:04.437079Z  INFO herdr::logging: spawning pane terminal event="pane.spawn.start" subsystem="pane" outcome="started" pane_id=4 rows=24 cols=80 scrollback_limit_bytes=10000000
2026-07-31T18:24:04.441528Z  INFO herdr::logging: pane child spawned event="pane.spawned" subsystem="pane" outcome="ok" pane_id=4 pid=3273
2026-07-31T18:24:04.449134Z  INFO herdr::logging: spawning pane terminal event="pane.spawn.start" subsystem="pane" outcome="started" pane_id=5 rows=24 cols=80 scrollback_limit_bytes=10000000
2026-07-31T18:24:04.453552Z  INFO herdr::logging: pane child spawned event="pane.spawned" subsystem="pane" outcome="ok" pane_id=5 pid=3278
2026-07-31T18:24:04.454863Z  INFO herdr::logging: spawning pane terminal event="pane.spawn.start" subsystem="pane" outcome="started" pane_id=6 rows=24 cols=80 scrollback_limit_bytes=10000000
2026-07-31T18:24:04.459668Z  INFO herdr::logging: pane child spawned event="pane.spawned" subsystem="pane" outcome="ok" pane_id=6 pid=3283
2026-07-31T18:24:04.460767Z  INFO herdr::logging: spawning pane terminal event="pane.spawn.start" subsystem="pane" outcome="started" pane_id=7 rows=24 cols=80 scrollback_limit_bytes=10000000
2026-07-31T18:24:04.464174Z  INFO herdr::logging: pane child spawned event="pane.spawned" subsystem="pane" outcome="ok" pane_id=7 pid=3289
2026-07-31T18:24:04.465534Z  INFO herdr::logging: spawning pane terminal event="pane.spawn.start" subsystem="pane" outcome="started" pane_id=8 rows=24 cols=80 scrollback_limit_bytes=10000000
2026-07-31T18:24:04.470498Z  INFO herdr::logging: pane child spawned event="pane.spawned" subsystem="pane" outcome="ok" pane_id=8 pid=3296
2026-07-31T18:24:04.473999Z  INFO herdr::logging: session restore evaluated event="persist.restore" subsystem="persist" outcome="ok" workspaces=4
2026-07-31T18:24:04.474107Z  INFO herdr::app: using pane scrollback configuration pane_scrollback_limit_bytes=10000000
2026-07-31T18:24:04.778286Z  INFO herdr::logging: checking for updates event="update.check.start" subsystem="update" outcome="started"
2026-07-31T18:24:04.782149Z  INFO herdr::server::headless: restored session already has workspaces; ignoring startup cwd cwd=/home/Ronaldcdz
2026-07-31T18:24:04.782445Z  INFO herdr::server::headless: client protocol socket listening path=/home/Ronaldcdz/.config/herdr/herdr-client.sock
2026-07-31T18:24:04.782503Z  INFO herdr::server::headless: herdr server started api_socket=/home/Ronaldcdz/.config/herdr/herdr.sock client_socket=/home/Ronaldcdz/.config/herdr/herdr-client.sock
2026-07-31T18:24:04.782854Z  INFO herdr::logging: herdr starting event="app.startup" subsystem="server" outcome="started" pid=3248
2026-07-31T18:24:04.981405Z  INFO herdr::server::headless: client connected client_id=2 cols=191 rows=46 cell_width_px=0 cell_height_px=0 render_encoding=SemanticFrame
2026-07-31T18:26:56.080117Z  INFO herdr::logging: pane child exited event="pane.exit" subsystem="pane" outcome="completed" pane_id=4 status="ExitStatus { code: 1, signal: None }"
2026-07-31T18:26:56.080530Z  INFO herdr::logging: pane child exited event="pane.exit" subsystem="pane" outcome="completed" pane_id=8 status="ExitStatus { code: 1, signal: None }"
2026-07-31T18:26:56.080661Z  INFO herdr::pane: pane session terminated pane=4 pid=3273 signal=Hangup
2026-07-31T18:26:56.081310Z  INFO herdr::logging: pane child exited event="pane.exit" subsystem="pane" outcome="completed" pane_id=3 status="ExitStatus { code: 1, signal: None }"
2026-07-31T18:26:56.081325Z  INFO herdr::pane: pane session terminated pane=8 pid=3296 signal=Hangup
2026-07-31T18:26:56.081886Z  INFO herdr::pane: pane session terminated pane=3 pid=3269 signal=Hangup
2026-07-31T18:26:56.081928Z  INFO herdr::logging: pane child exited event="pane.exit" subsystem="pane" outcome="completed" pane_id=7 status="ExitStatus { code: 1, signal: None }"
2026-07-31T18:26:56.082696Z  INFO herdr::pane: pane session terminated pane=7 pid=3289 signal=Hangup
2026-07-31T18:26:56.095735Z  INFO herdr::logging: pane child exited event="pane.exit" subsystem="pane" outcome="completed" pane_id=5 status="ExitStatus { code: 1, signal: None }"
2026-07-31T18:26:56.100416Z  INFO herdr::pane: pane session terminated pane=5 pid=3278 signal=Hangup
2026-07-31T18:26:56.136025Z  INFO herdr::server::headless: client disconnected client_id=2
2026-07-31T18:26:56.141553Z  INFO herdr::logging: pane child exited event="pane.exit" subsystem="pane" outcome="completed" pane_id=6 status="ExitStatus { code: 1, signal: None }"
2026-07-31T18:26:56.150306Z  INFO herdr::pane: pane session terminated pane=6 pid=3283 signal=Hangup
2026-07-31T18:29:46.211448Z  INFO herdr::api::server: api server listening path=/home/Ronaldcdz/.config/herdr/herdr.sock
2026-07-31T18:29:46.216879Z  INFO herdr::logging: spawning pane terminal event="pane.spawn.start" subsystem="pane" outcome="started" pane_id=1 rows=24 cols=80 scrollback_limit_bytes=10000000
2026-07-31T18:29:46.220058Z  INFO herdr::logging: pane child spawned event="pane.spawned" subsystem="pane" outcome="ok" pane_id=1 pid=2976
2026-07-31T18:29:46.222688Z  INFO herdr::logging: spawning pane terminal event="pane.spawn.start" subsystem="pane" outcome="started" pane_id=2 rows=24 cols=80 scrollback_limit_bytes=10000000
2026-07-31T18:29:46.225656Z  INFO herdr::logging: pane child spawned event="pane.spawned" subsystem="pane" outcome="ok" pane_id=2 pid=2979
2026-07-31T18:29:46.226489Z  INFO herdr::logging: spawning pane terminal event="pane.spawn.start" subsystem="pane" outcome="started" pane_id=3 rows=24 cols=80 scrollback_limit_bytes=10000000
2026-07-31T18:29:46.229478Z  INFO herdr::logging: pane child spawned event="pane.spawned" subsystem="pane" outcome="ok" pane_id=3 pid=2982
2026-07-31T18:29:46.231943Z  INFO herdr::logging: spawning pane terminal event="pane.spawn.start" subsystem="pane" outcome="started" pane_id=4 rows=24 cols=80 scrollback_limit_bytes=10000000
2026-07-31T18:29:46.235891Z  INFO herdr::logging: pane child spawned event="pane.spawned" subsystem="pane" outcome="ok" pane_id=4 pid=2987
2026-07-31T18:29:46.240488Z  INFO herdr::logging: spawning pane terminal event="pane.spawn.start" subsystem="pane" outcome="started" pane_id=5 rows=24 cols=80 scrollback_limit_bytes=10000000
2026-07-31T18:29:46.244166Z  INFO herdr::logging: pane child spawned event="pane.spawned" subsystem="pane" outcome="ok" pane_id=5 pid=2991
2026-07-31T18:29:46.245318Z  INFO herdr::logging: spawning pane terminal event="pane.spawn.start" subsystem="pane" outcome="started" pane_id=6 rows=24 cols=80 scrollback_limit_bytes=10000000
2026-07-31T18:29:46.252753Z  INFO herdr::logging: pane child spawned event="pane.spawned" subsystem="pane" outcome="ok" pane_id=6 pid=2995
2026-07-31T18:29:46.253937Z  INFO herdr::logging: spawning pane terminal event="pane.spawn.start" subsystem="pane" outcome="started" pane_id=7 rows=24 cols=80 scrollback_limit_bytes=10000000
2026-07-31T18:29:46.258191Z  INFO herdr::logging: pane child spawned event="pane.spawned" subsystem="pane" outcome="ok" pane_id=7 pid=3002
2026-07-31T18:29:46.259415Z  INFO herdr::logging: spawning pane terminal event="pane.spawn.start" subsystem="pane" outcome="started" pane_id=8 rows=24 cols=80 scrollback_limit_bytes=10000000
2026-07-31T18:29:46.263880Z  INFO herdr::logging: pane child spawned event="pane.spawned" subsystem="pane" outcome="ok" pane_id=8 pid=3008
2026-07-31T18:29:46.267264Z  INFO herdr::logging: session restore evaluated event="persist.restore" subsystem="persist" outcome="ok" workspaces=4
2026-07-31T18:29:46.267378Z  INFO herdr::app: using pane scrollback configuration pane_scrollback_limit_bytes=10000000
2026-07-31T18:29:46.515710Z  INFO herdr::logging: checking for updates event="update.check.start" subsystem="update" outcome="started"
2026-07-31T18:29:46.519678Z  INFO herdr::server::headless: restored session already has workspaces; ignoring startup cwd cwd=/home/Ronaldcdz
2026-07-31T18:29:46.519963Z  INFO herdr::server::headless: client protocol socket listening path=/home/Ronaldcdz/.config/herdr/herdr-client.sock
2026-07-31T18:29:46.520020Z  INFO herdr::server::headless: herdr server started api_socket=/home/Ronaldcdz/.config/herdr/herdr.sock client_socket=/home/Ronaldcdz/.config/herdr/herdr-client.sock
2026-07-31T18:29:46.520369Z  INFO herdr::logging: herdr starting event="app.startup" subsystem="server" outcome="started" pid=2962
2026-07-31T18:29:46.776344Z  INFO herdr::server::headless: client connected client_id=2 cols=191 rows=46 cell_width_px=0 cell_height_px=0 render_encoding=SemanticFrame
2026-07-31T18:35:51.633758Z  INFO herdr::logging: tab focused event="tab.focus" subsystem="tab" outcome="ok" workspace_id="w6" tab_id="w6:tD"
2026-07-31T18:35:56.638806Z  INFO herdr::logging: session saved event="persist.save" subsystem="persist" outcome="ok" path=/home/Ronaldcdz/.config/herdr/session.json workspaces=4
2026-07-31T18:42:26.625271Z  INFO herdr::logging: pane child exited event="pane.exit" subsystem="pane" outcome="completed" pane_id=8 status="ExitStatus { code: 1, signal: None }"
2026-07-31T18:42:26.657994Z  INFO herdr::pane: pane session terminated pane=8 pid=3008 signal=Hangup
2026-07-31T18:42:26.658805Z  WARN herdr::app::actions: PaneDied for unknown pane pane=8
2026-07-31T18:42:31.663250Z  INFO herdr::logging: session saved event="persist.save" subsystem="persist" outcome="ok" path=/home/Ronaldcdz/.config/herdr/session.json workspaces=4
2026-07-31T18:50:35.425761Z  INFO herdr::logging: pane child exited event="pane.exit" subsystem="pane" outcome="completed" pane_id=4 status="ExitStatus { code: 1, signal: None }"
2026-07-31T18:50:35.426890Z  INFO herdr::pane: pane session terminated pane=4 pid=2987 signal=Hangup
2026-07-31T18:50:35.428105Z  INFO herdr::logging: pane child exited event="pane.exit" subsystem="pane" outcome="completed" pane_id=7 status="ExitStatus { code: 1, signal: None }"
2026-07-31T18:50:35.436307Z  INFO herdr::logging: pane child exited event="pane.exit" subsystem="pane" outcome="completed" pane_id=6 status="ExitStatus { code: 1, signal: None }"
2026-07-31T18:50:35.437445Z  INFO herdr::logging: pane child exited event="pane.exit" subsystem="pane" outcome="completed" pane_id=5 status="ExitStatus { code: 1, signal: None }"
2026-07-31T18:50:35.466970Z  INFO herdr::pane: pane session terminated pane=7 pid=3002 signal=Hangup
2026-07-31T18:50:35.468152Z  INFO herdr::pane: pane session terminated pane=6 pid=2995 signal=Hangup
2026-07-31T18:50:35.468369Z  INFO herdr::pane: pane session terminated pane=5 pid=2991 signal=Hangup
2026-07-31T18:50:35.472548Z  INFO herdr::server::headless: client disconnected client_id=2
2026-07-31T18:54:02.213848Z  INFO herdr::api::server: api server listening path=/home/Ronaldcdz/.config/herdr/herdr.sock
2026-07-31T18:54:02.218911Z  INFO herdr::logging: spawning pane terminal event="pane.spawn.start" subsystem="pane" outcome="started" pane_id=1 rows=24 cols=80 scrollback_limit_bytes=10000000
2026-07-31T18:54:02.222853Z  INFO herdr::logging: pane child spawned event="pane.spawned" subsystem="pane" outcome="ok" pane_id=1 pid=3352
2026-07-31T18:54:02.225656Z  INFO herdr::logging: spawning pane terminal event="pane.spawn.start" subsystem="pane" outcome="started" pane_id=2 rows=24 cols=80 scrollback_limit_bytes=10000000
2026-07-31T18:54:02.229525Z  INFO herdr::logging: pane child spawned event="pane.spawned" subsystem="pane" outcome="ok" pane_id=2 pid=3355
2026-07-31T18:54:02.230575Z  INFO herdr::logging: spawning pane terminal event="pane.spawn.start" subsystem="pane" outcome="started" pane_id=3 rows=24 cols=80 scrollback_limit_bytes=10000000
2026-07-31T18:54:02.233906Z  INFO herdr::logging: pane child spawned event="pane.spawned" subsystem="pane" outcome="ok" pane_id=3 pid=3359
2026-07-31T18:54:02.235896Z  INFO herdr::logging: spawning pane terminal event="pane.spawn.start" subsystem="pane" outcome="started" pane_id=4 rows=24 cols=80 scrollback_limit_bytes=10000000
2026-07-31T18:54:02.239395Z  INFO herdr::logging: pane child spawned event="pane.spawned" subsystem="pane" outcome="ok" pane_id=4 pid=3363
2026-07-31T18:54:02.248266Z  INFO herdr::logging: spawning pane terminal event="pane.spawn.start" subsystem="pane" outcome="started" pane_id=5 rows=24 cols=80 scrollback_limit_bytes=10000000
2026-07-31T18:54:02.251387Z  INFO herdr::logging: pane child spawned event="pane.spawned" subsystem="pane" outcome="ok" pane_id=5 pid=3369
2026-07-31T18:54:02.252440Z  INFO herdr::logging: spawning pane terminal event="pane.spawn.start" subsystem="pane" outcome="started" pane_id=6 rows=24 cols=80 scrollback_limit_bytes=10000000
2026-07-31T18:54:02.256293Z  INFO herdr::logging: pane child spawned event="pane.spawned" subsystem="pane" outcome="ok" pane_id=6 pid=3373
2026-07-31T18:54:02.257312Z  INFO herdr::logging: spawning pane terminal event="pane.spawn.start" subsystem="pane" outcome="started" pane_id=7 rows=24 cols=80 scrollback_limit_bytes=10000000
2026-07-31T18:54:02.261571Z  INFO herdr::logging: pane child spawned event="pane.spawned" subsystem="pane" outcome="ok" pane_id=7 pid=3378
2026-07-31T18:54:02.264721Z  INFO herdr::logging: session restore evaluated event="persist.restore" subsystem="persist" outcome="ok" workspaces=4
2026-07-31T18:54:02.264827Z  INFO herdr::app: using pane scrollback configuration pane_scrollback_limit_bytes=10000000
2026-07-31T18:54:02.538906Z  INFO herdr::logging: checking for updates event="update.check.start" subsystem="update" outcome="started"
2026-07-31T18:54:02.542454Z  INFO herdr::server::headless: restored session already has workspaces; ignoring startup cwd cwd=/home/Ronaldcdz
2026-07-31T18:54:02.542733Z  INFO herdr::server::headless: client protocol socket listening path=/home/Ronaldcdz/.config/herdr/herdr-client.sock
2026-07-31T18:54:02.542782Z  INFO herdr::server::headless: herdr server started api_socket=/home/Ronaldcdz/.config/herdr/herdr.sock client_socket=/home/Ronaldcdz/.config/herdr/herdr-client.sock
2026-07-31T18:54:02.543143Z  INFO herdr::logging: herdr starting event="app.startup" subsystem="server" outcome="started" pid=3338
2026-07-31T18:54:02.778538Z  INFO herdr::server::headless: client connected client_id=2 cols=191 rows=46 cell_width_px=0 cell_height_px=0 render_encoding=SemanticFrame
2026-07-31T18:55:51.296262Z  INFO herdr::logging: pane child exited event="pane.exit" subsystem="pane" outcome="completed" pane_id=4 status="ExitStatus { code: 1, signal: None }"
2026-07-31T18:55:51.296406Z  INFO herdr::logging: pane child exited event="pane.exit" subsystem="pane" outcome="completed" pane_id=6 status="ExitStatus { code: 1, signal: None }"
2026-07-31T18:55:51.296665Z  INFO herdr::pane: pane session terminated pane=4 pid=3363 signal=Hangup
2026-07-31T18:55:51.296928Z  INFO herdr::logging: pane child exited event="pane.exit" subsystem="pane" outcome="completed" pane_id=7 status="ExitStatus { code: 1, signal: None }"
2026-07-31T18:55:51.297470Z  INFO herdr::pane: pane session terminated pane=6 pid=3373 signal=Hangup
2026-07-31T18:55:51.298053Z  INFO herdr::pane: pane session terminated pane=7 pid=3378 signal=Hangup
2026-07-31T18:55:51.319358Z  INFO herdr::server::headless: client disconnected client_id=2
2026-07-31T18:55:51.360686Z  INFO herdr::logging: pane child exited event="pane.exit" subsystem="pane" outcome="completed" pane_id=3 status="ExitStatus { code: 1, signal: None }"
2026-07-31T18:55:51.362107Z  INFO herdr::logging: pane child exited event="pane.exit" subsystem="pane" outcome="completed" pane_id=5 status="ExitStatus { code: 1, signal: None }"
2026-07-31T18:55:51.362398Z  INFO herdr::pane: pane session terminated pane=3 pid=3359 signal=Hangup
2026-07-31T18:55:51.363792Z  INFO herdr::pane: pane session terminated pane=5 pid=3369 signal=Hangup
2026-07-31T18:58:35.783505Z  INFO herdr::api::server: api server listening path=/home/Ronaldcdz/.config/herdr/herdr.sock
2026-07-31T18:58:35.788830Z  INFO herdr::logging: spawning pane terminal event="pane.spawn.start" subsystem="pane" outcome="started" pane_id=1 rows=24 cols=80 scrollback_limit_bytes=10000000
2026-07-31T18:58:35.792266Z  INFO herdr::logging: pane child spawned event="pane.spawned" subsystem="pane" outcome="ok" pane_id=1 pid=2789
2026-07-31T18:58:35.795069Z  INFO herdr::logging: spawning pane terminal event="pane.spawn.start" subsystem="pane" outcome="started" pane_id=2 rows=24 cols=80 scrollback_limit_bytes=10000000
2026-07-31T18:58:35.797678Z  INFO herdr::logging: pane child spawned event="pane.spawned" subsystem="pane" outcome="ok" pane_id=2 pid=2792
2026-07-31T18:58:35.798529Z  INFO herdr::logging: spawning pane terminal event="pane.spawn.start" subsystem="pane" outcome="started" pane_id=3 rows=24 cols=80 scrollback_limit_bytes=10000000
2026-07-31T18:58:35.801385Z  INFO herdr::logging: pane child spawned event="pane.spawned" subsystem="pane" outcome="ok" pane_id=3 pid=2795
2026-07-31T18:58:35.803622Z  INFO herdr::logging: spawning pane terminal event="pane.spawn.start" subsystem="pane" outcome="started" pane_id=4 rows=24 cols=80 scrollback_limit_bytes=10000000
2026-07-31T18:58:35.807013Z  INFO herdr::logging: pane child spawned event="pane.spawned" subsystem="pane" outcome="ok" pane_id=4 pid=2800
2026-07-31T18:58:35.812412Z  INFO herdr::logging: spawning pane terminal event="pane.spawn.start" subsystem="pane" outcome="started" pane_id=5 rows=24 cols=80 scrollback_limit_bytes=10000000
2026-07-31T18:58:35.820020Z  INFO herdr::logging: pane child spawned event="pane.spawned" subsystem="pane" outcome="ok" pane_id=5 pid=2805
2026-07-31T18:58:35.820823Z  INFO herdr::logging: spawning pane terminal event="pane.spawn.start" subsystem="pane" outcome="started" pane_id=6 rows=24 cols=80 scrollback_limit_bytes=10000000
2026-07-31T18:58:35.823777Z  INFO herdr::logging: pane child spawned event="pane.spawned" subsystem="pane" outcome="ok" pane_id=6 pid=2808
2026-07-31T18:58:35.824664Z  INFO herdr::logging: spawning pane terminal event="pane.spawn.start" subsystem="pane" outcome="started" pane_id=7 rows=24 cols=80 scrollback_limit_bytes=10000000
2026-07-31T18:58:35.828893Z  INFO herdr::logging: pane child spawned event="pane.spawned" subsystem="pane" outcome="ok" pane_id=7 pid=2811
2026-07-31T18:58:35.832078Z  INFO herdr::logging: session restore evaluated event="persist.restore" subsystem="persist" outcome="ok" workspaces=4
2026-07-31T18:58:35.832182Z  INFO herdr::app: using pane scrollback configuration pane_scrollback_limit_bytes=10000000
2026-07-31T18:58:36.142756Z  INFO herdr::logging: checking for updates event="update.check.start" subsystem="update" outcome="started"
2026-07-31T18:58:36.146989Z  INFO herdr::server::headless: restored session already has workspaces; ignoring startup cwd cwd=/home/Ronaldcdz
2026-07-31T18:58:36.147291Z  INFO herdr::server::headless: client protocol socket listening path=/home/Ronaldcdz/.config/herdr/herdr-client.sock
2026-07-31T18:58:36.147350Z  INFO herdr::server::headless: herdr server started api_socket=/home/Ronaldcdz/.config/herdr/herdr.sock client_socket=/home/Ronaldcdz/.config/herdr/herdr-client.sock
2026-07-31T18:58:36.147970Z  INFO herdr::logging: herdr starting event="app.startup" subsystem="server" outcome="started" pid=2775
2026-07-31T18:58:36.348142Z  INFO herdr::server::headless: client connected client_id=2 cols=191 rows=46 cell_width_px=0 cell_height_px=0 render_encoding=SemanticFrame
2026-07-31T19:14:00.302971Z  INFO herdr::app::actions: copied selection to clipboard
2026-07-31T19:15:24.523632Z  INFO herdr::logging: pane child exited event="pane.exit" subsystem="pane" outcome="completed" pane_id=5 status="ExitStatus { code: 1, signal: None }"
2026-07-31T19:15:24.524041Z  INFO herdr::pane: pane session terminated pane=5 pid=2805 signal=Hangup
2026-07-31T19:15:24.556692Z  INFO herdr::server::headless: client disconnected client_id=2
2026-07-31T19:15:24.582606Z  INFO herdr::logging: pane child exited event="pane.exit" subsystem="pane" outcome="completed" pane_id=4 status="ExitStatus { code: 1, signal: None }"
2026-07-31T19:15:24.583554Z  INFO herdr::pane: pane session terminated pane=4 pid=2800 signal=Hangup
2026-07-31T19:15:24.584352Z  INFO herdr::logging: pane child exited event="pane.exit" subsystem="pane" outcome="completed" pane_id=6 status="ExitStatus { code: 1, signal: None }"
2026-07-31T19:15:24.588088Z  INFO herdr::logging: pane child exited event="pane.exit" subsystem="pane" outcome="completed" pane_id=7 status="ExitStatus { code: 1, signal: None }"
2026-07-31T19:15:24.601481Z  INFO herdr::pane: pane session terminated pane=6 pid=2808 signal=Hangup
2026-07-31T19:15:24.603094Z  INFO herdr::pane: pane session terminated pane=7 pid=2811 signal=Hangup
2026-07-31T19:17:33.227064Z  INFO herdr::api::server: api server listening path=/home/Ronaldcdz/.config/herdr/herdr.sock
2026-07-31T19:17:33.232598Z  INFO herdr::logging: spawning pane terminal event="pane.spawn.start" subsystem="pane" outcome="started" pane_id=1 rows=24 cols=80 scrollback_limit_bytes=10000000
2026-07-31T19:17:33.235988Z  INFO herdr::logging: pane child spawned event="pane.spawned" subsystem="pane" outcome="ok" pane_id=1 pid=3519
2026-07-31T19:17:33.238326Z  INFO herdr::logging: spawning pane terminal event="pane.spawn.start" subsystem="pane" outcome="started" pane_id=2 rows=24 cols=80 scrollback_limit_bytes=10000000
2026-07-31T19:17:33.241308Z  INFO herdr::logging: pane child spawned event="pane.spawned" subsystem="pane" outcome="ok" pane_id=2 pid=3522
2026-07-31T19:17:33.242371Z  INFO herdr::logging: spawning pane terminal event="pane.spawn.start" subsystem="pane" outcome="started" pane_id=3 rows=24 cols=80 scrollback_limit_bytes=10000000
2026-07-31T19:17:33.246359Z  INFO herdr::logging: pane child spawned event="pane.spawned" subsystem="pane" outcome="ok" pane_id=3 pid=3525
2026-07-31T19:17:33.248521Z  INFO herdr::logging: spawning pane terminal event="pane.spawn.start" subsystem="pane" outcome="started" pane_id=4 rows=24 cols=80 scrollback_limit_bytes=10000000
2026-07-31T19:17:33.252211Z  INFO herdr::logging: pane child spawned event="pane.spawned" subsystem="pane" outcome="ok" pane_id=4 pid=3530
2026-07-31T19:17:33.259699Z  INFO herdr::logging: spawning pane terminal event="pane.spawn.start" subsystem="pane" outcome="started" pane_id=5 rows=24 cols=80 scrollback_limit_bytes=10000000
2026-07-31T19:17:33.263895Z  INFO herdr::logging: pane child spawned event="pane.spawned" subsystem="pane" outcome="ok" pane_id=5 pid=3534
2026-07-31T19:17:33.264989Z  INFO herdr::logging: spawning pane terminal event="pane.spawn.start" subsystem="pane" outcome="started" pane_id=6 rows=24 cols=80 scrollback_limit_bytes=10000000
2026-07-31T19:17:33.268486Z  INFO herdr::logging: pane child spawned event="pane.spawned" subsystem="pane" outcome="ok" pane_id=6 pid=3540
2026-07-31T19:17:33.269464Z  INFO herdr::logging: spawning pane terminal event="pane.spawn.start" subsystem="pane" outcome="started" pane_id=7 rows=24 cols=80 scrollback_limit_bytes=10000000
2026-07-31T19:17:33.273613Z  INFO herdr::logging: pane child spawned event="pane.spawned" subsystem="pane" outcome="ok" pane_id=7 pid=3544
2026-07-31T19:17:33.276577Z  INFO herdr::logging: session restore evaluated event="persist.restore" subsystem="persist" outcome="ok" workspaces=4
2026-07-31T19:17:33.276682Z  INFO herdr::app: using pane scrollback configuration pane_scrollback_limit_bytes=10000000
2026-07-31T19:17:33.538829Z  INFO herdr::logging: checking for updates event="update.check.start" subsystem="update" outcome="started"
2026-07-31T19:17:33.542359Z  INFO herdr::server::headless: restored session already has workspaces; ignoring startup cwd cwd=/home/Ronaldcdz
2026-07-31T19:17:33.542652Z  INFO herdr::server::headless: client protocol socket listening path=/home/Ronaldcdz/.config/herdr/herdr-client.sock
2026-07-31T19:17:33.542708Z  INFO herdr::server::headless: herdr server started api_socket=/home/Ronaldcdz/.config/herdr/herdr.sock client_socket=/home/Ronaldcdz/.config/herdr/herdr-client.sock
2026-07-31T19:17:33.543088Z  INFO herdr::logging: herdr starting event="app.startup" subsystem="server" outcome="started" pid=3505
2026-07-31T19:17:33.792538Z  INFO herdr::server::headless: client connected client_id=2 cols=191 rows=46 cell_width_px=0 cell_height_px=0 render_encoding=SemanticFrame
2026-07-31T19:19:12.097749Z  INFO herdr::logging: spawning pane terminal event="pane.spawn.start" subsystem="pane" outcome="started" pane_id=8 rows=45 cols=170 scrollback_limit_bytes=10000000
2026-07-31T19:19:12.102609Z  INFO herdr::logging: pane child spawned event="pane.spawned" subsystem="pane" outcome="ok" pane_id=8 pid=6387
2026-07-31T19:19:12.103436Z  INFO herdr::logging: tab focused event="tab.focus" subsystem="tab" outcome="ok" workspace_id="w6" tab_id="w6:tE"
2026-07-31T19:19:17.109266Z  INFO herdr::logging: session saved event="persist.save" subsystem="persist" outcome="ok" path=/home/Ronaldcdz/.config/herdr/session.json workspaces=4
2026-07-31T19:19:37.805545Z  INFO herdr::app::actions: copied selection to clipboard
2026-07-31T19:22:04.278010Z  INFO herdr::logging: pane child exited event="pane.exit" subsystem="pane" outcome="completed" pane_id=3 status="ExitStatus { code: 1, signal: None }"
2026-07-31T19:22:04.278175Z  INFO herdr::logging: pane child exited event="pane.exit" subsystem="pane" outcome="completed" pane_id=5 status="ExitStatus { code: 1, signal: None }"
2026-07-31T19:22:04.278817Z  INFO herdr::pane: pane session terminated pane=3 pid=3525 signal=Hangup
2026-07-31T19:22:04.279232Z  INFO herdr::logging: pane child exited event="pane.exit" subsystem="pane" outcome="completed" pane_id=4 status="ExitStatus { code: 1, signal: None }"
2026-07-31T19:22:04.279557Z  INFO herdr::logging: pane child exited event="pane.exit" subsystem="pane" outcome="completed" pane_id=6 status="ExitStatus { code: 1, signal: None }"
2026-07-31T19:22:04.279638Z  INFO herdr::pane: pane session terminated pane=5 pid=3534 signal=Hangup
2026-07-31T19:22:04.280249Z  INFO herdr::pane: pane session terminated pane=4 pid=3530 signal=Hangup
2026-07-31T19:22:04.280534Z  INFO herdr::pane: pane session terminated pane=6 pid=3540 signal=Hangup
2026-07-31T19:22:04.294309Z  INFO herdr::logging: pane child exited event="pane.exit" subsystem="pane" outcome="completed" pane_id=7 status="ExitStatus { code: 1, signal: None }"
2026-07-31T19:22:04.313665Z  INFO herdr::pane: pane session terminated pane=7 pid=3544 signal=Hangup
2026-07-31T19:22:04.314023Z  INFO herdr::server::headless: client disconnected client_id=2
2026-07-31T19:24:14.534208Z  INFO herdr::api::server: api server listening path=/home/Ronaldcdz/.config/herdr/herdr.sock
2026-07-31T19:24:14.541169Z  INFO herdr::logging: spawning pane terminal event="pane.spawn.start" subsystem="pane" outcome="started" pane_id=1 rows=24 cols=80 scrollback_limit_bytes=10000000
2026-07-31T19:24:14.544504Z  INFO herdr::logging: pane child spawned event="pane.spawned" subsystem="pane" outcome="ok" pane_id=1 pid=3427
2026-07-31T19:24:14.546861Z  INFO herdr::logging: spawning pane terminal event="pane.spawn.start" subsystem="pane" outcome="started" pane_id=2 rows=24 cols=80 scrollback_limit_bytes=10000000
2026-07-31T19:24:14.549703Z  INFO herdr::logging: pane child spawned event="pane.spawned" subsystem="pane" outcome="ok" pane_id=2 pid=3430
2026-07-31T19:24:14.550784Z  INFO herdr::logging: spawning pane terminal event="pane.spawn.start" subsystem="pane" outcome="started" pane_id=3 rows=24 cols=80 scrollback_limit_bytes=10000000
2026-07-31T19:24:14.553961Z  INFO herdr::logging: pane child spawned event="pane.spawned" subsystem="pane" outcome="ok" pane_id=3 pid=3433
2026-07-31T19:24:14.558610Z  INFO herdr::logging: spawning pane terminal event="pane.spawn.start" subsystem="pane" outcome="started" pane_id=4 rows=24 cols=80 scrollback_limit_bytes=10000000
2026-07-31T19:24:14.562384Z  INFO herdr::logging: pane child spawned event="pane.spawned" subsystem="pane" outcome="ok" pane_id=4 pid=3438
2026-07-31T19:24:14.566274Z  INFO herdr::logging: spawning pane terminal event="pane.spawn.start" subsystem="pane" outcome="started" pane_id=5 rows=24 cols=80 scrollback_limit_bytes=10000000
2026-07-31T19:24:14.570506Z  INFO herdr::logging: pane child spawned event="pane.spawned" subsystem="pane" outcome="ok" pane_id=5 pid=3442
2026-07-31T19:24:14.571568Z  INFO herdr::logging: spawning pane terminal event="pane.spawn.start" subsystem="pane" outcome="started" pane_id=6 rows=24 cols=80 scrollback_limit_bytes=10000000
2026-07-31T19:24:14.575783Z  INFO herdr::logging: pane child spawned event="pane.spawned" subsystem="pane" outcome="ok" pane_id=6 pid=3446
2026-07-31T19:24:14.576803Z  INFO herdr::logging: spawning pane terminal event="pane.spawn.start" subsystem="pane" outcome="started" pane_id=7 rows=24 cols=80 scrollback_limit_bytes=10000000
2026-07-31T19:24:14.580427Z  INFO herdr::logging: pane child spawned event="pane.spawned" subsystem="pane" outcome="ok" pane_id=7 pid=3452
2026-07-31T19:24:14.581619Z  INFO herdr::logging: spawning pane terminal event="pane.spawn.start" subsystem="pane" outcome="started" pane_id=8 rows=24 cols=80 scrollback_limit_bytes=10000000
2026-07-31T19:24:14.586283Z  INFO herdr::logging: pane child spawned event="pane.spawned" subsystem="pane" outcome="ok" pane_id=8 pid=3458
2026-07-31T19:24:14.590230Z  INFO herdr::logging: session restore evaluated event="persist.restore" subsystem="persist" outcome="ok" workspaces=4
2026-07-31T19:24:14.590357Z  INFO herdr::app: using pane scrollback configuration pane_scrollback_limit_bytes=10000000
2026-07-31T19:24:14.902552Z  INFO herdr::logging: checking for updates event="update.check.start" subsystem="update" outcome="started"
2026-07-31T19:24:14.906309Z  INFO herdr::server::headless: restored session already has workspaces; ignoring startup cwd cwd=/home/Ronaldcdz
2026-07-31T19:24:14.906605Z  INFO herdr::server::headless: client protocol socket listening path=/home/Ronaldcdz/.config/herdr/herdr-client.sock
2026-07-31T19:24:14.906651Z  INFO herdr::server::headless: herdr server started api_socket=/home/Ronaldcdz/.config/herdr/herdr.sock client_socket=/home/Ronaldcdz/.config/herdr/herdr-client.sock
2026-07-31T19:24:14.906960Z  INFO herdr::logging: herdr starting event="app.startup" subsystem="server" outcome="started" pid=3413
2026-07-31T19:24:15.101213Z  INFO herdr::server::headless: client connected client_id=2 cols=191 rows=46 cell_width_px=0 cell_height_px=0 render_encoding=SemanticFrame
2026-07-31T19:30:21.706438Z  INFO herdr::server::headless: client resize client_id=2 cols=191 rows=47 cell_width_px=0 cell_height_px=0
2026-07-31T19:30:22.308308Z  INFO herdr::server::headless: client resize client_id=2 cols=191 rows=46 cell_width_px=0 cell_height_px=0
2026-07-31T19:30:33.979741Z  INFO herdr::logging: pane child exited event="pane.exit" subsystem="pane" outcome="completed" pane_id=3 status="ExitStatus { code: 1, signal: None }"
2026-07-31T19:30:33.980559Z  INFO herdr::pane: pane session terminated pane=3 pid=3433 signal=Hangup
2026-07-31T19:30:33.982516Z  INFO herdr::logging: pane child exited event="pane.exit" subsystem="pane" outcome="completed" pane_id=5 status="ExitStatus { code: 1, signal: None }"
2026-07-31T19:30:33.985408Z  INFO herdr::logging: pane child exited event="pane.exit" subsystem="pane" outcome="completed" pane_id=4 status="ExitStatus { code: 1, signal: None }"
2026-07-31T19:30:33.985709Z  INFO herdr::logging: pane child exited event="pane.exit" subsystem="pane" outcome="completed" pane_id=7 status="ExitStatus { code: 1, signal: None }"
2026-07-31T19:30:33.988551Z  INFO herdr::logging: pane child exited event="pane.exit" subsystem="pane" outcome="completed" pane_id=8 status="ExitStatus { code: 1, signal: None }"
2026-07-31T19:30:33.990512Z  INFO herdr::logging: pane child exited event="pane.exit" subsystem="pane" outcome="completed" pane_id=6 status="ExitStatus { code: 1, signal: None }"
2026-07-31T19:30:33.991929Z  INFO herdr::pane: pane session terminated pane=5 pid=3442 signal=Hangup
2026-07-31T19:30:33.992185Z  INFO herdr::pane: pane session terminated pane=4 pid=3438 signal=Hangup
2026-07-31T19:30:33.992418Z  INFO herdr::logging: pane child exited event="pane.exit" subsystem="pane" outcome="completed" pane_id=2 status="ExitStatus { code: 1, signal: None }"
2026-07-31T19:30:33.996975Z  INFO herdr::pane: pane session terminated pane=7 pid=3452 signal=Hangup
2026-07-31T19:30:33.997557Z  INFO herdr::pane: pane session terminated pane=8 pid=3458 signal=Hangup
2026-07-31T19:30:33.997782Z  INFO herdr::pane: pane session terminated pane=6 pid=3446 signal=Hangup
2026-07-31T19:30:33.997993Z  INFO herdr::pane: pane session terminated pane=2 pid=3430 signal=Hangup
2026-07-31T19:30:34.041776Z  INFO herdr::server::headless: client disconnected client_id=2
2026-07-31T19:33:51.706895Z  INFO herdr::api::server: api server listening path=/home/Ronaldcdz/.config/herdr/herdr.sock
2026-07-31T19:33:51.713707Z  INFO herdr::logging: spawning pane terminal event="pane.spawn.start" subsystem="pane" outcome="started" pane_id=1 rows=24 cols=80 scrollback_limit_bytes=10000000
2026-07-31T19:33:51.716988Z  INFO herdr::logging: pane child spawned event="pane.spawned" subsystem="pane" outcome="ok" pane_id=1 pid=3709
2026-07-31T19:33:51.719838Z  INFO herdr::logging: spawning pane terminal event="pane.spawn.start" subsystem="pane" outcome="started" pane_id=2 rows=24 cols=80 scrollback_limit_bytes=10000000
2026-07-31T19:33:51.723541Z  INFO herdr::logging: pane child spawned event="pane.spawned" subsystem="pane" outcome="ok" pane_id=2 pid=3712
2026-07-31T19:33:51.724668Z  INFO herdr::logging: spawning pane terminal event="pane.spawn.start" subsystem="pane" outcome="started" pane_id=3 rows=24 cols=80 scrollback_limit_bytes=10000000
2026-07-31T19:33:51.731340Z  INFO herdr::logging: pane child spawned event="pane.spawned" subsystem="pane" outcome="ok" pane_id=3 pid=3715
2026-07-31T19:33:51.733553Z  INFO herdr::logging: spawning pane terminal event="pane.spawn.start" subsystem="pane" outcome="started" pane_id=4 rows=24 cols=80 scrollback_limit_bytes=10000000
2026-07-31T19:33:51.737209Z  INFO herdr::logging: pane child spawned event="pane.spawned" subsystem="pane" outcome="ok" pane_id=4 pid=3720
2026-07-31T19:33:51.740777Z  INFO herdr::logging: spawning pane terminal event="pane.spawn.start" subsystem="pane" outcome="started" pane_id=5 rows=24 cols=80 scrollback_limit_bytes=10000000
2026-07-31T19:33:51.743817Z  INFO herdr::logging: pane child spawned event="pane.spawned" subsystem="pane" outcome="ok" pane_id=5 pid=3724
2026-07-31T19:33:51.744796Z  INFO herdr::logging: spawning pane terminal event="pane.spawn.start" subsystem="pane" outcome="started" pane_id=6 rows=24 cols=80 scrollback_limit_bytes=10000000
2026-07-31T19:33:51.749094Z  INFO herdr::logging: pane child spawned event="pane.spawned" subsystem="pane" outcome="ok" pane_id=6 pid=3729
2026-07-31T19:33:51.750076Z  INFO herdr::logging: spawning pane terminal event="pane.spawn.start" subsystem="pane" outcome="started" pane_id=7 rows=24 cols=80 scrollback_limit_bytes=10000000
2026-07-31T19:33:51.754192Z  INFO herdr::logging: pane child spawned event="pane.spawned" subsystem="pane" outcome="ok" pane_id=7 pid=3734
2026-07-31T19:33:51.755302Z  INFO herdr::logging: spawning pane terminal event="pane.spawn.start" subsystem="pane" outcome="started" pane_id=8 rows=24 cols=80 scrollback_limit_bytes=10000000
2026-07-31T19:33:51.760242Z  INFO herdr::logging: pane child spawned event="pane.spawned" subsystem="pane" outcome="ok" pane_id=8 pid=3741
2026-07-31T19:33:51.764054Z  INFO herdr::logging: session restore evaluated event="persist.restore" subsystem="persist" outcome="ok" workspaces=4
2026-07-31T19:33:51.764175Z  INFO herdr::app: using pane scrollback configuration pane_scrollback_limit_bytes=10000000
2026-07-31T19:33:52.049681Z  INFO herdr::logging: checking for updates event="update.check.start" subsystem="update" outcome="started"
2026-07-31T19:33:52.053499Z  INFO herdr::server::headless: restored session already has workspaces; ignoring startup cwd cwd=/home/Ronaldcdz
2026-07-31T19:33:52.053750Z  INFO herdr::server::headless: client protocol socket listening path=/home/Ronaldcdz/.config/herdr/herdr-client.sock
2026-07-31T19:33:52.053796Z  INFO herdr::server::headless: herdr server started api_socket=/home/Ronaldcdz/.config/herdr/herdr.sock client_socket=/home/Ronaldcdz/.config/herdr/herdr-client.sock
2026-07-31T19:33:52.054123Z  INFO herdr::logging: herdr starting event="app.startup" subsystem="server" outcome="started" pid=3695
2026-07-31T19:33:52.274281Z  INFO herdr::server::headless: client connected client_id=2 cols=191 rows=46 cell_width_px=0 cell_height_px=0 render_encoding=SemanticFrame
2026-07-31T19:42:17.548161Z  INFO herdr::app::actions: copied selection to clipboard
2026-07-31T19:43:18.526427Z  INFO herdr::logging: spawning pane terminal event="pane.spawn.start" subsystem="pane" outcome="started" pane_id=9 rows=45 cols=170 scrollback_limit_bytes=10000000
2026-07-31T19:43:18.531151Z  INFO herdr::logging: pane child spawned event="pane.spawned" subsystem="pane" outcome="ok" pane_id=9 pid=8295
2026-07-31T19:43:18.531909Z  INFO herdr::logging: tab focused event="tab.focus" subsystem="tab" outcome="ok" workspace_id="w6" tab_id="w6:tF"
2026-07-31T19:43:23.547105Z  INFO herdr::logging: session saved event="persist.save" subsystem="persist" outcome="ok" path=/home/Ronaldcdz/.config/herdr/session.json workspaces=4
2026-07-31T19:43:25.789079Z  INFO herdr::app::actions: copied selection to clipboard
2026-07-31T19:43:44.096155Z  INFO herdr::logging: tab focused event="tab.focus" subsystem="tab" outcome="ok" workspace_id="w6" tab_id="w6:tE"
2026-07-31T19:43:49.100678Z  INFO herdr::logging: session saved event="persist.save" subsystem="persist" outcome="ok" path=/home/Ronaldcdz/.config/herdr/session.json workspaces=4
2026-07-31T19:45:49.283577Z  INFO herdr::server::headless: client resize client_id=2 cols=191 rows=47 cell_width_px=0 cell_height_px=0
2026-07-31T19:45:49.783769Z  INFO herdr::server::headless: client resize client_id=2 cols=191 rows=46 cell_width_px=0 cell_height_px=0
2026-07-31T19:51:02.256680Z  INFO herdr::server::headless: client resize client_id=2 cols=191 rows=47 cell_width_px=0 cell_height_px=0
2026-07-31T19:51:02.756886Z  INFO herdr::server::headless: client resize client_id=2 cols=191 rows=46 cell_width_px=0 cell_height_px=0
2026-07-31T19:57:25.011126Z  INFO herdr::app::actions: copied selection to clipboard
2026-07-31T20:00:42.110629Z  INFO herdr::logging: tab focused event="tab.focus" subsystem="tab" outcome="ok" workspace_id="w6" tab_id="w6:tF"
2026-07-31T20:00:46.679959Z  INFO herdr::logging: pane child exited event="pane.exit" subsystem="pane" outcome="completed" pane_id=9 status="ExitStatus { code: 1, signal: None }"
2026-07-31T20:00:46.715125Z  INFO herdr::pane: pane session terminated pane=9 pid=8295 signal=Hangup
2026-07-31T20:00:46.716090Z  WARN herdr::app::actions: PaneDied for unknown pane pane=9
2026-07-31T20:00:47.618820Z  INFO herdr::logging: spawning pane terminal event="pane.spawn.start" subsystem="pane" outcome="started" pane_id=10 rows=45 cols=170 scrollback_limit_bytes=10000000
2026-07-31T20:00:47.624466Z  INFO herdr::logging: pane child spawned event="pane.spawned" subsystem="pane" outcome="ok" pane_id=10 pid=12664
2026-07-31T20:00:47.625032Z  INFO herdr::logging: tab focused event="tab.focus" subsystem="tab" outcome="ok" workspace_id="w6" tab_id="w6:tG"
2026-07-31T20:00:52.631508Z  INFO herdr::logging: session saved event="persist.save" subsystem="persist" outcome="ok" path=/home/Ronaldcdz/.config/herdr/session.json workspaces=4
2026-07-31T20:01:05.619534Z  INFO herdr::logging: tab focused event="tab.focus" subsystem="tab" outcome="ok" workspace_id="w6" tab_id="w6:tE"
2026-07-31T20:01:10.623824Z  INFO herdr::logging: session saved event="persist.save" subsystem="persist" outcome="ok" path=/home/Ronaldcdz/.config/herdr/session.json workspaces=4
2026-07-31T20:03:52.051797Z  INFO herdr::logging: checking for updates event="update.check.start" subsystem="update" outcome="started"
2026-07-31T20:04:33.128223Z  INFO herdr::logging: tab focused event="tab.focus" subsystem="tab" outcome="ok" workspace_id="w6" tab_id="w6:tG"
2026-07-31T20:04:35.709081Z  INFO herdr::logging: tab focused event="tab.focus" subsystem="tab" outcome="ok" workspace_id="w6" tab_id="w6:tE"
2026-07-31T20:04:40.713895Z  INFO herdr::logging: session saved event="persist.save" subsystem="persist" outcome="ok" path=/home/Ronaldcdz/.config/herdr/session.json workspaces=4
2026-07-31T20:06:06.504478Z  INFO herdr::server::headless: client resize client_id=2 cols=191 rows=47 cell_width_px=0 cell_height_px=0
2026-07-31T20:06:06.996323Z  INFO herdr::server::headless: client resize client_id=2 cols=191 rows=46 cell_width_px=0 cell_height_px=0
2026-07-31T20:08:25.943699Z  INFO herdr::logging: pane child exited event="pane.exit" subsystem="pane" outcome="completed" pane_id=6 status="ExitStatus { code: 1, signal: None }"
2026-07-31T20:08:25.944381Z  INFO herdr::pane: pane session terminated pane=6 pid=3729 signal=Hangup
2026-07-31T20:08:25.955215Z  INFO herdr::logging: pane child exited event="pane.exit" subsystem="pane" outcome="completed" pane_id=4 status="ExitStatus { code: 1, signal: None }"
2026-07-31T20:08:25.961000Z  INFO herdr::logging: pane child exited event="pane.exit" subsystem="pane" outcome="completed" pane_id=8 status="ExitStatus { code: 1, signal: None }"
2026-07-31T20:08:25.961038Z  INFO herdr::logging: pane child exited event="pane.exit" subsystem="pane" outcome="completed" pane_id=2 status="ExitStatus { code: 1, signal: None }"
2026-07-31T20:08:25.968390Z  INFO herdr::logging: pane child exited event="pane.exit" subsystem="pane" outcome="completed" pane_id=3 status="ExitStatus { code: 1, signal: None }"
2026-07-31T20:08:25.968632Z  INFO herdr::logging: pane child exited event="pane.exit" subsystem="pane" outcome="completed" pane_id=5 status="ExitStatus { code: 1, signal: None }"
2026-07-31T20:08:26.006396Z  INFO herdr::logging: pane child exited event="pane.exit" subsystem="pane" outcome="completed" pane_id=7 status="ExitStatus { code: 1, signal: None }"
2026-07-31T20:08:26.018513Z  INFO herdr::pane: pane session terminated pane=4 pid=3720 signal=Hangup
2026-07-31T20:08:26.018938Z  INFO herdr::pane: pane session terminated pane=8 pid=3741 signal=Hangup
2026-07-31T20:08:26.019263Z  INFO herdr::pane: pane session terminated pane=2 pid=3712 signal=Hangup
2026-07-31T20:08:26.019671Z  INFO herdr::pane: pane session terminated pane=3 pid=3715 signal=Hangup
2026-07-31T20:08:26.019926Z  INFO herdr::pane: pane session terminated pane=5 pid=3724 signal=Hangup
2026-07-31T20:08:26.020157Z  INFO herdr::pane: pane session terminated pane=7 pid=3734 signal=Hangup
2026-07-31T20:08:26.024980Z  INFO herdr::server::headless: client disconnected client_id=2
2026-07-31T20:21:48.882271Z  INFO herdr::api::server: api server listening path=/home/Ronaldcdz/.config/herdr/herdr.sock
2026-07-31T20:21:48.887900Z  INFO herdr::logging: spawning pane terminal event="pane.spawn.start" subsystem="pane" outcome="started" pane_id=1 rows=24 cols=80 scrollback_limit_bytes=10000000
2026-07-31T20:21:48.890959Z  INFO herdr::logging: pane child spawned event="pane.spawned" subsystem="pane" outcome="ok" pane_id=1 pid=3430
2026-07-31T20:21:48.893450Z  INFO herdr::logging: spawning pane terminal event="pane.spawn.start" subsystem="pane" outcome="started" pane_id=2 rows=24 cols=80 scrollback_limit_bytes=10000000
2026-07-31T20:21:48.896195Z  INFO herdr::logging: pane child spawned event="pane.spawned" subsystem="pane" outcome="ok" pane_id=2 pid=3433
2026-07-31T20:21:48.897019Z  INFO herdr::logging: spawning pane terminal event="pane.spawn.start" subsystem="pane" outcome="started" pane_id=3 rows=24 cols=80 scrollback_limit_bytes=10000000
2026-07-31T20:21:48.899762Z  INFO herdr::logging: pane child spawned event="pane.spawned" subsystem="pane" outcome="ok" pane_id=3 pid=3436
2026-07-31T20:21:48.901928Z  INFO herdr::logging: spawning pane terminal event="pane.spawn.start" subsystem="pane" outcome="started" pane_id=4 rows=24 cols=80 scrollback_limit_bytes=10000000
2026-07-31T20:21:48.904861Z  INFO herdr::logging: pane child spawned event="pane.spawned" subsystem="pane" outcome="ok" pane_id=4 pid=3441
2026-07-31T20:21:48.908583Z  INFO herdr::logging: spawning pane terminal event="pane.spawn.start" subsystem="pane" outcome="started" pane_id=5 rows=24 cols=80 scrollback_limit_bytes=10000000
2026-07-31T20:21:48.912393Z  INFO herdr::logging: pane child spawned event="pane.spawned" subsystem="pane" outcome="ok" pane_id=5 pid=3445
2026-07-31T20:21:48.913391Z  INFO herdr::logging: spawning pane terminal event="pane.spawn.start" subsystem="pane" outcome="started" pane_id=6 rows=24 cols=80 scrollback_limit_bytes=10000000
2026-07-31T20:21:48.920732Z  INFO herdr::logging: pane child spawned event="pane.spawned" subsystem="pane" outcome="ok" pane_id=6 pid=3450
2026-07-31T20:21:48.921868Z  INFO herdr::logging: spawning pane terminal event="pane.spawn.start" subsystem="pane" outcome="started" pane_id=7 rows=24 cols=80 scrollback_limit_bytes=10000000
2026-07-31T20:21:48.926295Z  INFO herdr::logging: pane child spawned event="pane.spawned" subsystem="pane" outcome="ok" pane_id=7 pid=3454
2026-07-31T20:21:48.927237Z  INFO herdr::logging: spawning pane terminal event="pane.spawn.start" subsystem="pane" outcome="started" pane_id=8 rows=24 cols=80 scrollback_limit_bytes=10000000
2026-07-31T20:21:48.932830Z  INFO herdr::logging: pane child spawned event="pane.spawned" subsystem="pane" outcome="ok" pane_id=8 pid=3462
2026-07-31T20:21:48.933757Z  INFO herdr::logging: spawning pane terminal event="pane.spawn.start" subsystem="pane" outcome="started" pane_id=9 rows=24 cols=80 scrollback_limit_bytes=10000000
2026-07-31T20:21:48.938269Z  INFO herdr::logging: pane child spawned event="pane.spawned" subsystem="pane" outcome="ok" pane_id=9 pid=3470
2026-07-31T20:21:48.941934Z  INFO herdr::logging: session restore evaluated event="persist.restore" subsystem="persist" outcome="ok" workspaces=4
2026-07-31T20:21:48.942074Z  INFO herdr::app: using pane scrollback configuration pane_scrollback_limit_bytes=10000000
2026-07-31T20:21:49.200264Z  INFO herdr::logging: checking for updates event="update.check.start" subsystem="update" outcome="started"
2026-07-31T20:21:49.205444Z  INFO herdr::server::headless: restored session already has workspaces; ignoring startup cwd cwd=/home/Ronaldcdz
2026-07-31T20:21:49.205734Z  INFO herdr::server::headless: client protocol socket listening path=/home/Ronaldcdz/.config/herdr/herdr-client.sock
2026-07-31T20:21:49.205787Z  INFO herdr::server::headless: herdr server started api_socket=/home/Ronaldcdz/.config/herdr/herdr.sock client_socket=/home/Ronaldcdz/.config/herdr/herdr-client.sock
2026-07-31T20:21:49.206176Z  INFO herdr::logging: herdr starting event="app.startup" subsystem="server" outcome="started" pid=3416
2026-07-31T20:21:49.449318Z  INFO herdr::server::headless: client connected client_id=2 cols=191 rows=46 cell_width_px=0 cell_height_px=0 render_encoding=SemanticFrame
2026-07-31T20:23:12.542580Z  INFO herdr::logging: pane child exited event="pane.exit" subsystem="pane" outcome="completed" pane_id=9 status="ExitStatus { code: 1, signal: None }"
2026-07-31T20:23:12.543156Z  INFO herdr::logging: pane child exited event="pane.exit" subsystem="pane" outcome="completed" pane_id=5 status="ExitStatus { code: 1, signal: None }"
2026-07-31T20:23:12.543241Z  INFO herdr::pane: pane session terminated pane=9 pid=3470 signal=Hangup
2026-07-31T20:23:12.543440Z  INFO herdr::logging: pane child exited event="pane.exit" subsystem="pane" outcome="completed" pane_id=4 status="ExitStatus { code: 1, signal: None }"
2026-07-31T20:23:12.543965Z  INFO herdr::pane: pane session terminated pane=5 pid=3445 signal=Hangup
2026-07-31T20:23:12.547001Z  INFO herdr::pane: pane session terminated pane=4 pid=3441 signal=Hangup
2026-07-31T20:23:12.567078Z  INFO herdr::logging: pane child exited event="pane.exit" subsystem="pane" outcome="completed" pane_id=6 status="ExitStatus { code: 1, signal: None }"
2026-07-31T20:23:12.579391Z  INFO herdr::pane: pane session terminated pane=6 pid=3450 signal=Hangup
2026-07-31T20:23:12.579536Z  INFO herdr::server::headless: client disconnected client_id=2
2026-07-31T20:23:12.584042Z  INFO herdr::logging: pane child exited event="pane.exit" subsystem="pane" outcome="completed" pane_id=7 status="ExitStatus { code: 1, signal: None }"
2026-07-31T20:23:12.587228Z  INFO herdr::pane: pane session terminated pane=7 pid=3454 signal=Hangup
2026-07-31T20:23:12.587996Z  INFO herdr::logging: pane child exited event="pane.exit" subsystem="pane" outcome="completed" pane_id=8 status="ExitStatus { code: 1, signal: None }"
2026-07-31T20:23:12.588570Z  INFO herdr::pane: pane session terminated pane=8 pid=3462 signal=Hangup
2026-07-31T20:32:44.138809Z  INFO herdr::api::server: api server listening path=/home/Ronaldcdz/.config/herdr/herdr.sock
2026-07-31T20:32:44.144752Z  INFO herdr::logging: spawning pane terminal event="pane.spawn.start" subsystem="pane" outcome="started" pane_id=1 rows=24 cols=80 scrollback_limit_bytes=10000000
2026-07-31T20:32:44.147925Z  INFO herdr::logging: pane child spawned event="pane.spawned" subsystem="pane" outcome="ok" pane_id=1 pid=3250
2026-07-31T20:32:44.150300Z  INFO herdr::logging: spawning pane terminal event="pane.spawn.start" subsystem="pane" outcome="started" pane_id=2 rows=24 cols=80 scrollback_limit_bytes=10000000
2026-07-31T20:32:44.153504Z  INFO herdr::logging: pane child spawned event="pane.spawned" subsystem="pane" outcome="ok" pane_id=2 pid=3253
2026-07-31T20:32:44.154589Z  INFO herdr::logging: spawning pane terminal event="pane.spawn.start" subsystem="pane" outcome="started" pane_id=3 rows=24 cols=80 scrollback_limit_bytes=10000000
2026-07-31T20:32:44.158458Z  INFO herdr::logging: pane child spawned event="pane.spawned" subsystem="pane" outcome="ok" pane_id=3 pid=3257
2026-07-31T20:32:44.160832Z  INFO herdr::logging: spawning pane terminal event="pane.spawn.start" subsystem="pane" outcome="started" pane_id=4 rows=24 cols=80 scrollback_limit_bytes=10000000
2026-07-31T20:32:44.165049Z  INFO herdr::logging: pane child spawned event="pane.spawned" subsystem="pane" outcome="ok" pane_id=4 pid=3261
2026-07-31T20:32:44.169775Z  INFO herdr::logging: spawning pane terminal event="pane.spawn.start" subsystem="pane" outcome="started" pane_id=5 rows=24 cols=80 scrollback_limit_bytes=10000000
2026-07-31T20:32:44.173612Z  INFO herdr::logging: pane child spawned event="pane.spawned" subsystem="pane" outcome="ok" pane_id=5 pid=3265
2026-07-31T20:32:44.174664Z  INFO herdr::logging: spawning pane terminal event="pane.spawn.start" subsystem="pane" outcome="started" pane_id=6 rows=24 cols=80 scrollback_limit_bytes=10000000
2026-07-31T20:32:44.178757Z  INFO herdr::logging: pane child spawned event="pane.spawned" subsystem="pane" outcome="ok" pane_id=6 pid=3270
2026-07-31T20:32:44.179874Z  INFO herdr::logging: spawning pane terminal event="pane.spawn.start" subsystem="pane" outcome="started" pane_id=7 rows=24 cols=80 scrollback_limit_bytes=10000000
2026-07-31T20:32:44.184221Z  INFO herdr::logging: pane child spawned event="pane.spawned" subsystem="pane" outcome="ok" pane_id=7 pid=3275
2026-07-31T20:32:44.185246Z  INFO herdr::logging: spawning pane terminal event="pane.spawn.start" subsystem="pane" outcome="started" pane_id=8 rows=24 cols=80 scrollback_limit_bytes=10000000
2026-07-31T20:32:44.189761Z  INFO herdr::logging: pane child spawned event="pane.spawned" subsystem="pane" outcome="ok" pane_id=8 pid=3282
2026-07-31T20:32:44.190958Z  INFO herdr::logging: spawning pane terminal event="pane.spawn.start" subsystem="pane" outcome="started" pane_id=9 rows=24 cols=80 scrollback_limit_bytes=10000000
2026-07-31T20:32:44.195469Z  INFO herdr::logging: pane child spawned event="pane.spawned" subsystem="pane" outcome="ok" pane_id=9 pid=3288
2026-07-31T20:32:44.200358Z  INFO herdr::logging: session restore evaluated event="persist.restore" subsystem="persist" outcome="ok" workspaces=4
2026-07-31T20:32:44.201301Z  INFO herdr::app: using pane scrollback configuration pane_scrollback_limit_bytes=10000000
2026-07-31T20:32:44.489754Z  INFO herdr::logging: checking for updates event="update.check.start" subsystem="update" outcome="started"
2026-07-31T20:32:44.494455Z  INFO herdr::server::headless: restored session already has workspaces; ignoring startup cwd cwd=/home/Ronaldcdz
2026-07-31T20:32:44.494732Z  INFO herdr::server::headless: client protocol socket listening path=/home/Ronaldcdz/.config/herdr/herdr-client.sock
2026-07-31T20:32:44.494785Z  INFO herdr::server::headless: herdr server started api_socket=/home/Ronaldcdz/.config/herdr/herdr.sock client_socket=/home/Ronaldcdz/.config/herdr/herdr-client.sock
2026-07-31T20:32:44.495139Z  INFO herdr::logging: herdr starting event="app.startup" subsystem="server" outcome="started" pid=3236
2026-07-31T20:32:44.706286Z  INFO herdr::server::headless: client connected client_id=2 cols=191 rows=46 cell_width_px=0 cell_height_px=0 render_encoding=SemanticFrame
2026-07-31T20:32:59.057277Z  INFO herdr::logging: tab focused event="tab.focus" subsystem="tab" outcome="ok" workspace_id="w6" tab_id="w6:tG"
2026-07-31T20:33:03.464125Z  INFO herdr::logging: tab focused event="tab.focus" subsystem="tab" outcome="ok" workspace_id="w6" tab_id="w6:tE"
2026-07-31T20:33:08.465949Z  INFO herdr::logging: session saved event="persist.save" subsystem="persist" outcome="ok" path=/home/Ronaldcdz/.config/herdr/session.json workspaces=4
2026-07-31T20:47:37.066055Z  INFO herdr::server::headless: client resize client_id=2 cols=191 rows=47 cell_width_px=0 cell_height_px=0
2026-07-31T20:47:37.667504Z  INFO herdr::server::headless: client resize client_id=2 cols=191 rows=46 cell_width_px=0 cell_height_px=0
2026-08-02T22:23:31.681863Z  INFO herdr::server::headless: client resize client_id=2 cols=191 rows=47 cell_width_px=0 cell_height_px=0
2026-08-02T22:23:32.282432Z  INFO herdr::server::headless: client resize client_id=2 cols=191 rows=46 cell_width_px=0 cell_height_px=0
2026-08-02T22:23:37.123869Z  INFO herdr::logging: pane child exited event="pane.exit" subsystem="pane" outcome="completed" pane_id=5 status="ExitStatus { code: 1, signal: None }"
2026-08-02T22:23:37.124258Z  INFO herdr::logging: pane child exited event="pane.exit" subsystem="pane" outcome="completed" pane_id=4 status="ExitStatus { code: 1, signal: None }"
2026-08-02T22:23:37.124524Z  INFO herdr::pane: pane session terminated pane=5 pid=3265 signal=Hangup
2026-08-02T22:23:37.125768Z  INFO herdr::pane: pane session terminated pane=4 pid=3261 signal=Hangup
2026-08-02T22:23:37.128234Z  INFO herdr::logging: pane child exited event="pane.exit" subsystem="pane" outcome="completed" pane_id=8 status="ExitStatus { code: 1, signal: None }"
2026-08-02T22:23:37.128919Z  INFO herdr::logging: pane child exited event="pane.exit" subsystem="pane" outcome="completed" pane_id=7 status="ExitStatus { code: 1, signal: None }"
2026-08-02T22:23:37.138309Z  INFO herdr::logging: pane child exited event="pane.exit" subsystem="pane" outcome="completed" pane_id=3 status="ExitStatus { code: 1, signal: None }"
2026-08-02T22:23:37.138604Z  INFO herdr::logging: pane child exited event="pane.exit" subsystem="pane" outcome="completed" pane_id=9 status="ExitStatus { code: 1, signal: None }"
2026-08-02T22:23:37.164016Z  INFO herdr::logging: pane child exited event="pane.exit" subsystem="pane" outcome="completed" pane_id=6 status="ExitStatus { code: 1, signal: None }"
2026-08-02T22:23:37.186455Z  INFO herdr::pane: pane session terminated pane=8 pid=3282 signal=Hangup
2026-08-02T22:23:37.186701Z  INFO herdr::pane: pane session terminated pane=7 pid=3275 signal=Hangup
2026-08-02T22:23:37.186896Z  INFO herdr::pane: pane session terminated pane=3 pid=3257 signal=Hangup
2026-08-02T22:23:37.187099Z  INFO herdr::pane: pane session terminated pane=9 pid=3288 signal=Hangup
2026-08-02T22:23:37.187298Z  INFO herdr::pane: pane session terminated pane=6 pid=3270 signal=Hangup
2026-08-02T22:23:37.187815Z  INFO herdr::server::headless: client disconnected client_id=2
2026-07-25T00:01:38.741320Z  INFO herdr::api::server: api server listening path=/home/Ronaldcdz/.config/herdr/herdr.sock
2026-07-25T00:01:38.747185Z  INFO herdr::logging: spawning pane terminal event="pane.spawn.start" subsystem="pane" outcome="started" pane_id=1 rows=24 cols=80 scrollback_limit_bytes=10000000
2026-07-25T00:01:38.750400Z  INFO herdr::logging: pane child spawned event="pane.spawned" subsystem="pane" outcome="ok" pane_id=1 pid=2444
2026-07-25T00:01:38.752859Z  INFO herdr::logging: spawning pane terminal event="pane.spawn.start" subsystem="pane" outcome="started" pane_id=2 rows=24 cols=80 scrollback_limit_bytes=10000000
2026-07-25T00:01:38.755761Z  INFO herdr::logging: pane child spawned event="pane.spawned" subsystem="pane" outcome="ok" pane_id=2 pid=2447
2026-07-25T00:01:38.756752Z  INFO herdr::logging: spawning pane terminal event="pane.spawn.start" subsystem="pane" outcome="started" pane_id=3 rows=24 cols=80 scrollback_limit_bytes=10000000
2026-07-25T00:01:38.759750Z  INFO herdr::logging: pane child spawned event="pane.spawned" subsystem="pane" outcome="ok" pane_id=3 pid=2450
2026-07-25T00:01:38.762111Z  INFO herdr::logging: spawning pane terminal event="pane.spawn.start" subsystem="pane" outcome="started" pane_id=4 rows=24 cols=80 scrollback_limit_bytes=10000000
2026-07-25T00:01:38.769241Z  INFO herdr::logging: pane child spawned event="pane.spawned" subsystem="pane" outcome="ok" pane_id=4 pid=2454
2026-07-25T00:01:38.773783Z  INFO herdr::logging: spawning pane terminal event="pane.spawn.start" subsystem="pane" outcome="started" pane_id=5 rows=24 cols=80 scrollback_limit_bytes=10000000
2026-07-25T00:01:38.777118Z  INFO herdr::logging: pane child spawned event="pane.spawned" subsystem="pane" outcome="ok" pane_id=5 pid=2459
2026-07-25T00:01:38.778190Z  INFO herdr::logging: spawning pane terminal event="pane.spawn.start" subsystem="pane" outcome="started" pane_id=6 rows=24 cols=80 scrollback_limit_bytes=10000000
2026-07-25T00:01:38.782683Z  INFO herdr::logging: pane child spawned event="pane.spawned" subsystem="pane" outcome="ok" pane_id=6 pid=2463
2026-07-25T00:01:38.783814Z  INFO herdr::logging: spawning pane terminal event="pane.spawn.start" subsystem="pane" outcome="started" pane_id=7 rows=24 cols=80 scrollback_limit_bytes=10000000
2026-07-25T00:01:38.787816Z  INFO herdr::logging: pane child spawned event="pane.spawned" subsystem="pane" outcome="ok" pane_id=7 pid=2470
2026-07-25T00:01:38.788996Z  INFO herdr::logging: spawning pane terminal event="pane.spawn.start" subsystem="pane" outcome="started" pane_id=8 rows=24 cols=80 scrollback_limit_bytes=10000000
2026-07-25T00:01:38.793797Z  INFO herdr::logging: pane child spawned event="pane.spawned" subsystem="pane" outcome="ok" pane_id=8 pid=2477
2026-07-25T00:01:38.795060Z  INFO herdr::logging: spawning pane terminal event="pane.spawn.start" subsystem="pane" outcome="started" pane_id=9 rows=24 cols=80 scrollback_limit_bytes=10000000
2026-07-25T00:01:38.800256Z  INFO herdr::logging: pane child spawned event="pane.spawned" subsystem="pane" outcome="ok" pane_id=9 pid=2482
2026-07-25T00:01:38.806948Z  INFO herdr::logging: session restore evaluated event="persist.restore" subsystem="persist" outcome="ok" workspaces=4
2026-07-25T00:01:38.807125Z  INFO herdr::app: using pane scrollback configuration pane_scrollback_limit_bytes=10000000
2026-07-25T00:01:39.080188Z  INFO herdr::logging: checking for updates event="update.check.start" subsystem="update" outcome="started"
2026-07-25T00:01:39.083728Z  INFO herdr::server::headless: restored session already has workspaces; ignoring startup cwd cwd=/home/Ronaldcdz
2026-07-25T00:01:39.083976Z  INFO herdr::server::headless: client protocol socket listening path=/home/Ronaldcdz/.config/herdr/herdr-client.sock
2026-07-25T00:01:39.084019Z  INFO herdr::server::headless: herdr server started api_socket=/home/Ronaldcdz/.config/herdr/herdr.sock client_socket=/home/Ronaldcdz/.config/herdr/herdr-client.sock
2026-07-25T00:01:39.084359Z  INFO herdr::logging: herdr starting event="app.startup" subsystem="server" outcome="started" pid=2430
2026-07-25T00:01:39.090733Z  INFO herdr::server::headless: client connected client_id=2 cols=191 rows=46 cell_width_px=0 cell_height_px=0 render_encoding=SemanticFrame
2026-07-25T00:01:42.100234Z  WARN herdr::detect::manifest_update: agent detection manifest update failed: failed to fetch https://herdr.dev/agent-detection/index.toml
2026-07-25T00:01:46.100625Z  WARN herdr::logging: update check failed event="update.check.complete" subsystem="update" outcome="error" err="failed to fetch update manifest"
2026-08-03T23:00:28.973837Z  INFO herdr::server::headless: client resize client_id=2 cols=95 rows=46 cell_width_px=0 cell_height_px=0
2026-08-03T23:01:19.108856Z  INFO herdr::server::headless: client resize client_id=2 cols=191 rows=46 cell_width_px=0 cell_height_px=0
2026-08-03T23:26:17.192704Z  INFO herdr::logging: checking for updates event="update.check.start" subsystem="update" outcome="started"
2026-08-03T23:26:17.760975Z  INFO herdr::logging: update available event="update.available" subsystem="update" outcome="ok" version="0.8.0"
2026-08-03T23:26:17.761031Z  INFO herdr::update: new stable build available at https://github.com/herdrdev/herdr/releases/download/v0.8.0/herdr-linux-x86_64
2026-08-03T23:26:17.761767Z  INFO herdr::update: auto-update check: 0.8.0 available, waiting for explicit install
2026-08-03T23:28:15.203703Z  INFO herdr::app::actions: copied selection to clipboard
2026-08-03T23:32:44.127706Z  INFO herdr::logging: tab focused event="tab.focus" subsystem="tab" outcome="ok" workspace_id="w6" tab_id="w6:t2"
2026-08-03T23:32:49.133971Z  INFO herdr::logging: session saved event="persist.save" subsystem="persist" outcome="ok" path=/home/Ronaldcdz/.config/herdr/session.json workspaces=4
2026-08-03T23:33:11.007183Z  INFO herdr::logging: tab focused event="tab.focus" subsystem="tab" outcome="ok" workspace_id="w6" tab_id="w6:tE"
2026-08-03T23:33:15.808774Z  INFO herdr::logging: tab focused event="tab.focus" subsystem="tab" outcome="ok" workspace_id="w6" tab_id="w6:tG"
2026-08-03T23:33:16.941769Z  INFO herdr::logging: tab focused event="tab.focus" subsystem="tab" outcome="ok" workspace_id="w6" tab_id="w6:tE"
2026-08-03T23:33:21.946547Z  INFO herdr::logging: session saved event="persist.save" subsystem="persist" outcome="ok" path=/home/Ronaldcdz/.config/herdr/session.json workspaces=4
2026-08-03T23:37:40.186914Z  INFO herdr::server::headless: client resize client_id=2 cols=191 rows=44 cell_width_px=0 cell_height_px=0
2026-08-03T23:37:40.587613Z  INFO herdr::server::headless: client resize client_id=2 cols=174 rows=42 cell_width_px=0 cell_height_px=0
2026-08-03T23:37:40.888021Z  INFO herdr::server::headless: client resize client_id=2 cols=174 rows=39 cell_width_px=0 cell_height_px=0
2026-08-03T23:37:41.088375Z  INFO herdr::server::headless: client resize client_id=2 cols=159 rows=37 cell_width_px=0 cell_height_px=0
2026-08-03T23:37:41.489005Z  INFO herdr::server::headless: client resize client_id=2 cols=159 rows=36 cell_width_px=0 cell_height_px=0
2026-08-03T23:37:41.889718Z  INFO herdr::server::headless: client resize client_id=2 cols=147 rows=35 cell_width_px=0 cell_height_px=0
2026-08-03T23:37:42.390674Z  INFO herdr::server::headless: client resize client_id=2 cols=147 rows=34 cell_width_px=0 cell_height_px=0
2026-08-03T23:37:42.791358Z  INFO herdr::server::headless: client resize client_id=2 cols=136 rows=34 cell_width_px=0 cell_height_px=0
2026-08-03T23:37:43.192004Z  INFO herdr::server::headless: client resize client_id=2 cols=136 rows=32 cell_width_px=0 cell_height_px=0
2026-08-03T23:37:43.692953Z  INFO herdr::server::headless: client resize client_id=2 cols=136 rows=30 cell_width_px=0 cell_height_px=0
2026-08-03T23:37:44.193668Z  INFO herdr::server::headless: client resize client_id=2 cols=127 rows=30 cell_width_px=0 cell_height_px=0
2026-08-03T23:37:45.495548Z  INFO herdr::server::headless: client resize client_id=2 cols=119 rows=28 cell_width_px=0 cell_height_px=0
2026-08-03T23:44:15.243623Z  INFO herdr::server::headless: client disconnected client_id=2
2026-08-03T23:45:37.936792Z  INFO herdr::server::headless: client connected client_id=4 cols=80 rows=24 cell_width_px=0 cell_height_px=0 render_encoding=SemanticFrame
2026-08-03T23:45:38.041473Z  INFO herdr::server::headless: client resize client_id=4 cols=191 rows=46 cell_width_px=0 cell_height_px=0
2026-08-03T23:45:41.448000Z  INFO herdr::server::headless: client resize client_id=4 cols=191 rows=44 cell_width_px=0 cell_height_px=0
2026-08-03T23:45:42.048960Z  INFO herdr::server::headless: client resize client_id=4 cols=174 rows=42 cell_width_px=0 cell_height_px=0
2026-08-03T23:45:42.195762Z  INFO herdr::server::headless: client resize client_id=4 cols=174 rows=39 cell_width_px=0 cell_height_px=0
2026-08-03T23:45:42.259580Z  INFO herdr::server::headless: client resize client_id=4 cols=159 rows=36 cell_width_px=0 cell_height_px=0
2026-08-03T23:45:42.413508Z  INFO herdr::server::headless: client resize client_id=4 cols=147 rows=34 cell_width_px=0 cell_height_px=0
2026-08-03T23:45:42.472849Z  INFO herdr::server::headless: client resize client_id=4 cols=136 rows=30 cell_width_px=0 cell_height_px=0
2026-08-03T23:45:42.620399Z  INFO herdr::server::headless: client resize client_id=4 cols=127 rows=30 cell_width_px=0 cell_height_px=0
2026-08-03T23:45:42.657711Z  INFO herdr::server::headless: client resize client_id=4 cols=119 rows=28 cell_width_px=0 cell_height_px=0
2026-08-03T23:55:38.326206Z  INFO herdr::logging: pane child exited event="pane.exit" subsystem="pane" outcome="completed" pane_id=3 status="ExitStatus { code: 1, signal: None }"
2026-08-03T23:55:38.326857Z  INFO herdr::pane: pane session terminated pane=3 pid=2450 signal=Hangup
2026-08-03T23:55:38.327408Z  INFO herdr::logging: pane child exited event="pane.exit" subsystem="pane" outcome="completed" pane_id=6 status="ExitStatus { code: 1, signal: None }"
2026-08-03T23:55:38.327763Z  INFO herdr::logging: pane child exited event="pane.exit" subsystem="pane" outcome="completed" pane_id=7 status="ExitStatus { code: 1, signal: None }"
2026-08-03T23:55:38.328179Z  INFO herdr::pane: pane session terminated pane=6 pid=2463 signal=Hangup
2026-08-03T23:55:38.328354Z  INFO herdr::logging: pane child exited event="pane.exit" subsystem="pane" outcome="completed" pane_id=5 status="ExitStatus { code: 1, signal: None }"
2026-08-03T23:55:38.328842Z  INFO herdr::pane: pane session terminated pane=7 pid=2470 signal=Hangup
2026-08-03T23:55:38.329716Z  INFO herdr::pane: pane session terminated pane=5 pid=2459 signal=Hangup
2026-08-03T23:55:38.331682Z  INFO herdr::logging: pane child exited event="pane.exit" subsystem="pane" outcome="completed" pane_id=9 status="ExitStatus { code: 1, signal: None }"
2026-08-03T23:55:38.333268Z  INFO herdr::pane: pane session terminated pane=9 pid=2482 signal=Hangup
2026-08-03T23:55:38.343751Z  INFO herdr::logging: pane child exited event="pane.exit" subsystem="pane" outcome="completed" pane_id=4 status="ExitStatus { code: 1, signal: None }"
2026-08-03T23:55:38.376816Z  INFO herdr::pane: pane session terminated pane=4 pid=2454 signal=Hangup
2026-08-03T23:55:38.381793Z  INFO herdr::logging: pane child exited event="pane.exit" subsystem="pane" outcome="completed" pane_id=8 status="ExitStatus { code: 1, signal: None }"
2026-08-03T23:55:38.396802Z  INFO herdr::pane: pane session terminated pane=8 pid=2477 signal=Hangup
2026-08-03T23:55:38.397252Z  INFO herdr::server::headless: client disconnected client_id=4
2026-08-03T23:57:42.534918Z  INFO herdr::api::server: api server listening path=/home/Ronaldcdz/.config/herdr/herdr.sock
2026-08-03T23:57:42.541842Z  INFO herdr::logging: spawning pane terminal event="pane.spawn.start" subsystem="pane" outcome="started" pane_id=1 rows=24 cols=80 scrollback_limit_bytes=10000000
2026-08-03T23:57:42.545060Z  INFO herdr::logging: pane child spawned event="pane.spawned" subsystem="pane" outcome="ok" pane_id=1 pid=2508
2026-08-03T23:57:42.548044Z  INFO herdr::logging: spawning pane terminal event="pane.spawn.start" subsystem="pane" outcome="started" pane_id=2 rows=24 cols=80 scrollback_limit_bytes=10000000
2026-08-03T23:57:42.552387Z  INFO herdr::logging: pane child spawned event="pane.spawned" subsystem="pane" outcome="ok" pane_id=2 pid=2511
2026-08-03T23:57:42.553404Z  INFO herdr::logging: spawning pane terminal event="pane.spawn.start" subsystem="pane" outcome="started" pane_id=3 rows=24 cols=80 scrollback_limit_bytes=10000000
2026-08-03T23:57:42.556342Z  INFO herdr::logging: pane child spawned event="pane.spawned" subsystem="pane" outcome="ok" pane_id=3 pid=2515
2026-08-03T23:57:42.558517Z  INFO herdr::logging: spawning pane terminal event="pane.spawn.start" subsystem="pane" outcome="started" pane_id=4 rows=24 cols=80 scrollback_limit_bytes=10000000
2026-08-03T23:57:42.562217Z  INFO herdr::logging: pane child spawned event="pane.spawned" subsystem="pane" outcome="ok" pane_id=4 pid=2519
2026-08-03T23:57:42.565657Z  INFO herdr::logging: spawning pane terminal event="pane.spawn.start" subsystem="pane" outcome="started" pane_id=5 rows=24 cols=80 scrollback_limit_bytes=10000000
2026-08-03T23:57:42.569601Z  INFO herdr::logging: pane child spawned event="pane.spawned" subsystem="pane" outcome="ok" pane_id=5 pid=2522
2026-08-03T23:57:42.570545Z  INFO herdr::logging: spawning pane terminal event="pane.spawn.start" subsystem="pane" outcome="started" pane_id=6 rows=24 cols=80 scrollback_limit_bytes=10000000
2026-08-03T23:57:42.574318Z  INFO herdr::logging: pane child spawned event="pane.spawned" subsystem="pane" outcome="ok" pane_id=6 pid=2527
2026-08-03T23:57:42.575273Z  INFO herdr::logging: spawning pane terminal event="pane.spawn.start" subsystem="pane" outcome="started" pane_id=7 rows=24 cols=80 scrollback_limit_bytes=10000000
2026-08-03T23:57:42.579958Z  INFO herdr::logging: pane child spawned event="pane.spawned" subsystem="pane" outcome="ok" pane_id=7 pid=2532
2026-08-03T23:57:42.580821Z  INFO herdr::logging: spawning pane terminal event="pane.spawn.start" subsystem="pane" outcome="started" pane_id=8 rows=24 cols=80 scrollback_limit_bytes=10000000
2026-08-03T23:57:42.583969Z  INFO herdr::logging: pane child spawned event="pane.spawned" subsystem="pane" outcome="ok" pane_id=8 pid=2537
2026-08-03T23:57:42.585056Z  INFO herdr::logging: spawning pane terminal event="pane.spawn.start" subsystem="pane" outcome="started" pane_id=9 rows=24 cols=80 scrollback_limit_bytes=10000000
2026-08-03T23:57:42.589734Z  INFO herdr::logging: pane child spawned event="pane.spawned" subsystem="pane" outcome="ok" pane_id=9 pid=2543
2026-08-03T23:57:42.593186Z  INFO herdr::logging: session restore evaluated event="persist.restore" subsystem="persist" outcome="ok" workspaces=4
2026-08-03T23:57:42.593328Z  INFO herdr::app: using pane scrollback configuration pane_scrollback_limit_bytes=10000000
2026-08-03T23:57:42.827996Z  INFO herdr::logging: checking for updates event="update.check.start" subsystem="update" outcome="started"
2026-08-03T23:57:42.834272Z  INFO herdr::server::headless: restored session already has workspaces; ignoring startup cwd cwd=/home/Ronaldcdz
2026-08-03T23:57:42.834546Z  INFO herdr::server::headless: client protocol socket listening path=/home/Ronaldcdz/.config/herdr/herdr-client.sock
2026-08-03T23:57:42.834594Z  INFO herdr::server::headless: herdr server started api_socket=/home/Ronaldcdz/.config/herdr/herdr.sock client_socket=/home/Ronaldcdz/.config/herdr/herdr-client.sock
2026-08-03T23:57:42.834937Z  INFO herdr::logging: herdr starting event="app.startup" subsystem="server" outcome="started" pid=2494
2026-08-03T23:57:43.093686Z  INFO herdr::server::headless: client connected client_id=2 cols=191 rows=46 cell_width_px=0 cell_height_px=0 render_encoding=SemanticFrame
2026-08-03T23:57:44.061674Z  INFO herdr::logging: update available event="update.available" subsystem="update" outcome="ok" version="0.8.0"
2026-08-03T23:57:44.061725Z  INFO herdr::update: new stable build available at https://github.com/herdrdev/herdr/releases/download/v0.8.0/herdr-linux-x86_64
2026-08-03T23:57:44.062950Z  INFO herdr::update: auto-update check: 0.8.0 available, waiting for explicit install
2026-08-03T23:59:10.510741Z  INFO herdr::server::headless: client disconnected client_id=2
2026-08-04T00:00:03.988708Z  INFO herdr::logging: pane child exited event="pane.exit" subsystem="pane" outcome="completed" pane_id=2 status="ExitStatus { code: 1, signal: None }"
2026-08-04T00:00:03.989304Z  INFO herdr::pane: pane session terminated pane=2 pid=2511 signal=Hangup
2026-08-04T00:00:03.999991Z  INFO herdr::logging: pane child exited event="pane.exit" subsystem="pane" outcome="completed" pane_id=4 status="ExitStatus { code: 1, signal: None }"
2026-08-04T00:00:04.000539Z  INFO herdr::pane: pane session terminated pane=4 pid=2519 signal=Hangup
2026-08-04T00:00:04.020854Z  INFO herdr::logging: pane child exited event="pane.exit" subsystem="pane" outcome="completed" pane_id=7 status="ExitStatus { code: 1, signal: None }"
2026-08-04T00:00:04.021272Z  INFO herdr::pane: pane session terminated pane=7 pid=2532 signal=Hangup
2026-08-04T00:00:04.022316Z  INFO herdr::logging: pane child exited event="pane.exit" subsystem="pane" outcome="completed" pane_id=6 status="ExitStatus { code: 1, signal: None }"
2026-08-04T00:00:04.022690Z  INFO herdr::pane: pane session terminated pane=6 pid=2527 signal=Hangup
2026-08-04T00:00:04.022970Z  INFO herdr::logging: pane child exited event="pane.exit" subsystem="pane" outcome="completed" pane_id=3 status="ExitStatus { code: 1, signal: None }"
2026-08-04T00:00:04.023970Z  INFO herdr::pane: pane session terminated pane=3 pid=2515 signal=Hangup
2026-08-04T00:00:04.026214Z  INFO herdr::logging: pane child exited event="pane.exit" subsystem="pane" outcome="completed" pane_id=5 status="ExitStatus { code: 1, signal: None }"
2026-08-04T00:00:04.029721Z  INFO herdr::pane: pane session terminated pane=5 pid=2522 signal=Hangup
2026-08-04T00:00:04.036495Z  INFO herdr::logging: pane child exited event="pane.exit" subsystem="pane" outcome="completed" pane_id=9 status="ExitStatus { code: 1, signal: None }"
2026-08-04T00:00:04.036810Z  INFO herdr::pane: pane session terminated pane=9 pid=2543 signal=Hangup
2026-08-04T00:00:04.051947Z  INFO herdr::logging: pane child exited event="pane.exit" subsystem="pane" outcome="completed" pane_id=8 status="ExitStatus { code: 1, signal: None }"
2026-08-04T00:00:04.052797Z  INFO herdr::pane: pane session terminated pane=8 pid=2537 signal=Hangup
2026-08-04T00:01:11.219355Z  INFO herdr::api::server: api server listening path=/home/Ronaldcdz/.config/herdr/herdr.sock
2026-08-04T00:01:11.225964Z  INFO herdr::logging: spawning pane terminal event="pane.spawn.start" subsystem="pane" outcome="started" pane_id=1 rows=24 cols=80 scrollback_limit_bytes=10000000
2026-08-04T00:01:11.228935Z  INFO herdr::logging: pane child spawned event="pane.spawned" subsystem="pane" outcome="ok" pane_id=1 pid=2515
2026-08-04T00:01:11.231755Z  INFO herdr::logging: spawning pane terminal event="pane.spawn.start" subsystem="pane" outcome="started" pane_id=2 rows=24 cols=80 scrollback_limit_bytes=10000000
2026-08-04T00:01:11.234514Z  INFO herdr::logging: pane child spawned event="pane.spawned" subsystem="pane" outcome="ok" pane_id=2 pid=2518
2026-08-04T00:01:11.235420Z  INFO herdr::logging: spawning pane terminal event="pane.spawn.start" subsystem="pane" outcome="started" pane_id=3 rows=24 cols=80 scrollback_limit_bytes=10000000
2026-08-04T00:01:11.238160Z  INFO herdr::logging: pane child spawned event="pane.spawned" subsystem="pane" outcome="ok" pane_id=3 pid=2521
2026-08-04T00:01:11.240157Z  INFO herdr::logging: spawning pane terminal event="pane.spawn.start" subsystem="pane" outcome="started" pane_id=4 rows=24 cols=80 scrollback_limit_bytes=10000000
2026-08-04T00:01:11.244394Z  INFO herdr::logging: pane child spawned event="pane.spawned" subsystem="pane" outcome="ok" pane_id=4 pid=2524
2026-08-04T00:01:11.250563Z  INFO herdr::logging: spawning pane terminal event="pane.spawn.start" subsystem="pane" outcome="started" pane_id=5 rows=24 cols=80 scrollback_limit_bytes=10000000
2026-08-04T00:01:11.254202Z  INFO herdr::logging: pane child spawned event="pane.spawned" subsystem="pane" outcome="ok" pane_id=5 pid=2530
2026-08-04T00:01:11.255113Z  INFO herdr::logging: spawning pane terminal event="pane.spawn.start" subsystem="pane" outcome="started" pane_id=6 rows=24 cols=80 scrollback_limit_bytes=10000000
2026-08-04T00:01:11.258492Z  INFO herdr::logging: pane child spawned event="pane.spawned" subsystem="pane" outcome="ok" pane_id=6 pid=2534
2026-08-04T00:01:11.259676Z  INFO herdr::logging: spawning pane terminal event="pane.spawn.start" subsystem="pane" outcome="started" pane_id=7 rows=24 cols=80 scrollback_limit_bytes=10000000
2026-08-04T00:01:11.263549Z  INFO herdr::logging: pane child spawned event="pane.spawned" subsystem="pane" outcome="ok" pane_id=7 pid=2537
2026-08-04T00:01:11.264603Z  INFO herdr::logging: spawning pane terminal event="pane.spawn.start" subsystem="pane" outcome="started" pane_id=8 rows=24 cols=80 scrollback_limit_bytes=10000000
2026-08-04T00:01:11.269072Z  INFO herdr::logging: pane child spawned event="pane.spawned" subsystem="pane" outcome="ok" pane_id=8 pid=2543
2026-08-04T00:01:11.270028Z  INFO herdr::logging: spawning pane terminal event="pane.spawn.start" subsystem="pane" outcome="started" pane_id=9 rows=24 cols=80 scrollback_limit_bytes=10000000
2026-08-04T00:01:11.280127Z  INFO herdr::logging: pane child spawned event="pane.spawned" subsystem="pane" outcome="ok" pane_id=9 pid=2551
2026-08-04T00:01:11.283669Z  INFO herdr::logging: session restore evaluated event="persist.restore" subsystem="persist" outcome="ok" workspaces=4
2026-08-04T00:01:11.283818Z  INFO herdr::app: using pane scrollback configuration pane_scrollback_limit_bytes=10000000
2026-08-04T00:01:11.550766Z  INFO herdr::logging: checking for updates event="update.check.start" subsystem="update" outcome="started"
2026-08-04T00:01:11.558455Z  INFO herdr::server::headless: restored session already has workspaces; ignoring startup cwd cwd=/home/Ronaldcdz
2026-08-04T00:01:11.559000Z  INFO herdr::server::headless: client protocol socket listening path=/home/Ronaldcdz/.config/herdr/herdr-client.sock
2026-08-04T00:01:11.559054Z  INFO herdr::server::headless: herdr server started api_socket=/home/Ronaldcdz/.config/herdr/herdr.sock client_socket=/home/Ronaldcdz/.config/herdr/herdr-client.sock
2026-08-04T00:01:11.559418Z  INFO herdr::logging: herdr starting event="app.startup" subsystem="server" outcome="started" pid=2501
2026-08-04T00:01:11.785502Z  INFO herdr::server::headless: client connected client_id=2 cols=191 rows=46 cell_width_px=0 cell_height_px=0 render_encoding=SemanticFrame
2026-08-04T00:01:12.292593Z  INFO herdr::logging: update available event="update.available" subsystem="update" outcome="ok" version="0.8.0"
2026-08-04T00:01:12.292630Z  INFO herdr::update: new stable build available at https://github.com/herdrdev/herdr/releases/download/v0.8.0/herdr-linux-x86_64
2026-08-04T00:01:12.293174Z  INFO herdr::update: auto-update check: 0.8.0 available, waiting for explicit install
2026-08-04T00:01:51.742817Z  INFO herdr::logging: pane child exited event="pane.exit" subsystem="pane" outcome="completed" pane_id=2 status="ExitStatus { code: 1, signal: None }"
2026-08-04T00:01:51.743183Z  INFO herdr::logging: pane child exited event="pane.exit" subsystem="pane" outcome="completed" pane_id=3 status="ExitStatus { code: 1, signal: None }"
2026-08-04T00:01:51.743300Z  INFO herdr::logging: pane child exited event="pane.exit" subsystem="pane" outcome="completed" pane_id=6 status="ExitStatus { code: 1, signal: None }"
2026-08-04T00:01:51.743363Z  INFO herdr::pane: pane session terminated pane=2 pid=2518 signal=Hangup
2026-08-04T00:01:51.744223Z  INFO herdr::logging: pane child exited event="pane.exit" subsystem="pane" outcome="completed" pane_id=8 status="ExitStatus { code: 1, signal: None }"
2026-08-04T00:01:51.744429Z  INFO herdr::logging: pane child exited event="pane.exit" subsystem="pane" outcome="completed" pane_id=7 status="ExitStatus { code: 1, signal: None }"
2026-08-04T00:01:51.744576Z  INFO herdr::pane: pane session terminated pane=3 pid=2521 signal=Hangup
2026-08-04T00:01:51.745373Z  INFO herdr::pane: pane session terminated pane=6 pid=2534 signal=Hangup
2026-08-04T00:01:51.745889Z  INFO herdr::pane: pane session terminated pane=8 pid=2543 signal=Hangup
2026-08-04T00:01:51.747173Z  INFO herdr::pane: pane session terminated pane=7 pid=2537 signal=Hangup
2026-08-04T00:01:51.761099Z  INFO herdr::logging: pane child exited event="pane.exit" subsystem="pane" outcome="completed" pane_id=4 status="ExitStatus { code: 1, signal: None }"
2026-08-04T00:01:51.764301Z  INFO herdr::logging: pane child exited event="pane.exit" subsystem="pane" outcome="completed" pane_id=5 status="ExitStatus { code: 1, signal: None }"
2026-08-04T00:01:51.776369Z  INFO herdr::pane: pane session terminated pane=4 pid=2524 signal=Hangup
2026-08-04T00:01:51.777409Z  INFO herdr::pane: pane session terminated pane=5 pid=2530 signal=Hangup
2026-08-04T00:01:51.777411Z  INFO herdr::logging: pane child exited event="pane.exit" subsystem="pane" outcome="completed" pane_id=9 status="ExitStatus { code: 1, signal: None }"
2026-08-04T00:01:51.778560Z  INFO herdr::pane: pane session terminated pane=9 pid=2551 signal=Hangup
2026-08-04T00:01:51.779154Z  INFO herdr::server::headless: client disconnected client_id=2
2026-08-04T00:03:14.840576Z  INFO herdr::api::server: api server listening path=/home/Ronaldcdz/.config/herdr/herdr.sock
2026-08-04T00:03:14.847076Z  INFO herdr::logging: spawning pane terminal event="pane.spawn.start" subsystem="pane" outcome="started" pane_id=1 rows=24 cols=80 scrollback_limit_bytes=10000000
2026-08-04T00:03:14.850094Z  INFO herdr::logging: pane child spawned event="pane.spawned" subsystem="pane" outcome="ok" pane_id=1 pid=2465
2026-08-04T00:03:14.853095Z  INFO herdr::logging: spawning pane terminal event="pane.spawn.start" subsystem="pane" outcome="started" pane_id=2 rows=24 cols=80 scrollback_limit_bytes=10000000
2026-08-04T00:03:14.856409Z  INFO herdr::logging: pane child spawned event="pane.spawned" subsystem="pane" outcome="ok" pane_id=2 pid=2468
2026-08-04T00:03:14.857422Z  INFO herdr::logging: spawning pane terminal event="pane.spawn.start" subsystem="pane" outcome="started" pane_id=3 rows=24 cols=80 scrollback_limit_bytes=10000000
2026-08-04T00:03:14.860839Z  INFO herdr::logging: pane child spawned event="pane.spawned" subsystem="pane" outcome="ok" pane_id=3 pid=2472
2026-08-04T00:03:14.863022Z  INFO herdr::logging: spawning pane terminal event="pane.spawn.start" subsystem="pane" outcome="started" pane_id=4 rows=24 cols=80 scrollback_limit_bytes=10000000
2026-08-04T00:03:14.866441Z  INFO herdr::logging: pane child spawned event="pane.spawned" subsystem="pane" outcome="ok" pane_id=4 pid=2476
2026-08-04T00:03:14.872063Z  INFO herdr::logging: spawning pane terminal event="pane.spawn.start" subsystem="pane" outcome="started" pane_id=5 rows=24 cols=80 scrollback_limit_bytes=10000000
2026-08-04T00:03:14.878078Z  INFO herdr::logging: pane child spawned event="pane.spawned" subsystem="pane" outcome="ok" pane_id=5 pid=2481
2026-08-04T00:03:14.880795Z  INFO herdr::logging: spawning pane terminal event="pane.spawn.start" subsystem="pane" outcome="started" pane_id=6 rows=24 cols=80 scrollback_limit_bytes=10000000
2026-08-04T00:03:14.885023Z  INFO herdr::logging: pane child spawned event="pane.spawned" subsystem="pane" outcome="ok" pane_id=6 pid=2486
2026-08-04T00:03:14.886074Z  INFO herdr::logging: spawning pane terminal event="pane.spawn.start" subsystem="pane" outcome="started" pane_id=7 rows=24 cols=80 scrollback_limit_bytes=10000000
2026-08-04T00:03:14.890379Z  INFO herdr::logging: pane child spawned event="pane.spawned" subsystem="pane" outcome="ok" pane_id=7 pid=2491
2026-08-04T00:03:14.891431Z  INFO herdr::logging: spawning pane terminal event="pane.spawn.start" subsystem="pane" outcome="started" pane_id=8 rows=24 cols=80 scrollback_limit_bytes=10000000
2026-08-04T00:03:14.896073Z  INFO herdr::logging: pane child spawned event="pane.spawned" subsystem="pane" outcome="ok" pane_id=8 pid=2499
2026-08-04T00:03:14.897092Z  INFO herdr::logging: spawning pane terminal event="pane.spawn.start" subsystem="pane" outcome="started" pane_id=9 rows=24 cols=80 scrollback_limit_bytes=10000000
2026-08-04T00:03:14.901528Z  INFO herdr::logging: pane child spawned event="pane.spawned" subsystem="pane" outcome="ok" pane_id=9 pid=2507
2026-08-04T00:03:14.914723Z  INFO herdr::logging: session restore evaluated event="persist.restore" subsystem="persist" outcome="ok" workspaces=4
2026-08-04T00:03:14.914883Z  INFO herdr::app: using pane scrollback configuration pane_scrollback_limit_bytes=10000000
2026-08-04T00:03:15.195097Z  INFO herdr::logging: checking for updates event="update.check.start" subsystem="update" outcome="started"
2026-08-04T00:03:15.200704Z  INFO herdr::server::headless: restored session already has workspaces; ignoring startup cwd cwd=/home/Ronaldcdz
2026-08-04T00:03:15.200978Z  INFO herdr::server::headless: client protocol socket listening path=/home/Ronaldcdz/.config/herdr/herdr-client.sock
2026-08-04T00:03:15.201026Z  INFO herdr::server::headless: herdr server started api_socket=/home/Ronaldcdz/.config/herdr/herdr.sock client_socket=/home/Ronaldcdz/.config/herdr/herdr-client.sock
2026-08-04T00:03:15.201401Z  INFO herdr::logging: herdr starting event="app.startup" subsystem="server" outcome="started" pid=2451
2026-08-04T00:03:15.404165Z  INFO herdr::server::headless: client connected client_id=2 cols=191 rows=46 cell_width_px=0 cell_height_px=0 render_encoding=SemanticFrame
2026-08-04T00:03:17.401885Z  INFO herdr::logging: update available event="update.available" subsystem="update" outcome="ok" version="0.8.0"
2026-08-04T00:03:17.401945Z  INFO herdr::update: new stable build available at https://github.com/herdrdev/herdr/releases/download/v0.8.0/herdr-linux-x86_64
2026-08-04T00:03:17.403142Z  INFO herdr::update: auto-update check: 0.8.0 available, waiting for explicit install
2026-08-04T00:12:37.705887Z  INFO herdr::logging: pane child exited event="pane.exit" subsystem="pane" outcome="completed" pane_id=4 status="ExitStatus { code: 1, signal: None }"
2026-08-04T00:12:37.706308Z  INFO herdr::pane: pane session terminated pane=4 pid=2476 signal=Hangup
2026-08-04T00:12:37.706479Z  INFO herdr::logging: pane child exited event="pane.exit" subsystem="pane" outcome="completed" pane_id=9 status="ExitStatus { code: 1, signal: None }"
2026-08-04T00:12:37.707844Z  INFO herdr::logging: pane child exited event="pane.exit" subsystem="pane" outcome="completed" pane_id=5 status="ExitStatus { code: 1, signal: None }"
2026-08-04T00:12:37.720033Z  INFO herdr::logging: pane child exited event="pane.exit" subsystem="pane" outcome="completed" pane_id=8 status="ExitStatus { code: 1, signal: None }"
2026-08-04T00:12:37.724955Z  INFO herdr::logging: pane child exited event="pane.exit" subsystem="pane" outcome="completed" pane_id=6 status="ExitStatus { code: 1, signal: None }"
2026-08-04T00:12:37.730169Z  INFO herdr::pane: pane session terminated pane=9 pid=2507 signal=Hangup
2026-08-04T00:12:37.730802Z  INFO herdr::pane: pane session terminated pane=5 pid=2481 signal=Hangup
2026-08-04T00:12:37.731072Z  INFO herdr::pane: pane session terminated pane=8 pid=2499 signal=Hangup
2026-08-04T00:12:37.731278Z  INFO herdr::pane: pane session terminated pane=6 pid=2486 signal=Hangup
2026-08-04T00:12:37.738948Z  INFO herdr::logging: pane child exited event="pane.exit" subsystem="pane" outcome="completed" pane_id=7 status="ExitStatus { code: 1, signal: None }"
2026-08-04T00:12:37.772201Z  INFO herdr::pane: pane session terminated pane=7 pid=2491 signal=Hangup
2026-08-04T00:12:37.772710Z  INFO herdr::server::headless: client disconnected client_id=2
2026-08-04T00:15:30.489756Z  INFO herdr::api::server: api server listening path=/home/Ronaldcdz/.config/herdr/herdr.sock
2026-08-04T00:15:30.495456Z  INFO herdr::logging: spawning pane terminal event="pane.spawn.start" subsystem="pane" outcome="started" pane_id=1 rows=24 cols=80 scrollback_limit_bytes=10000000
2026-08-04T00:15:30.498431Z  INFO herdr::logging: pane child spawned event="pane.spawned" subsystem="pane" outcome="ok" pane_id=1 pid=4960
2026-08-04T00:15:30.500551Z  INFO herdr::logging: spawning pane terminal event="pane.spawn.start" subsystem="pane" outcome="started" pane_id=2 rows=24 cols=80 scrollback_limit_bytes=10000000
2026-08-04T00:15:30.503317Z  INFO herdr::logging: pane child spawned event="pane.spawned" subsystem="pane" outcome="ok" pane_id=2 pid=4963
2026-08-04T00:15:30.504226Z  INFO herdr::logging: spawning pane terminal event="pane.spawn.start" subsystem="pane" outcome="started" pane_id=3 rows=24 cols=80 scrollback_limit_bytes=10000000
2026-08-04T00:15:30.507020Z  INFO herdr::logging: pane child spawned event="pane.spawned" subsystem="pane" outcome="ok" pane_id=3 pid=4966
2026-08-04T00:15:30.508909Z  INFO herdr::logging: spawning pane terminal event="pane.spawn.start" subsystem="pane" outcome="started" pane_id=4 rows=24 cols=80 scrollback_limit_bytes=10000000
2026-08-04T00:15:30.511784Z  INFO herdr::logging: pane child spawned event="pane.spawned" subsystem="pane" outcome="ok" pane_id=4 pid=4971
2026-08-04T00:15:30.514980Z  INFO herdr::logging: spawning pane terminal event="pane.spawn.start" subsystem="pane" outcome="started" pane_id=5 rows=24 cols=80 scrollback_limit_bytes=10000000
2026-08-04T00:15:30.518602Z  INFO herdr::logging: pane child spawned event="pane.spawned" subsystem="pane" outcome="ok" pane_id=5 pid=4975
2026-08-04T00:15:30.519554Z  INFO herdr::logging: spawning pane terminal event="pane.spawn.start" subsystem="pane" outcome="started" pane_id=6 rows=24 cols=80 scrollback_limit_bytes=10000000
2026-08-04T00:15:30.522826Z  INFO herdr::logging: pane child spawned event="pane.spawned" subsystem="pane" outcome="ok" pane_id=6 pid=4980
2026-08-04T00:15:30.523809Z  INFO herdr::logging: spawning pane terminal event="pane.spawn.start" subsystem="pane" outcome="started" pane_id=7 rows=24 cols=80 scrollback_limit_bytes=10000000
2026-08-04T00:15:30.527864Z  INFO herdr::logging: pane child spawned event="pane.spawned" subsystem="pane" outcome="ok" pane_id=7 pid=4986
2026-08-04T00:15:30.528849Z  INFO herdr::logging: spawning pane terminal event="pane.spawn.start" subsystem="pane" outcome="started" pane_id=8 rows=24 cols=80 scrollback_limit_bytes=10000000
2026-08-04T00:15:30.533430Z  INFO herdr::logging: pane child spawned event="pane.spawned" subsystem="pane" outcome="ok" pane_id=8 pid=4992
2026-08-04T00:15:30.534419Z  INFO herdr::logging: spawning pane terminal event="pane.spawn.start" subsystem="pane" outcome="started" pane_id=9 rows=24 cols=80 scrollback_limit_bytes=10000000
2026-08-04T00:15:30.539121Z  INFO herdr::logging: pane child spawned event="pane.spawned" subsystem="pane" outcome="ok" pane_id=9 pid=5000
2026-08-04T00:15:30.541821Z  INFO herdr::logging: session restore evaluated event="persist.restore" subsystem="persist" outcome="ok" workspaces=4
2026-08-04T00:15:30.541956Z  INFO herdr::app: using pane scrollback configuration pane_scrollback_limit_bytes=10000000
2026-08-04T00:15:30.834245Z  INFO herdr::logging: checking for updates event="update.check.start" subsystem="update" outcome="started"
2026-08-04T00:15:30.839192Z  INFO herdr::server::headless: restored session already has workspaces; ignoring startup cwd cwd=/home/Ronaldcdz
2026-08-04T00:15:30.839604Z  INFO herdr::server::headless: client protocol socket listening path=/home/Ronaldcdz/.config/herdr/herdr-client.sock
2026-08-04T00:15:30.839656Z  INFO herdr::server::headless: herdr server started api_socket=/home/Ronaldcdz/.config/herdr/herdr.sock client_socket=/home/Ronaldcdz/.config/herdr/herdr-client.sock
2026-08-04T00:15:30.840003Z  INFO herdr::logging: herdr starting event="app.startup" subsystem="server" outcome="started" pid=4946
2026-08-04T00:15:31.056003Z  INFO herdr::server::headless: client connected client_id=2 cols=212 rows=53 cell_width_px=0 cell_height_px=0 render_encoding=SemanticFrame
2026-08-04T00:15:31.366431Z  INFO herdr::logging: update available event="update.available" subsystem="update" outcome="ok" version="0.8.0"
2026-08-04T00:15:31.366462Z  INFO herdr::update: new stable build available at https://github.com/herdrdev/herdr/releases/download/v0.8.0/herdr-linux-x86_64
2026-08-04T00:15:31.367131Z  INFO herdr::update: auto-update check: 0.8.0 available, waiting for explicit install
2026-08-04T00:19:15.605803Z  INFO herdr::server::headless: client resize client_id=2 cols=191 rows=50 cell_width_px=0 cell_height_px=0
2026-08-04T00:19:16.207028Z  INFO herdr::server::headless: client resize client_id=2 cols=173 rows=42 cell_width_px=0 cell_height_px=0
2026-08-04T00:19:16.312064Z  INFO herdr::server::headless: client resize client_id=2 cols=159 rows=40 cell_width_px=0 cell_height_px=0
2026-08-04T00:19:16.422413Z  INFO herdr::server::headless: client resize client_id=2 cols=159 rows=36 cell_width_px=0 cell_height_px=0
2026-08-04T00:19:16.514738Z  INFO herdr::server::headless: client resize client_id=2 cols=136 rows=33 cell_width_px=0 cell_height_px=0
2026-08-04T00:19:16.607566Z  INFO herdr::server::headless: client resize client_id=2 cols=127 rows=31 cell_width_px=0 cell_height_px=0
2026-08-04T00:19:16.707777Z  INFO herdr::server::headless: client resize client_id=2 cols=127 rows=29 cell_width_px=0 cell_height_px=0
2026-08-04T00:19:16.807938Z  INFO herdr::server::headless: client resize client_id=2 cols=119 rows=29 cell_width_px=0 cell_height_px=0
2026-08-04T00:20:33.295854Z  INFO herdr::logging: tab focused event="tab.focus" subsystem="tab" outcome="ok" workspace_id="w6" tab_id="w6:tG"
2026-08-04T00:20:38.299902Z  INFO herdr::logging: session saved event="persist.save" subsystem="persist" outcome="ok" path=/home/Ronaldcdz/.config/herdr/session.json workspaces=4
2026-08-04T00:21:32.438893Z  INFO herdr::app::actions: copied selection to clipboard
2026-08-04T00:24:32.058265Z  INFO herdr::logging: tab focused event="tab.focus" subsystem="tab" outcome="ok" workspace_id="w6" tab_id="w6:tE"
2026-08-04T00:24:37.063219Z  INFO herdr::logging: session saved event="persist.save" subsystem="persist" outcome="ok" path=/home/Ronaldcdz/.config/herdr/session.json workspaces=4
2026-08-04T00:25:28.533507Z  INFO herdr::logging: tab focused event="tab.focus" subsystem="tab" outcome="ok" workspace_id="w6" tab_id="w6:tG"
2026-08-04T00:25:33.538024Z  INFO herdr::logging: session saved event="persist.save" subsystem="persist" outcome="ok" path=/home/Ronaldcdz/.config/herdr/session.json workspaces=4
2026-08-04T00:29:51.645325Z  INFO herdr::logging: tab focused event="tab.focus" subsystem="tab" outcome="ok" workspace_id="w6" tab_id="w6:tE"
2026-08-04T00:29:56.649871Z  INFO herdr::logging: session saved event="persist.save" subsystem="persist" outcome="ok" path=/home/Ronaldcdz/.config/herdr/session.json workspaces=4
2026-08-04T00:30:53.139959Z  INFO herdr::server::headless: client disconnected client_id=2
2026-08-04T00:33:20.393132Z  INFO herdr::api::server: api server listening path=/home/Ronaldcdz/.config/herdr/herdr.sock
2026-08-04T00:33:20.398712Z  INFO herdr::logging: spawning pane terminal event="pane.spawn.start" subsystem="pane" outcome="started" pane_id=1 rows=24 cols=80 scrollback_limit_bytes=10000000
2026-08-04T00:33:20.401818Z  INFO herdr::logging: pane child spawned event="pane.spawned" subsystem="pane" outcome="ok" pane_id=1 pid=4910
2026-08-04T00:33:20.403912Z  INFO herdr::logging: spawning pane terminal event="pane.spawn.start" subsystem="pane" outcome="started" pane_id=2 rows=24 cols=80 scrollback_limit_bytes=10000000
2026-08-04T00:33:20.406632Z  INFO herdr::logging: pane child spawned event="pane.spawned" subsystem="pane" outcome="ok" pane_id=2 pid=4913
2026-08-04T00:33:20.407518Z  INFO herdr::logging: spawning pane terminal event="pane.spawn.start" subsystem="pane" outcome="started" pane_id=3 rows=24 cols=80 scrollback_limit_bytes=10000000
2026-08-04T00:33:20.410279Z  INFO herdr::logging: pane child spawned event="pane.spawned" subsystem="pane" outcome="ok" pane_id=3 pid=4917
2026-08-04T00:33:20.412069Z  INFO herdr::logging: spawning pane terminal event="pane.spawn.start" subsystem="pane" outcome="started" pane_id=4 rows=24 cols=80 scrollback_limit_bytes=10000000
2026-08-04T00:33:20.414947Z  INFO herdr::logging: pane child spawned event="pane.spawned" subsystem="pane" outcome="ok" pane_id=4 pid=4921
2026-08-04T00:33:20.417945Z  INFO herdr::logging: spawning pane terminal event="pane.spawn.start" subsystem="pane" outcome="started" pane_id=5 rows=24 cols=80 scrollback_limit_bytes=10000000
2026-08-04T00:33:20.421703Z  INFO herdr::logging: pane child spawned event="pane.spawned" subsystem="pane" outcome="ok" pane_id=5 pid=4925
2026-08-04T00:33:20.422908Z  INFO herdr::logging: spawning pane terminal event="pane.spawn.start" subsystem="pane" outcome="started" pane_id=6 rows=24 cols=80 scrollback_limit_bytes=10000000
2026-08-04T00:33:20.426862Z  INFO herdr::logging: pane child spawned event="pane.spawned" subsystem="pane" outcome="ok" pane_id=6 pid=4929
2026-08-04T00:33:20.427697Z  INFO herdr::logging: spawning pane terminal event="pane.spawn.start" subsystem="pane" outcome="started" pane_id=7 rows=24 cols=80 scrollback_limit_bytes=10000000
2026-08-04T00:33:20.430753Z  INFO herdr::logging: pane child spawned event="pane.spawned" subsystem="pane" outcome="ok" pane_id=7 pid=4935
2026-08-04T00:33:20.431631Z  INFO herdr::logging: spawning pane terminal event="pane.spawn.start" subsystem="pane" outcome="started" pane_id=8 rows=24 cols=80 scrollback_limit_bytes=10000000
2026-08-04T00:33:20.434952Z  INFO herdr::logging: pane child spawned event="pane.spawned" subsystem="pane" outcome="ok" pane_id=8 pid=4941
2026-08-04T00:33:20.436074Z  INFO herdr::logging: spawning pane terminal event="pane.spawn.start" subsystem="pane" outcome="started" pane_id=9 rows=24 cols=80 scrollback_limit_bytes=10000000
2026-08-04T00:33:20.440440Z  INFO herdr::logging: pane child spawned event="pane.spawned" subsystem="pane" outcome="ok" pane_id=9 pid=4949
2026-08-04T00:33:20.443137Z  INFO herdr::logging: session restore evaluated event="persist.restore" subsystem="persist" outcome="ok" workspaces=4
2026-08-04T00:33:20.443239Z  INFO herdr::app: using pane scrollback configuration pane_scrollback_limit_bytes=10000000
2026-08-04T00:33:20.767106Z  INFO herdr::logging: checking for updates event="update.check.start" subsystem="update" outcome="started"
2026-08-04T00:33:20.774652Z  INFO herdr::server::headless: restored session already has workspaces; ignoring startup cwd cwd=/home/Ronaldcdz
2026-08-04T00:33:20.775010Z  INFO herdr::server::headless: client protocol socket listening path=/home/Ronaldcdz/.config/herdr/herdr-client.sock
2026-08-04T00:33:20.775077Z  INFO herdr::server::headless: herdr server started api_socket=/home/Ronaldcdz/.config/herdr/herdr.sock client_socket=/home/Ronaldcdz/.config/herdr/herdr-client.sock
2026-08-04T00:33:20.776002Z  INFO herdr::logging: herdr starting event="app.startup" subsystem="server" outcome="started" pid=4896
2026-08-04T00:33:20.957931Z  INFO herdr::server::headless: client connected client_id=2 cols=212 rows=53 cell_width_px=0 cell_height_px=0 render_encoding=SemanticFrame
2026-08-04T00:33:21.329470Z  INFO herdr::logging: update available event="update.available" subsystem="update" outcome="ok" version="0.8.0"
2026-08-04T00:33:21.329497Z  INFO herdr::update: new stable build available at https://github.com/herdrdev/herdr/releases/download/v0.8.0/herdr-linux-x86_64
2026-08-04T00:33:21.330065Z  INFO herdr::update: auto-update check: 0.8.0 available, waiting for explicit install
2026-08-04T00:44:01.312038Z  INFO herdr::server::headless: client resize client_id=2 cols=80 rows=24 cell_width_px=0 cell_height_px=0
2026-08-04T00:44:01.350736Z  INFO herdr::server::headless: client disconnected client_id=2
2026-08-04T00:46:44.390613Z  INFO herdr::api::server: api server listening path=/home/Ronaldcdz/.config/herdr/herdr.sock
2026-08-04T00:46:44.395976Z  INFO herdr::logging: spawning pane terminal event="pane.spawn.start" subsystem="pane" outcome="started" pane_id=1 rows=24 cols=80 scrollback_limit_bytes=10000000
2026-08-04T00:46:44.399005Z  INFO herdr::logging: pane child spawned event="pane.spawned" subsystem="pane" outcome="ok" pane_id=1 pid=4460
2026-08-04T00:46:44.401107Z  INFO herdr::logging: spawning pane terminal event="pane.spawn.start" subsystem="pane" outcome="started" pane_id=2 rows=24 cols=80 scrollback_limit_bytes=10000000
2026-08-04T00:46:44.403850Z  INFO herdr::logging: pane child spawned event="pane.spawned" subsystem="pane" outcome="ok" pane_id=2 pid=4463
2026-08-04T00:46:44.404725Z  INFO herdr::logging: spawning pane terminal event="pane.spawn.start" subsystem="pane" outcome="started" pane_id=3 rows=24 cols=80 scrollback_limit_bytes=10000000
2026-08-04T00:46:44.407467Z  INFO herdr::logging: pane child spawned event="pane.spawned" subsystem="pane" outcome="ok" pane_id=3 pid=4467
2026-08-04T00:46:44.409356Z  INFO herdr::logging: spawning pane terminal event="pane.spawn.start" subsystem="pane" outcome="started" pane_id=4 rows=24 cols=80 scrollback_limit_bytes=10000000
2026-08-04T00:46:44.412335Z  INFO herdr::logging: pane child spawned event="pane.spawned" subsystem="pane" outcome="ok" pane_id=4 pid=4471
2026-08-04T00:46:44.415785Z  INFO herdr::logging: spawning pane terminal event="pane.spawn.start" subsystem="pane" outcome="started" pane_id=5 rows=24 cols=80 scrollback_limit_bytes=10000000
2026-08-04T00:46:44.419518Z  INFO herdr::logging: pane child spawned event="pane.spawned" subsystem="pane" outcome="ok" pane_id=5 pid=4475
2026-08-04T00:46:44.420542Z  INFO herdr::logging: spawning pane terminal event="pane.spawn.start" subsystem="pane" outcome="started" pane_id=6 rows=24 cols=80 scrollback_limit_bytes=10000000
2026-08-04T00:46:44.423822Z  INFO herdr::logging: pane child spawned event="pane.spawned" subsystem="pane" outcome="ok" pane_id=6 pid=4480
2026-08-04T00:46:44.424838Z  INFO herdr::logging: spawning pane terminal event="pane.spawn.start" subsystem="pane" outcome="started" pane_id=7 rows=24 cols=80 scrollback_limit_bytes=10000000
2026-08-04T00:46:44.428889Z  INFO herdr::logging: pane child spawned event="pane.spawned" subsystem="pane" outcome="ok" pane_id=7 pid=4486
2026-08-04T00:46:44.430080Z  INFO herdr::logging: spawning pane terminal event="pane.spawn.start" subsystem="pane" outcome="started" pane_id=8 rows=24 cols=80 scrollback_limit_bytes=10000000
2026-08-04T00:46:44.434893Z  INFO herdr::logging: pane child spawned event="pane.spawned" subsystem="pane" outcome="ok" pane_id=8 pid=4492
2026-08-04T00:46:44.436022Z  INFO herdr::logging: spawning pane terminal event="pane.spawn.start" subsystem="pane" outcome="started" pane_id=9 rows=24 cols=80 scrollback_limit_bytes=10000000
2026-08-04T00:46:44.440970Z  INFO herdr::logging: pane child spawned event="pane.spawned" subsystem="pane" outcome="ok" pane_id=9 pid=4501
2026-08-04T00:46:44.443705Z  INFO herdr::logging: session restore evaluated event="persist.restore" subsystem="persist" outcome="ok" workspaces=4
2026-08-04T00:46:44.443858Z  INFO herdr::app: using pane scrollback configuration pane_scrollback_limit_bytes=10000000
2026-08-04T00:46:44.756684Z  INFO herdr::logging: checking for updates event="update.check.start" subsystem="update" outcome="started"
2026-08-04T00:46:44.760322Z  INFO herdr::server::headless: restored session already has workspaces; ignoring startup cwd cwd=/home/Ronaldcdz
2026-08-04T00:46:44.760600Z  INFO herdr::server::headless: client protocol socket listening path=/home/Ronaldcdz/.config/herdr/herdr-client.sock
2026-08-04T00:46:44.760653Z  INFO herdr::server::headless: herdr server started api_socket=/home/Ronaldcdz/.config/herdr/herdr.sock client_socket=/home/Ronaldcdz/.config/herdr/herdr-client.sock
2026-08-04T00:46:44.761012Z  INFO herdr::logging: herdr starting event="app.startup" subsystem="server" outcome="started" pid=4446
2026-08-04T00:46:44.956075Z  INFO herdr::server::headless: client connected client_id=2 cols=212 rows=53 cell_width_px=0 cell_height_px=0 render_encoding=SemanticFrame
2026-08-04T00:46:45.302244Z  INFO herdr::logging: update available event="update.available" subsystem="update" outcome="ok" version="0.8.0"
2026-08-04T00:46:45.302287Z  INFO herdr::update: new stable build available at https://github.com/herdrdev/herdr/releases/download/v0.8.0/herdr-linux-x86_64
2026-08-04T00:46:45.302883Z  INFO herdr::update: auto-update check: 0.8.0 available, waiting for explicit install
2026-08-04T00:47:44.646673Z  INFO herdr::server::headless: client disconnected client_id=2
2026-08-04T00:49:05.005521Z  INFO herdr::api::server: api server listening path=/home/Ronaldcdz/.config/herdr/herdr.sock
2026-08-04T00:49:05.013358Z  INFO herdr::logging: spawning pane terminal event="pane.spawn.start" subsystem="pane" outcome="started" pane_id=1 rows=24 cols=80 scrollback_limit_bytes=10000000
2026-08-04T00:49:05.016712Z  INFO herdr::logging: pane child spawned event="pane.spawned" subsystem="pane" outcome="ok" pane_id=1 pid=2464
2026-08-04T00:49:05.019249Z  INFO herdr::logging: spawning pane terminal event="pane.spawn.start" subsystem="pane" outcome="started" pane_id=2 rows=24 cols=80 scrollback_limit_bytes=10000000
2026-08-04T00:49:05.022487Z  INFO herdr::logging: pane child spawned event="pane.spawned" subsystem="pane" outcome="ok" pane_id=2 pid=2467
2026-08-04T00:49:05.023441Z  INFO herdr::logging: spawning pane terminal event="pane.spawn.start" subsystem="pane" outcome="started" pane_id=3 rows=24 cols=80 scrollback_limit_bytes=10000000
2026-08-04T00:49:05.027347Z  INFO herdr::logging: pane child spawned event="pane.spawned" subsystem="pane" outcome="ok" pane_id=3 pid=2470
2026-08-04T00:49:05.029572Z  INFO herdr::logging: spawning pane terminal event="pane.spawn.start" subsystem="pane" outcome="started" pane_id=4 rows=24 cols=80 scrollback_limit_bytes=10000000
2026-08-04T00:49:05.033361Z  INFO herdr::logging: pane child spawned event="pane.spawned" subsystem="pane" outcome="ok" pane_id=4 pid=2475
2026-08-04T00:49:05.037289Z  INFO herdr::logging: spawning pane terminal event="pane.spawn.start" subsystem="pane" outcome="started" pane_id=5 rows=24 cols=80 scrollback_limit_bytes=10000000
2026-08-04T00:49:05.041161Z  INFO herdr::logging: pane child spawned event="pane.spawned" subsystem="pane" outcome="ok" pane_id=5 pid=2479
2026-08-04T00:49:05.042143Z  INFO herdr::logging: spawning pane terminal event="pane.spawn.start" subsystem="pane" outcome="started" pane_id=6 rows=24 cols=80 scrollback_limit_bytes=10000000
2026-08-04T00:49:05.046047Z  INFO herdr::logging: pane child spawned event="pane.spawned" subsystem="pane" outcome="ok" pane_id=6 pid=2483
2026-08-04T00:49:05.046925Z  INFO herdr::logging: spawning pane terminal event="pane.spawn.start" subsystem="pane" outcome="started" pane_id=7 rows=24 cols=80 scrollback_limit_bytes=10000000
2026-08-04T00:49:05.058242Z  INFO herdr::logging: pane child spawned event="pane.spawned" subsystem="pane" outcome="ok" pane_id=7 pid=2491
2026-08-04T00:49:05.059260Z  INFO herdr::logging: spawning pane terminal event="pane.spawn.start" subsystem="pane" outcome="started" pane_id=8 rows=24 cols=80 scrollback_limit_bytes=10000000
2026-08-04T00:49:05.063598Z  INFO herdr::logging: pane child spawned event="pane.spawned" subsystem="pane" outcome="ok" pane_id=8 pid=2497
2026-08-04T00:49:05.064595Z  INFO herdr::logging: spawning pane terminal event="pane.spawn.start" subsystem="pane" outcome="started" pane_id=9 rows=24 cols=80 scrollback_limit_bytes=10000000
2026-08-04T00:49:05.069225Z  INFO herdr::logging: pane child spawned event="pane.spawned" subsystem="pane" outcome="ok" pane_id=9 pid=2502
2026-08-04T00:49:05.072572Z  INFO herdr::logging: session restore evaluated event="persist.restore" subsystem="persist" outcome="ok" workspaces=4
2026-08-04T00:49:05.072702Z  INFO herdr::app: using pane scrollback configuration pane_scrollback_limit_bytes=10000000
2026-08-04T00:49:05.325707Z  INFO herdr::logging: checking for updates event="update.check.start" subsystem="update" outcome="started"
2026-08-04T00:49:05.330227Z  INFO herdr::server::headless: restored session already has workspaces; ignoring startup cwd cwd=/home/Ronaldcdz
2026-08-04T00:49:05.330622Z  INFO herdr::server::headless: client protocol socket listening path=/home/Ronaldcdz/.config/herdr/herdr-client.sock
2026-08-04T00:49:05.330669Z  INFO herdr::server::headless: herdr server started api_socket=/home/Ronaldcdz/.config/herdr/herdr.sock client_socket=/home/Ronaldcdz/.config/herdr/herdr-client.sock
2026-08-04T00:49:05.330999Z  INFO herdr::logging: herdr starting event="app.startup" subsystem="server" outcome="started" pid=2450
2026-08-04T00:49:05.576119Z  INFO herdr::server::headless: client connected client_id=2 cols=191 rows=46 cell_width_px=0 cell_height_px=0 render_encoding=SemanticFrame
2026-08-04T00:49:06.611531Z  INFO herdr::logging: update available event="update.available" subsystem="update" outcome="ok" version="0.8.0"
2026-08-04T00:49:06.611583Z  INFO herdr::update: new stable build available at https://github.com/herdrdev/herdr/releases/download/v0.8.0/herdr-linux-x86_64
2026-08-04T00:49:06.612707Z  INFO herdr::update: auto-update check: 0.8.0 available, waiting for explicit install
2026-08-04T00:49:20.712273Z  INFO herdr::logging: pane child exited event="pane.exit" subsystem="pane" outcome="completed" pane_id=8 status="ExitStatus { code: 1, signal: None }"
2026-08-04T00:49:20.712650Z  INFO herdr::logging: pane child exited event="pane.exit" subsystem="pane" outcome="completed" pane_id=5 status="ExitStatus { code: 1, signal: None }"
2026-08-04T00:49:20.715183Z  INFO herdr::pane: pane session terminated pane=8 pid=2497 signal=Hangup
2026-08-04T00:49:20.715465Z  INFO herdr::pane: pane session terminated pane=5 pid=2479 signal=Hangup
2026-08-04T00:49:20.724818Z  INFO herdr::logging: pane child exited event="pane.exit" subsystem="pane" outcome="completed" pane_id=9 status="ExitStatus { code: 1, signal: None }"
2026-08-04T00:49:20.725426Z  INFO herdr::logging: pane child exited event="pane.exit" subsystem="pane" outcome="completed" pane_id=7 status="ExitStatus { code: 1, signal: None }"
2026-08-04T00:49:20.755731Z  INFO herdr::pane: pane session terminated pane=9 pid=2502 signal=Hangup
2026-08-04T00:49:20.756323Z  INFO herdr::logging: pane child exited event="pane.exit" subsystem="pane" outcome="completed" pane_id=6 status="ExitStatus { code: 1, signal: None }"
2026-08-04T00:49:20.756513Z  INFO herdr::pane: pane session terminated pane=7 pid=2491 signal=Hangup
2026-08-04T00:49:20.756748Z  INFO herdr::pane: pane session terminated pane=6 pid=2483 signal=Hangup
2026-08-04T00:49:20.758741Z  INFO herdr::server::headless: client disconnected client_id=2
2026-08-04T00:50:43.947107Z  INFO herdr::api::server: api server listening path=/home/Ronaldcdz/.config/herdr/herdr.sock
2026-08-04T00:50:43.953620Z  INFO herdr::logging: spawning pane terminal event="pane.spawn.start" subsystem="pane" outcome="started" pane_id=1 rows=24 cols=80 scrollback_limit_bytes=10000000
2026-08-04T00:50:43.956819Z  INFO herdr::logging: pane child spawned event="pane.spawned" subsystem="pane" outcome="ok" pane_id=1 pid=2600
2026-08-04T00:50:43.959332Z  INFO herdr::logging: spawning pane terminal event="pane.spawn.start" subsystem="pane" outcome="started" pane_id=2 rows=24 cols=80 scrollback_limit_bytes=10000000
2026-08-04T00:50:43.962104Z  INFO herdr::logging: pane child spawned event="pane.spawned" subsystem="pane" outcome="ok" pane_id=2 pid=2603
2026-08-04T00:50:43.963239Z  INFO herdr::logging: spawning pane terminal event="pane.spawn.start" subsystem="pane" outcome="started" pane_id=3 rows=24 cols=80 scrollback_limit_bytes=10000000
2026-08-04T00:50:43.966864Z  INFO herdr::logging: pane child spawned event="pane.spawned" subsystem="pane" outcome="ok" pane_id=3 pid=2606
2026-08-04T00:50:43.969206Z  INFO herdr::logging: spawning pane terminal event="pane.spawn.start" subsystem="pane" outcome="started" pane_id=4 rows=24 cols=80 scrollback_limit_bytes=10000000
2026-08-04T00:50:43.972953Z  INFO herdr::logging: pane child spawned event="pane.spawned" subsystem="pane" outcome="ok" pane_id=4 pid=2611
2026-08-04T00:50:43.979297Z  INFO herdr::logging: spawning pane terminal event="pane.spawn.start" subsystem="pane" outcome="started" pane_id=5 rows=24 cols=80 scrollback_limit_bytes=10000000
2026-08-04T00:50:43.982321Z  INFO herdr::logging: pane child spawned event="pane.spawned" subsystem="pane" outcome="ok" pane_id=5 pid=2615
2026-08-04T00:50:43.983263Z  INFO herdr::logging: spawning pane terminal event="pane.spawn.start" subsystem="pane" outcome="started" pane_id=6 rows=24 cols=80 scrollback_limit_bytes=10000000
2026-08-04T00:50:43.987286Z  INFO herdr::logging: pane child spawned event="pane.spawned" subsystem="pane" outcome="ok" pane_id=6 pid=2619
2026-08-04T00:50:43.988300Z  INFO herdr::logging: spawning pane terminal event="pane.spawn.start" subsystem="pane" outcome="started" pane_id=7 rows=24 cols=80 scrollback_limit_bytes=10000000
2026-08-04T00:50:43.992052Z  INFO herdr::logging: pane child spawned event="pane.spawned" subsystem="pane" outcome="ok" pane_id=7 pid=2623
2026-08-04T00:50:43.993007Z  INFO herdr::logging: spawning pane terminal event="pane.spawn.start" subsystem="pane" outcome="started" pane_id=8 rows=24 cols=80 scrollback_limit_bytes=10000000
2026-08-04T00:50:43.997083Z  INFO herdr::logging: pane child spawned event="pane.spawned" subsystem="pane" outcome="ok" pane_id=8 pid=2628
2026-08-04T00:50:43.998288Z  INFO herdr::logging: spawning pane terminal event="pane.spawn.start" subsystem="pane" outcome="started" pane_id=9 rows=24 cols=80 scrollback_limit_bytes=10000000
2026-08-04T00:50:44.002203Z  INFO herdr::logging: pane child spawned event="pane.spawned" subsystem="pane" outcome="ok" pane_id=9 pid=2635
2026-08-04T00:50:44.005910Z  INFO herdr::logging: session restore evaluated event="persist.restore" subsystem="persist" outcome="ok" workspaces=4
2026-08-04T00:50:44.006081Z  INFO herdr::app: using pane scrollback configuration pane_scrollback_limit_bytes=10000000
2026-08-04T00:50:44.301119Z  INFO herdr::logging: checking for updates event="update.check.start" subsystem="update" outcome="started"
2026-08-04T00:50:44.306296Z  INFO herdr::server::headless: restored session already has workspaces; ignoring startup cwd cwd=/home/Ronaldcdz
2026-08-04T00:50:44.306582Z  INFO herdr::server::headless: client protocol socket listening path=/home/Ronaldcdz/.config/herdr/herdr-client.sock
2026-08-04T00:50:44.306637Z  INFO herdr::server::headless: herdr server started api_socket=/home/Ronaldcdz/.config/herdr/herdr.sock client_socket=/home/Ronaldcdz/.config/herdr/herdr-client.sock
2026-08-04T00:50:44.307016Z  INFO herdr::logging: herdr starting event="app.startup" subsystem="server" outcome="started" pid=2586
2026-08-04T00:50:44.511279Z  INFO herdr::server::headless: client connected client_id=2 cols=191 rows=46 cell_width_px=0 cell_height_px=0 render_encoding=SemanticFrame
2026-08-04T00:50:44.829440Z  INFO herdr::logging: update available event="update.available" subsystem="update" outcome="ok" version="0.8.0"
2026-08-04T00:50:44.829474Z  INFO herdr::update: new stable build available at https://github.com/herdrdev/herdr/releases/download/v0.8.0/herdr-linux-x86_64
2026-08-04T00:50:44.830116Z  INFO herdr::update: auto-update check: 0.8.0 available, waiting for explicit install
2026-08-04T00:51:22.910626Z  INFO herdr::server::headless: client disconnected client_id=2
2026-08-04T00:51:22.914879Z  INFO herdr::logging: pane child exited event="pane.exit" subsystem="pane" outcome="completed" pane_id=6 status="ExitStatus { code: 1, signal: None }"
2026-08-04T00:51:22.915256Z  INFO herdr::logging: pane child exited event="pane.exit" subsystem="pane" outcome="completed" pane_id=4 status="ExitStatus { code: 1, signal: None }"
2026-08-04T00:51:22.917243Z  INFO herdr::logging: pane child exited event="pane.exit" subsystem="pane" outcome="completed" pane_id=5 status="ExitStatus { code: 1, signal: None }"
2026-08-04T00:51:22.920438Z  INFO herdr::pane: pane session terminated pane=6 pid=2619 signal=Hangup
2026-08-04T00:51:22.920666Z  INFO herdr::pane: pane session terminated pane=4 pid=2611 signal=Hangup
2026-08-04T00:51:22.921343Z  INFO herdr::logging: pane child exited event="pane.exit" subsystem="pane" outcome="completed" pane_id=3 status="ExitStatus { code: 1, signal: None }"
2026-08-04T00:51:22.921409Z  INFO herdr::pane: pane session terminated pane=5 pid=2615 signal=Hangup
2026-08-04T00:51:22.922283Z  INFO herdr::pane: pane session terminated pane=3 pid=2606 signal=Hangup
2026-08-04T00:51:22.924553Z  INFO herdr::logging: pane child exited event="pane.exit" subsystem="pane" outcome="completed" pane_id=7 status="ExitStatus { code: 1, signal: None }"
2026-08-04T00:51:22.925482Z  INFO herdr::pane: pane session terminated pane=7 pid=2623 signal=Hangup
2026-08-04T00:51:22.939659Z  INFO herdr::logging: pane child exited event="pane.exit" subsystem="pane" outcome="completed" pane_id=9 status="ExitStatus { code: 1, signal: None }"
2026-08-04T00:51:22.940139Z  INFO herdr::pane: pane session terminated pane=9 pid=2635 signal=Hangup
2026-08-04T00:51:22.942410Z  INFO herdr::logging: pane child exited event="pane.exit" subsystem="pane" outcome="completed" pane_id=8 status="ExitStatus { code: 1, signal: None }"
2026-08-04T00:51:22.942972Z  INFO herdr::pane: pane session terminated pane=8 pid=2628 signal=Hangup
2026-08-04T00:53:03.046854Z  INFO herdr::api::server: api server listening path=/home/Ronaldcdz/.config/herdr/herdr.sock
2026-08-04T00:53:03.053797Z  INFO herdr::logging: spawning pane terminal event="pane.spawn.start" subsystem="pane" outcome="started" pane_id=1 rows=24 cols=80 scrollback_limit_bytes=10000000
2026-08-04T00:53:03.057015Z  INFO herdr::logging: pane child spawned event="pane.spawned" subsystem="pane" outcome="ok" pane_id=1 pid=2826
2026-08-04T00:53:03.059572Z  INFO herdr::logging: spawning pane terminal event="pane.spawn.start" subsystem="pane" outcome="started" pane_id=2 rows=24 cols=80 scrollback_limit_bytes=10000000
2026-08-04T00:53:03.063975Z  INFO herdr::logging: pane child spawned event="pane.spawned" subsystem="pane" outcome="ok" pane_id=2 pid=2829
2026-08-04T00:53:03.065100Z  INFO herdr::logging: spawning pane terminal event="pane.spawn.start" subsystem="pane" outcome="started" pane_id=3 rows=24 cols=80 scrollback_limit_bytes=10000000
2026-08-04T00:53:03.067989Z  INFO herdr::logging: pane child spawned event="pane.spawned" subsystem="pane" outcome="ok" pane_id=3 pid=2833
2026-08-04T00:53:03.070097Z  INFO herdr::logging: spawning pane terminal event="pane.spawn.start" subsystem="pane" outcome="started" pane_id=4 rows=24 cols=80 scrollback_limit_bytes=10000000
2026-08-04T00:53:03.074543Z  INFO herdr::logging: pane child spawned event="pane.spawned" subsystem="pane" outcome="ok" pane_id=4 pid=2837
2026-08-04T00:53:03.078708Z  INFO herdr::logging: spawning pane terminal event="pane.spawn.start" subsystem="pane" outcome="started" pane_id=5 rows=24 cols=80 scrollback_limit_bytes=10000000
2026-08-04T00:53:03.082433Z  INFO herdr::logging: pane child spawned event="pane.spawned" subsystem="pane" outcome="ok" pane_id=5 pid=2841
2026-08-04T00:53:03.083473Z  INFO herdr::logging: spawning pane terminal event="pane.spawn.start" subsystem="pane" outcome="started" pane_id=6 rows=24 cols=80 scrollback_limit_bytes=10000000
2026-08-04T00:53:03.087258Z  INFO herdr::logging: pane child spawned event="pane.spawned" subsystem="pane" outcome="ok" pane_id=6 pid=2845
2026-08-04T00:53:03.088239Z  INFO herdr::logging: spawning pane terminal event="pane.spawn.start" subsystem="pane" outcome="started" pane_id=7 rows=24 cols=80 scrollback_limit_bytes=10000000
2026-08-04T00:53:03.092520Z  INFO herdr::logging: pane child spawned event="pane.spawned" subsystem="pane" outcome="ok" pane_id=7 pid=2851
2026-08-04T00:53:03.093454Z  INFO herdr::logging: spawning pane terminal event="pane.spawn.start" subsystem="pane" outcome="started" pane_id=8 rows=24 cols=80 scrollback_limit_bytes=10000000
2026-08-04T00:53:03.098026Z  INFO herdr::logging: pane child spawned event="pane.spawned" subsystem="pane" outcome="ok" pane_id=8 pid=2858
2026-08-04T00:53:03.099160Z  INFO herdr::logging: spawning pane terminal event="pane.spawn.start" subsystem="pane" outcome="started" pane_id=9 rows=24 cols=80 scrollback_limit_bytes=10000000
2026-08-04T00:53:03.103770Z  INFO herdr::logging: pane child spawned event="pane.spawned" subsystem="pane" outcome="ok" pane_id=9 pid=2863
2026-08-04T00:53:03.107731Z  INFO herdr::logging: session restore evaluated event="persist.restore" subsystem="persist" outcome="ok" workspaces=4
2026-08-04T00:53:03.107888Z  INFO herdr::app: using pane scrollback configuration pane_scrollback_limit_bytes=10000000
2026-08-04T00:53:03.420563Z  INFO herdr::logging: checking for updates event="update.check.start" subsystem="update" outcome="started"
2026-08-04T00:53:03.427303Z  INFO herdr::server::headless: restored session already has workspaces; ignoring startup cwd cwd=/home/Ronaldcdz
2026-08-04T00:53:03.427591Z  INFO herdr::server::headless: client protocol socket listening path=/home/Ronaldcdz/.config/herdr/herdr-client.sock
2026-08-04T00:53:03.427646Z  INFO herdr::server::headless: herdr server started api_socket=/home/Ronaldcdz/.config/herdr/herdr.sock client_socket=/home/Ronaldcdz/.config/herdr/herdr-client.sock
2026-08-04T00:53:03.428021Z  INFO herdr::logging: herdr starting event="app.startup" subsystem="server" outcome="started" pid=2812
2026-08-04T00:53:03.613456Z  INFO herdr::server::headless: client connected client_id=2 cols=191 rows=46 cell_width_px=0 cell_height_px=0 render_encoding=SemanticFrame
2026-08-04T00:53:04.384038Z  INFO herdr::logging: update available event="update.available" subsystem="update" outcome="ok" version="0.8.0"
2026-08-04T00:53:04.384095Z  INFO herdr::update: new stable build available at https://github.com/herdrdev/herdr/releases/download/v0.8.0/herdr-linux-x86_64
2026-08-04T00:53:04.385408Z  INFO herdr::update: auto-update check: 0.8.0 available, waiting for explicit install
2026-08-04T00:53:30.001114Z  INFO herdr::logging: pane child exited event="pane.exit" subsystem="pane" outcome="completed" pane_id=3 status="ExitStatus { code: 1, signal: None }"
2026-08-04T00:53:30.001493Z  INFO herdr::logging: pane child exited event="pane.exit" subsystem="pane" outcome="completed" pane_id=6 status="ExitStatus { code: 1, signal: None }"
2026-08-04T00:53:30.001618Z  INFO herdr::pane: pane session terminated pane=3 pid=2833 signal=Hangup
2026-08-04T00:53:30.001974Z  INFO herdr::pane: pane session terminated pane=6 pid=2845 signal=Hangup
2026-08-04T00:53:30.002021Z  INFO herdr::logging: pane child exited event="pane.exit" subsystem="pane" outcome="completed" pane_id=8 status="ExitStatus { code: 1, signal: None }"
2026-08-04T00:53:30.014736Z  INFO herdr::logging: pane child exited event="pane.exit" subsystem="pane" outcome="completed" pane_id=5 status="ExitStatus { code: 1, signal: None }"
2026-08-04T00:53:30.020309Z  INFO herdr::pane: pane session terminated pane=8 pid=2858 signal=Hangup
2026-08-04T00:53:30.021523Z  INFO herdr::pane: pane session terminated pane=5 pid=2841 signal=Hangup
2026-08-04T00:53:30.036489Z  INFO herdr::logging: pane child exited event="pane.exit" subsystem="pane" outcome="completed" pane_id=4 status="ExitStatus { code: 1, signal: None }"
2026-08-04T00:53:30.055176Z  INFO herdr::logging: pane child exited event="pane.exit" subsystem="pane" outcome="completed" pane_id=9 status="ExitStatus { code: 1, signal: None }"
2026-08-04T00:53:30.056739Z  INFO herdr::pane: pane session terminated pane=4 pid=2837 signal=Hangup
2026-08-04T00:53:30.056984Z  INFO herdr::pane: pane session terminated pane=9 pid=2863 signal=Hangup
2026-08-04T00:53:30.059282Z  INFO herdr::logging: pane child exited event="pane.exit" subsystem="pane" outcome="completed" pane_id=2 status="ExitStatus { code: 1, signal: None }"
2026-08-04T00:53:30.060663Z  INFO herdr::server::headless: client disconnected client_id=2
2026-08-04T00:53:30.066659Z  INFO herdr::pane: pane session terminated pane=2 pid=2829 signal=Hangup
2026-08-04T00:53:30.080588Z  INFO herdr::logging: pane child exited event="pane.exit" subsystem="pane" outcome="completed" pane_id=7 status="ExitStatus { code: 1, signal: None }"
2026-08-04T00:53:30.082053Z  INFO herdr::pane: pane session terminated pane=7 pid=2851 signal=Hangup
2026-08-04T00:54:36.383792Z  INFO herdr::api::server: api server listening path=/home/Ronaldcdz/.config/herdr/herdr.sock
2026-08-04T00:54:36.391250Z  INFO herdr::logging: spawning pane terminal event="pane.spawn.start" subsystem="pane" outcome="started" pane_id=1 rows=24 cols=80 scrollback_limit_bytes=10000000
2026-08-04T00:54:36.394481Z  INFO herdr::logging: pane child spawned event="pane.spawned" subsystem="pane" outcome="ok" pane_id=1 pid=2581
2026-08-04T00:54:36.397038Z  INFO herdr::logging: spawning pane terminal event="pane.spawn.start" subsystem="pane" outcome="started" pane_id=2 rows=24 cols=80 scrollback_limit_bytes=10000000
2026-08-04T00:54:36.400045Z  INFO herdr::logging: pane child spawned event="pane.spawned" subsystem="pane" outcome="ok" pane_id=2 pid=2584
2026-08-04T00:54:36.401649Z  INFO herdr::logging: spawning pane terminal event="pane.spawn.start" subsystem="pane" outcome="started" pane_id=3 rows=24 cols=80 scrollback_limit_bytes=10000000
2026-08-04T00:54:36.411492Z  INFO herdr::logging: pane child spawned event="pane.spawned" subsystem="pane" outcome="ok" pane_id=3 pid=2589
2026-08-04T00:54:36.413804Z  INFO herdr::logging: spawning pane terminal event="pane.spawn.start" subsystem="pane" outcome="started" pane_id=4 rows=24 cols=80 scrollback_limit_bytes=10000000
2026-08-04T00:54:36.417334Z  INFO herdr::logging: pane child spawned event="pane.spawned" subsystem="pane" outcome="ok" pane_id=4 pid=2592
2026-08-04T00:54:36.420870Z  INFO herdr::logging: spawning pane terminal event="pane.spawn.start" subsystem="pane" outcome="started" pane_id=5 rows=24 cols=80 scrollback_limit_bytes=10000000
2026-08-04T00:54:36.424756Z  INFO herdr::logging: pane child spawned event="pane.spawned" subsystem="pane" outcome="ok" pane_id=5 pid=2595
2026-08-04T00:54:36.425816Z  INFO herdr::logging: spawning pane terminal event="pane.spawn.start" subsystem="pane" outcome="started" pane_id=6 rows=24 cols=80 scrollback_limit_bytes=10000000
2026-08-04T00:54:36.428912Z  INFO herdr::logging: pane child spawned event="pane.spawned" subsystem="pane" outcome="ok" pane_id=6 pid=2601
2026-08-04T00:54:36.429872Z  INFO herdr::logging: spawning pane terminal event="pane.spawn.start" subsystem="pane" outcome="started" pane_id=7 rows=24 cols=80 scrollback_limit_bytes=10000000
2026-08-04T00:54:36.433856Z  INFO herdr::logging: pane child spawned event="pane.spawned" subsystem="pane" outcome="ok" pane_id=7 pid=2607
2026-08-04T00:54:36.434855Z  INFO herdr::logging: spawning pane terminal event="pane.spawn.start" subsystem="pane" outcome="started" pane_id=8 rows=24 cols=80 scrollback_limit_bytes=10000000
2026-08-04T00:54:36.439803Z  INFO herdr::logging: pane child spawned event="pane.spawned" subsystem="pane" outcome="ok" pane_id=8 pid=2611
2026-08-04T00:54:36.440993Z  INFO herdr::logging: spawning pane terminal event="pane.spawn.start" subsystem="pane" outcome="started" pane_id=9 rows=24 cols=80 scrollback_limit_bytes=10000000
2026-08-04T00:54:36.445408Z  INFO herdr::logging: pane child spawned event="pane.spawned" subsystem="pane" outcome="ok" pane_id=9 pid=2617
2026-08-04T00:54:36.450998Z  INFO herdr::logging: session restore evaluated event="persist.restore" subsystem="persist" outcome="ok" workspaces=4
2026-08-04T00:54:36.451140Z  INFO herdr::app: using pane scrollback configuration pane_scrollback_limit_bytes=10000000
2026-08-04T00:54:36.747448Z  INFO herdr::logging: checking for updates event="update.check.start" subsystem="update" outcome="started"
2026-08-04T00:54:36.751096Z  INFO herdr::server::headless: restored session already has workspaces; ignoring startup cwd cwd=/home/Ronaldcdz
2026-08-04T00:54:36.751378Z  INFO herdr::server::headless: client protocol socket listening path=/home/Ronaldcdz/.config/herdr/herdr-client.sock
2026-08-04T00:54:36.751434Z  INFO herdr::server::headless: herdr server started api_socket=/home/Ronaldcdz/.config/herdr/herdr.sock client_socket=/home/Ronaldcdz/.config/herdr/herdr-client.sock
2026-08-04T00:54:36.751788Z  INFO herdr::logging: herdr starting event="app.startup" subsystem="server" outcome="started" pid=2567
2026-08-04T00:54:36.951322Z  INFO herdr::server::headless: client connected client_id=2 cols=191 rows=46 cell_width_px=0 cell_height_px=0 render_encoding=SemanticFrame
2026-08-04T00:54:37.385588Z  INFO herdr::logging: update available event="update.available" subsystem="update" outcome="ok" version="0.8.0"
2026-08-04T00:54:37.385622Z  INFO herdr::update: new stable build available at https://github.com/herdrdev/herdr/releases/download/v0.8.0/herdr-linux-x86_64
2026-08-04T00:54:37.386245Z  INFO herdr::update: auto-update check: 0.8.0 available, waiting for explicit install
2026-08-04T22:23:32.671312Z  INFO herdr::server::headless: client resize client_id=2 cols=191 rows=47 cell_width_px=0 cell_height_px=0
2026-08-04T22:23:33.171979Z  INFO herdr::server::headless: client resize client_id=2 cols=191 rows=46 cell_width_px=0 cell_height_px=0
2026-08-04T22:26:26.582360Z  INFO herdr::logging: pane child exited event="pane.exit" subsystem="pane" outcome="completed" pane_id=4 status="ExitStatus { code: 1, signal: None }"
2026-08-04T22:26:26.583219Z  INFO herdr::logging: pane child exited event="pane.exit" subsystem="pane" outcome="completed" pane_id=6 status="ExitStatus { code: 1, signal: None }"
2026-08-04T22:26:26.583495Z  INFO herdr::pane: pane session terminated pane=4 pid=2592 signal=Hangup
2026-08-04T22:26:26.585662Z  INFO herdr::pane: pane session terminated pane=6 pid=2601 signal=Hangup
2026-08-04T22:26:26.587806Z  INFO herdr::logging: pane child exited event="pane.exit" subsystem="pane" outcome="completed" pane_id=5 status="ExitStatus { code: 1, signal: None }"
2026-08-04T22:26:26.601184Z  INFO herdr::logging: pane child exited event="pane.exit" subsystem="pane" outcome="completed" pane_id=8 status="ExitStatus { code: 1, signal: None }"
2026-08-04T22:26:26.602241Z  INFO herdr::logging: pane child exited event="pane.exit" subsystem="pane" outcome="completed" pane_id=9 status="ExitStatus { code: 1, signal: None }"
2026-08-04T22:26:26.603045Z  INFO herdr::logging: pane child exited event="pane.exit" subsystem="pane" outcome="completed" pane_id=7 status="ExitStatus { code: 1, signal: None }"
2026-08-04T22:26:26.610013Z  INFO herdr::logging: pane child exited event="pane.exit" subsystem="pane" outcome="completed" pane_id=3 status="ExitStatus { code: 1, signal: None }"
2026-08-04T22:26:26.634226Z  INFO herdr::pane: pane session terminated pane=5 pid=2595 signal=Hangup
2026-08-04T22:26:26.634545Z  INFO herdr::pane: pane session terminated pane=8 pid=2611 signal=Hangup
2026-08-04T22:26:26.634789Z  INFO herdr::pane: pane session terminated pane=9 pid=2617 signal=Hangup
2026-08-04T22:26:26.644278Z  INFO herdr::pane: pane session terminated pane=7 pid=2607 signal=Hangup
2026-08-04T22:26:26.654004Z  INFO herdr::pane: pane session terminated pane=3 pid=2589 signal=Hangup
2026-08-04T22:26:26.655036Z  INFO herdr::server::headless: client disconnected client_id=2
2026-08-04T22:49:06.880419Z  INFO herdr::api::server: api server listening path=/home/Ronaldcdz/.config/herdr/herdr.sock
2026-08-04T22:49:06.886227Z  INFO herdr::logging: spawning pane terminal event="pane.spawn.start" subsystem="pane" outcome="started" pane_id=1 rows=24 cols=80 scrollback_limit_bytes=10000000
2026-08-04T22:49:06.890136Z  INFO herdr::logging: pane child spawned event="pane.spawned" subsystem="pane" outcome="ok" pane_id=1 pid=4665
2026-08-04T22:49:06.892025Z  INFO herdr::logging: spawning pane terminal event="pane.spawn.start" subsystem="pane" outcome="started" pane_id=2 rows=24 cols=80 scrollback_limit_bytes=10000000
2026-08-04T22:49:06.895108Z  INFO herdr::logging: pane child spawned event="pane.spawned" subsystem="pane" outcome="ok" pane_id=2 pid=4668
2026-08-04T22:49:06.896294Z  INFO herdr::logging: spawning pane terminal event="pane.spawn.start" subsystem="pane" outcome="started" pane_id=3 rows=24 cols=80 scrollback_limit_bytes=10000000
2026-08-04T22:49:06.900049Z  INFO herdr::logging: pane child spawned event="pane.spawned" subsystem="pane" outcome="ok" pane_id=3 pid=4671
2026-08-04T22:49:06.901422Z  INFO herdr::logging: spawning pane terminal event="pane.spawn.start" subsystem="pane" outcome="started" pane_id=4 rows=24 cols=80 scrollback_limit_bytes=10000000
2026-08-04T22:49:06.905984Z  INFO herdr::logging: pane child spawned event="pane.spawned" subsystem="pane" outcome="ok" pane_id=4 pid=4676
2026-08-04T22:49:06.907870Z  INFO herdr::logging: spawning pane terminal event="pane.spawn.start" subsystem="pane" outcome="started" pane_id=5 rows=24 cols=80 scrollback_limit_bytes=10000000
2026-08-04T22:49:06.916506Z  INFO herdr::logging: pane child spawned event="pane.spawned" subsystem="pane" outcome="ok" pane_id=5 pid=4680
2026-08-04T22:49:06.917521Z  INFO herdr::logging: spawning pane terminal event="pane.spawn.start" subsystem="pane" outcome="started" pane_id=6 rows=24 cols=80 scrollback_limit_bytes=10000000
2026-08-04T22:49:06.925487Z  INFO herdr::logging: pane child spawned event="pane.spawned" subsystem="pane" outcome="ok" pane_id=6 pid=4684
2026-08-04T22:49:06.927663Z  INFO herdr::logging: spawning pane terminal event="pane.spawn.start" subsystem="pane" outcome="started" pane_id=7 rows=24 cols=80 scrollback_limit_bytes=10000000
2026-08-04T22:49:06.932815Z  INFO herdr::logging: pane child spawned event="pane.spawned" subsystem="pane" outcome="ok" pane_id=7 pid=4688
2026-08-04T22:49:06.933742Z  INFO herdr::logging: spawning pane terminal event="pane.spawn.start" subsystem="pane" outcome="started" pane_id=8 rows=24 cols=80 scrollback_limit_bytes=10000000
2026-08-04T22:49:06.941138Z  INFO herdr::logging: pane child spawned event="pane.spawned" subsystem="pane" outcome="ok" pane_id=8 pid=4691
2026-08-04T22:49:06.942125Z  INFO herdr::logging: spawning pane terminal event="pane.spawn.start" subsystem="pane" outcome="started" pane_id=9 rows=24 cols=80 scrollback_limit_bytes=10000000
2026-08-04T22:49:06.960060Z  INFO herdr::logging: pane child spawned event="pane.spawned" subsystem="pane" outcome="ok" pane_id=9 pid=4696
2026-08-04T22:49:06.962184Z  INFO herdr::logging: session restore evaluated event="persist.restore" subsystem="persist" outcome="ok" workspaces=4
2026-08-04T22:49:06.962436Z  INFO herdr::app: using pane scrollback configuration pane_scrollback_limit_bytes=10000000
2026-08-04T22:49:07.213891Z  INFO herdr::logging: checking for updates event="update.check.start" subsystem="update" outcome="started"
2026-08-04T22:49:07.219226Z  INFO herdr::server::headless: restored session already has workspaces; ignoring startup cwd cwd=/home/Ronaldcdz
2026-08-04T22:49:07.219530Z  INFO herdr::server::headless: client protocol socket listening path=/home/Ronaldcdz/.config/herdr/herdr-client.sock
2026-08-04T22:49:07.219585Z  INFO herdr::server::headless: herdr server started api_socket=/home/Ronaldcdz/.config/herdr/herdr.sock client_socket=/home/Ronaldcdz/.config/herdr/herdr-client.sock
2026-08-04T22:49:07.219940Z  INFO herdr::logging: herdr starting event="app.startup" subsystem="server" outcome="started" pid=4651
2026-08-04T22:49:07.447773Z  INFO herdr::server::headless: client connected client_id=2 cols=95 rows=46 cell_width_px=0 cell_height_px=0 render_encoding=SemanticFrame
2026-08-04T22:49:07.585790Z  INFO herdr::logging: update available event="update.available" subsystem="update" outcome="ok" version="0.8.0"
2026-08-04T22:49:07.585828Z  INFO herdr::update: new stable build available at https://github.com/herdrdev/herdr/releases/download/v0.8.0/herdr-linux-x86_64
2026-08-04T22:49:07.587660Z  INFO herdr::update: auto-update check: 0.8.0 available, waiting for explicit install
2026-08-04T22:49:53.704836Z  INFO herdr::server::headless: client resize client_id=2 cols=96 rows=46 cell_width_px=0 cell_height_px=0
2026-08-04T22:49:54.305534Z  INFO herdr::server::headless: client resize client_id=2 cols=97 rows=46 cell_width_px=0 cell_height_px=0
2026-08-04T22:49:54.605712Z  INFO herdr::server::headless: client resize client_id=2 cols=98 rows=46 cell_width_px=0 cell_height_px=0
2026-08-04T22:49:54.906116Z  INFO herdr::server::headless: client resize client_id=2 cols=99 rows=46 cell_width_px=0 cell_height_px=0
2026-08-04T22:49:55.807309Z  INFO herdr::server::headless: client resize client_id=2 cols=100 rows=46 cell_width_px=0 cell_height_px=0
2026-08-04T22:49:59.812768Z  INFO herdr::server::headless: client resize client_id=2 cols=101 rows=46 cell_width_px=0 cell_height_px=0
2026-08-04T22:50:00.613804Z  INFO herdr::server::headless: client resize client_id=2 cols=100 rows=46 cell_width_px=0 cell_height_px=0
2026-08-04T22:50:00.746586Z  INFO herdr::server::headless: client resize client_id=2 cols=99 rows=46 cell_width_px=0 cell_height_px=0
2026-08-04T22:50:00.815577Z  INFO herdr::server::headless: client resize client_id=2 cols=98 rows=46 cell_width_px=0 cell_height_px=0
2026-08-04T22:50:01.013996Z  INFO herdr::server::headless: client resize client_id=2 cols=97 rows=46 cell_width_px=0 cell_height_px=0
2026-08-04T22:50:01.114097Z  INFO herdr::server::headless: client resize client_id=2 cols=96 rows=46 cell_width_px=0 cell_height_px=0
2026-08-04T22:50:01.314391Z  INFO herdr::server::headless: client resize client_id=2 cols=95 rows=46 cell_width_px=0 cell_height_px=0
2026-08-04T22:50:01.435092Z  INFO herdr::server::headless: client resize client_id=2 cols=94 rows=46 cell_width_px=0 cell_height_px=0
2026-08-04T22:50:01.714917Z  INFO herdr::server::headless: client resize client_id=2 cols=93 rows=46 cell_width_px=0 cell_height_px=0
2026-08-04T22:50:01.914938Z  INFO herdr::server::headless: client resize client_id=2 cols=92 rows=46 cell_width_px=0 cell_height_px=0
2026-08-04T22:50:02.015076Z  INFO herdr::server::headless: client resize client_id=2 cols=91 rows=46 cell_width_px=0 cell_height_px=0
2026-08-04T22:50:02.149995Z  INFO herdr::server::headless: client resize client_id=2 cols=90 rows=46 cell_width_px=0 cell_height_px=0
2026-08-04T22:50:02.315783Z  INFO herdr::server::headless: client resize client_id=2 cols=89 rows=46 cell_width_px=0 cell_height_px=0
2026-08-04T22:50:02.415748Z  INFO herdr::server::headless: client resize client_id=2 cols=88 rows=46 cell_width_px=0 cell_height_px=0
2026-08-04T22:50:02.616059Z  INFO herdr::server::headless: client resize client_id=2 cols=87 rows=46 cell_width_px=0 cell_height_px=0
2026-08-04T22:50:02.816253Z  INFO herdr::server::headless: client resize client_id=2 cols=86 rows=46 cell_width_px=0 cell_height_px=0
2026-08-04T22:50:03.016560Z  INFO herdr::server::headless: client resize client_id=2 cols=85 rows=46 cell_width_px=0 cell_height_px=0
2026-08-04T22:50:03.217029Z  INFO herdr::server::headless: client resize client_id=2 cols=84 rows=46 cell_width_px=0 cell_height_px=0
2026-08-04T22:50:03.317022Z  INFO herdr::server::headless: client resize client_id=2 cols=83 rows=46 cell_width_px=0 cell_height_px=0
2026-08-04T22:50:03.517440Z  INFO herdr::server::headless: client resize client_id=2 cols=82 rows=46 cell_width_px=0 cell_height_px=0
2026-08-04T22:50:04.118327Z  INFO herdr::server::headless: client resize client_id=2 cols=81 rows=46 cell_width_px=0 cell_height_px=0
2026-08-04T22:50:04.232625Z  INFO herdr::server::headless: client resize client_id=2 cols=80 rows=46 cell_width_px=0 cell_height_px=0
2026-08-04T22:50:04.418554Z  INFO herdr::server::headless: client resize client_id=2 cols=74 rows=46 cell_width_px=0 cell_height_px=0
2026-08-04T22:50:04.618889Z  INFO herdr::server::headless: client resize client_id=2 cols=71 rows=46 cell_width_px=0 cell_height_px=0
2026-08-04T22:50:05.820514Z  INFO herdr::server::headless: client resize client_id=2 cols=70 rows=46 cell_width_px=0 cell_height_px=0
2026-08-04T22:50:06.020893Z  INFO herdr::server::headless: client resize client_id=2 cols=69 rows=46 cell_width_px=0 cell_height_px=0
2026-08-04T22:50:06.121133Z  INFO herdr::server::headless: client resize client_id=2 cols=68 rows=46 cell_width_px=0 cell_height_px=0
2026-08-04T22:50:06.321097Z  INFO herdr::server::headless: client resize client_id=2 cols=67 rows=46 cell_width_px=0 cell_height_px=0
2026-08-04T22:50:06.521597Z  INFO herdr::server::headless: client resize client_id=2 cols=66 rows=46 cell_width_px=0 cell_height_px=0
2026-08-04T22:50:06.722019Z  INFO herdr::server::headless: client resize client_id=2 cols=65 rows=46 cell_width_px=0 cell_height_px=0
2026-08-04T22:50:06.922045Z  INFO herdr::server::headless: client resize client_id=2 cols=64 rows=46 cell_width_px=0 cell_height_px=0
2026-08-04T22:50:07.122355Z  INFO herdr::server::headless: client resize client_id=2 cols=63 rows=46 cell_width_px=0 cell_height_px=0
2026-08-04T22:50:07.723028Z  INFO herdr::server::headless: client resize client_id=2 cols=62 rows=46 cell_width_px=0 cell_height_px=0
2026-08-04T22:50:07.836672Z  INFO herdr::server::headless: client resize client_id=2 cols=61 rows=46 cell_width_px=0 cell_height_px=0
2026-08-04T22:50:08.023243Z  INFO herdr::server::headless: client resize client_id=2 cols=60 rows=46 cell_width_px=0 cell_height_px=0
2026-08-04T22:50:08.423888Z  INFO herdr::server::headless: client resize client_id=2 cols=59 rows=46 cell_width_px=0 cell_height_px=0
2026-08-04T22:50:08.824279Z  INFO herdr::server::headless: client resize client_id=2 cols=58 rows=46 cell_width_px=0 cell_height_px=0
2026-08-04T22:50:09.224803Z  INFO herdr::server::headless: client resize client_id=2 cols=57 rows=46 cell_width_px=0 cell_height_px=0
2026-08-04T22:50:09.927138Z  INFO herdr::server::headless: client resize client_id=2 cols=56 rows=46 cell_width_px=0 cell_height_px=0
2026-08-04T22:50:10.327806Z  INFO herdr::server::headless: client resize client_id=2 cols=55 rows=46 cell_width_px=0 cell_height_px=0
2026-08-04T22:50:10.528063Z  INFO herdr::server::headless: client resize client_id=2 cols=54 rows=46 cell_width_px=0 cell_height_px=0
2026-08-04T22:50:10.828341Z  INFO herdr::server::headless: client resize client_id=2 cols=53 rows=46 cell_width_px=0 cell_height_px=0
2026-08-04T22:50:11.829559Z  INFO herdr::server::headless: client resize client_id=2 cols=52 rows=46 cell_width_px=0 cell_height_px=0
2026-08-04T22:50:45.761602Z  INFO herdr::logging: workspace focused event="workspace.focus" subsystem="workspace" outcome="ok" workspace_id="w2"
2026-08-04T22:50:45.761682Z  INFO herdr::logging: tab focused event="tab.focus" subsystem="tab" outcome="ok" workspace_id="w2" tab_id="w2:t1"
2026-08-04T22:50:50.766183Z  INFO herdr::logging: session saved event="persist.save" subsystem="persist" outcome="ok" path=/home/Ronaldcdz/.config/herdr/session.json workspaces=4
2026-08-04T22:57:15.104276Z  INFO herdr::server::headless: client resize client_id=2 cols=52 rows=47 cell_width_px=0 cell_height_px=0
2026-08-04T22:57:15.505913Z  INFO herdr::server::headless: client resize client_id=2 cols=52 rows=46 cell_width_px=0 cell_height_px=0
2026-08-04T22:57:59.860102Z  INFO herdr::server::headless: client resize client_id=2 cols=52 rows=47 cell_width_px=0 cell_height_px=0
2026-08-04T22:58:00.363172Z  INFO herdr::server::headless: client resize client_id=2 cols=52 rows=46 cell_width_px=0 cell_height_px=0
2026-08-04T23:27:39.866923Z  INFO herdr::server::headless: client resize client_id=2 cols=34 rows=46 cell_width_px=0 cell_height_px=0
2026-08-04T23:27:42.770539Z  INFO herdr::server::headless: client resize client_id=2 cols=52 rows=46 cell_width_px=0 cell_height_px=0
2026-08-05T00:46:47.418777Z  INFO herdr::logging: spawning pane terminal event="pane.spawn.start" subsystem="pane" outcome="started" pane_id=10 rows=44 cols=52 scrollback_limit_bytes=10000000
2026-08-05T00:46:47.423351Z  INFO herdr::logging: pane child spawned event="pane.spawned" subsystem="pane" outcome="ok" pane_id=10 pid=71279
2026-08-05T00:46:47.424006Z  INFO herdr::logging: tab focused event="tab.focus" subsystem="tab" outcome="ok" workspace_id="w2" tab_id="w2:t3"
2026-08-05T00:46:52.430907Z  INFO herdr::logging: session saved event="persist.save" subsystem="persist" outcome="ok" path=/home/Ronaldcdz/.config/herdr/session.json workspaces=4
2026-08-05T00:50:03.810679Z  INFO herdr::logging: tab focused event="tab.focus" subsystem="tab" outcome="ok" workspace_id="w2" tab_id="w2:t1"
2026-08-05T00:50:08.816195Z  INFO herdr::logging: session saved event="persist.save" subsystem="persist" outcome="ok" path=/home/Ronaldcdz/.config/herdr/session.json workspaces=4
2026-08-05T00:52:00.231353Z  INFO herdr::server::headless: client resize client_id=2 cols=34 rows=46 cell_width_px=0 cell_height_px=0
2026-08-05T00:52:34.671058Z  INFO herdr::server::headless: client resize client_id=2 cols=52 rows=46 cell_width_px=0 cell_height_px=0
2026-08-05T01:28:17.983994Z  INFO herdr::server::headless: client resize client_id=2 cols=52 rows=47 cell_width_px=0 cell_height_px=0
2026-08-05T01:28:18.486220Z  INFO herdr::server::headless: client resize client_id=2 cols=52 rows=46 cell_width_px=0 cell_height_px=0
2026-08-05T01:58:04.888745Z  INFO herdr::server::headless: client resize client_id=2 cols=52 rows=47 cell_width_px=0 cell_height_px=0
2026-08-05T01:58:05.387308Z  INFO herdr::server::headless: client resize client_id=2 cols=52 rows=46 cell_width_px=0 cell_height_px=0
2026-08-05T02:01:19.476302Z  INFO herdr::server::headless: client resize client_id=2 cols=191 rows=46 cell_width_px=0 cell_height_px=0
2026-08-05T02:01:22.147614Z  INFO herdr::logging: tab focused event="tab.focus" subsystem="tab" outcome="ok" workspace_id="w2" tab_id="w2:t3"
2026-08-05T02:01:24.959297Z  INFO herdr::logging: pane child exited event="pane.exit" subsystem="pane" outcome="completed" pane_id=10 status="ExitStatus { code: 1, signal: None }"
2026-08-05T02:01:24.985512Z  INFO herdr::pane: pane session terminated pane=10 pid=71279 signal=Hangup
2026-08-05T02:01:24.987488Z  WARN herdr::app::actions: PaneDied for unknown pane pane=10
2026-08-05T02:01:29.988715Z  INFO herdr::logging: session saved event="persist.save" subsystem="persist" outcome="ok" path=/home/Ronaldcdz/.config/herdr/session.json workspaces=4
2026-08-05T02:01:33.289829Z  INFO herdr::logging: spawning pane terminal event="pane.spawn.start" subsystem="pane" outcome="started" pane_id=11 rows=45 cols=170 scrollback_limit_bytes=10000000
2026-08-05T02:01:33.295085Z  INFO herdr::logging: pane child spawned event="pane.spawned" subsystem="pane" outcome="ok" pane_id=11 pid=111296
2026-08-05T02:01:33.295672Z  INFO herdr::logging: tab renamed event="tab.rename" subsystem="tab" outcome="ok" workspace_id="w2" tab_id="w2:t4"
2026-08-05T02:01:33.295816Z  INFO herdr::logging: tab focused event="tab.focus" subsystem="tab" outcome="ok" workspace_id="w2" tab_id="w2:t4"
2026-08-05T02:01:38.301915Z  INFO herdr::logging: session saved event="persist.save" subsystem="persist" outcome="ok" path=/home/Ronaldcdz/.config/herdr/session.json workspaces=4
2026-08-05T02:04:14.212673Z  INFO herdr::server::headless: client connected client_id=4 cols=80 rows=24 cell_width_px=0 cell_height_px=0 render_encoding=SemanticFrame
2026-08-05T02:04:14.250939Z  INFO herdr::server::headless: client resize client_id=2 cols=95 rows=46 cell_width_px=0 cell_height_px=0
2026-08-05T02:04:14.349410Z  INFO herdr::server::headless: client resize client_id=4 cols=95 rows=46 cell_width_px=0 cell_height_px=0
2026-08-05T02:04:15.781377Z  INFO herdr::server::headless: client disconnected client_id=4
2026-08-05T02:04:15.847778Z  INFO herdr::server::headless: client resize client_id=2 cols=191 rows=46 cell_width_px=0 cell_height_px=0
2026-08-05T02:48:27.406156Z  INFO herdr::logging: pane child exited event="pane.exit" subsystem="pane" outcome="completed" pane_id=9 status="ExitStatus { code: 1, signal: None }"
2026-08-05T02:48:27.409475Z  INFO herdr::pane: pane session terminated pane=9 pid=4696 signal=Hangup
2026-08-05T02:48:27.412312Z  INFO herdr::server::headless: client disconnected client_id=2
2026-08-05T02:48:27.422534Z  INFO herdr::logging: pane child exited event="pane.exit" subsystem="pane" outcome="completed" pane_id=6 status="ExitStatus { code: 1, signal: None }"
2026-08-05T02:48:27.430348Z  INFO herdr::logging: pane child exited event="pane.exit" subsystem="pane" outcome="completed" pane_id=5 status="ExitStatus { code: 1, signal: None }"
2026-08-05T02:48:27.430619Z  INFO herdr::logging: pane child exited event="pane.exit" subsystem="pane" outcome="completed" pane_id=7 status="ExitStatus { code: 1, signal: None }"
2026-08-05T02:48:27.434221Z  INFO herdr::pane: pane session terminated pane=6 pid=4684 signal=Hangup
2026-08-05T02:48:27.434919Z  INFO herdr::pane: pane session terminated pane=5 pid=4680 signal=Hangup
2026-08-05T02:48:27.437678Z  INFO herdr::pane: pane session terminated pane=7 pid=4688 signal=Hangup
2026-08-05T02:48:27.445335Z  INFO herdr::logging: pane child exited event="pane.exit" subsystem="pane" outcome="completed" pane_id=8 status="ExitStatus { code: 1, signal: None }"
2026-08-05T02:48:27.449088Z  INFO herdr::pane: pane session terminated pane=8 pid=4691 signal=Hangup
2026-08-05T03:00:58.311417Z  INFO herdr::api::server: api server listening path=/home/Ronaldcdz/.config/herdr/herdr.sock
2026-08-05T03:00:58.317015Z  INFO herdr::logging: spawning pane terminal event="pane.spawn.start" subsystem="pane" outcome="started" pane_id=1 rows=24 cols=80 scrollback_limit_bytes=10000000
2026-08-05T03:00:58.320115Z  INFO herdr::logging: pane child spawned event="pane.spawned" subsystem="pane" outcome="ok" pane_id=1 pid=5112
2026-08-05T03:00:58.321023Z  INFO herdr::logging: spawning pane terminal event="pane.spawn.start" subsystem="pane" outcome="started" pane_id=2 rows=24 cols=80 scrollback_limit_bytes=10000000
2026-08-05T03:00:58.323752Z  INFO herdr::logging: pane child spawned event="pane.spawned" subsystem="pane" outcome="ok" pane_id=2 pid=5115
2026-08-05T03:00:58.326185Z  INFO herdr::logging: spawning pane terminal event="pane.spawn.start" subsystem="pane" outcome="started" pane_id=3 rows=24 cols=80 scrollback_limit_bytes=10000000
2026-08-05T03:00:58.330139Z  INFO herdr::logging: pane child spawned event="pane.spawned" subsystem="pane" outcome="ok" pane_id=3 pid=5118
2026-08-05T03:00:58.331762Z  INFO herdr::logging: spawning pane terminal event="pane.spawn.start" subsystem="pane" outcome="started" pane_id=4 rows=24 cols=80 scrollback_limit_bytes=10000000
2026-08-05T03:00:58.335002Z  INFO herdr::logging: pane child spawned event="pane.spawned" subsystem="pane" outcome="ok" pane_id=4 pid=5123
2026-08-05T03:00:58.336885Z  INFO herdr::logging: spawning pane terminal event="pane.spawn.start" subsystem="pane" outcome="started" pane_id=5 rows=24 cols=80 scrollback_limit_bytes=10000000
2026-08-05T03:00:58.341519Z  INFO herdr::logging: pane child spawned event="pane.spawned" subsystem="pane" outcome="ok" pane_id=5 pid=5127
2026-08-05T03:00:58.345032Z  INFO herdr::logging: spawning pane terminal event="pane.spawn.start" subsystem="pane" outcome="started" pane_id=6 rows=24 cols=80 scrollback_limit_bytes=10000000
2026-08-05T03:00:58.348503Z  INFO herdr::logging: pane child spawned event="pane.spawned" subsystem="pane" outcome="ok" pane_id=6 pid=5131
2026-08-05T03:00:58.349508Z  INFO herdr::logging: spawning pane terminal event="pane.spawn.start" subsystem="pane" outcome="started" pane_id=7 rows=24 cols=80 scrollback_limit_bytes=10000000
2026-08-05T03:00:58.353512Z  INFO herdr::logging: pane child spawned event="pane.spawned" subsystem="pane" outcome="ok" pane_id=7 pid=5135
2026-08-05T03:00:58.354441Z  INFO herdr::logging: spawning pane terminal event="pane.spawn.start" subsystem="pane" outcome="started" pane_id=8 rows=24 cols=80 scrollback_limit_bytes=10000000
2026-08-05T03:00:58.358924Z  INFO herdr::logging: pane child spawned event="pane.spawned" subsystem="pane" outcome="ok" pane_id=8 pid=5139
2026-08-05T03:00:58.360711Z  INFO herdr::logging: spawning pane terminal event="pane.spawn.start" subsystem="pane" outcome="started" pane_id=9 rows=24 cols=80 scrollback_limit_bytes=10000000
2026-08-05T03:00:58.366123Z  INFO herdr::logging: pane child spawned event="pane.spawned" subsystem="pane" outcome="ok" pane_id=9 pid=5146
2026-08-05T03:00:58.367166Z  INFO herdr::logging: spawning pane terminal event="pane.spawn.start" subsystem="pane" outcome="started" pane_id=10 rows=24 cols=80 scrollback_limit_bytes=10000000
2026-08-05T03:00:58.371934Z  INFO herdr::logging: pane child spawned event="pane.spawned" subsystem="pane" outcome="ok" pane_id=10 pid=5153
2026-08-05T03:00:58.374621Z  INFO herdr::logging: session restore evaluated event="persist.restore" subsystem="persist" outcome="ok" workspaces=4
2026-08-05T03:00:58.374754Z  INFO herdr::app: using pane scrollback configuration pane_scrollback_limit_bytes=10000000
2026-08-05T03:00:58.619443Z  INFO herdr::logging: checking for updates event="update.check.start" subsystem="update" outcome="started"
2026-08-05T03:00:58.628924Z  INFO herdr::server::headless: restored session already has workspaces; ignoring startup cwd cwd=/home/Ronaldcdz
2026-08-05T03:00:58.629230Z  INFO herdr::server::headless: client protocol socket listening path=/home/Ronaldcdz/.config/herdr/herdr-client.sock
2026-08-05T03:00:58.629288Z  INFO herdr::server::headless: herdr server started api_socket=/home/Ronaldcdz/.config/herdr/herdr.sock client_socket=/home/Ronaldcdz/.config/herdr/herdr-client.sock
2026-08-05T03:00:58.629656Z  INFO herdr::logging: herdr starting event="app.startup" subsystem="server" outcome="started" pid=5098
2026-08-05T03:00:58.877359Z  INFO herdr::server::headless: client connected client_id=2 cols=191 rows=46 cell_width_px=0 cell_height_px=0 render_encoding=SemanticFrame
2026-08-05T03:00:59.008430Z  INFO herdr::logging: update available event="update.available" subsystem="update" outcome="ok" version="0.8.0"
2026-08-05T03:00:59.008465Z  INFO herdr::update: new stable build available at https://github.com/herdrdev/herdr/releases/download/v0.8.0/herdr-linux-x86_64
2026-08-05T03:00:59.009193Z  INFO herdr::update: auto-update check: 0.8.0 available, waiting for explicit install
2026-08-05T03:24:39.900598Z  INFO herdr::server::headless: client disconnected client_id=2
2026-08-05T03:24:44.679250Z  INFO herdr::server::headless: client connected client_id=4 cols=80 rows=24 cell_width_px=0 cell_height_px=0 render_encoding=SemanticFrame
2026-08-05T03:24:44.783404Z  INFO herdr::server::headless: client resize client_id=4 cols=191 rows=46 cell_width_px=0 cell_height_px=0
2026-08-05T03:24:46.586536Z  INFO herdr::server::headless: client disconnected client_id=4
2026-08-05T03:24:46.589075Z  INFO herdr::logging: pane child exited event="pane.exit" subsystem="pane" outcome="completed" pane_id=9 status="ExitStatus { code: 1, signal: None }"
2026-08-05T03:24:46.589265Z  INFO herdr::logging: pane child exited event="pane.exit" subsystem="pane" outcome="completed" pane_id=7 status="ExitStatus { code: 1, signal: None }"
2026-08-05T03:24:46.590617Z  INFO herdr::pane: pane session terminated pane=9 pid=5146 signal=Hangup
2026-08-05T03:24:46.591239Z  INFO herdr::pane: pane session terminated pane=7 pid=5135 signal=Hangup
2026-08-05T03:24:46.592092Z  INFO herdr::logging: pane child exited event="pane.exit" subsystem="pane" outcome="completed" pane_id=4 status="ExitStatus { code: 1, signal: None }"
2026-08-05T03:24:46.602766Z  INFO herdr::logging: pane child exited event="pane.exit" subsystem="pane" outcome="completed" pane_id=3 status="ExitStatus { code: 1, signal: None }"
2026-08-05T03:24:46.603047Z  INFO herdr::logging: pane child exited event="pane.exit" subsystem="pane" outcome="completed" pane_id=6 status="ExitStatus { code: 1, signal: None }"
2026-08-05T03:24:46.605645Z  INFO herdr::logging: pane child exited event="pane.exit" subsystem="pane" outcome="completed" pane_id=8 status="ExitStatus { code: 1, signal: None }"
2026-08-05T03:24:46.613873Z  INFO herdr::pane: pane session terminated pane=4 pid=5123 signal=Hangup
2026-08-05T03:24:46.614148Z  INFO herdr::pane: pane session terminated pane=3 pid=5118 signal=Hangup
2026-08-05T03:24:46.614444Z  INFO herdr::pane: pane session terminated pane=6 pid=5131 signal=Hangup
2026-08-05T03:24:46.614751Z  INFO herdr::pane: pane session terminated pane=8 pid=5139 signal=Hangup
2026-08-05T03:24:46.623411Z  INFO herdr::logging: pane child exited event="pane.exit" subsystem="pane" outcome="completed" pane_id=5 status="ExitStatus { code: 1, signal: None }"
2026-08-05T03:24:46.623961Z  INFO herdr::pane: pane session terminated pane=5 pid=5127 signal=Hangup
2026-08-05T03:24:46.630195Z  INFO herdr::logging: pane child exited event="pane.exit" subsystem="pane" outcome="completed" pane_id=10 status="ExitStatus { code: 1, signal: None }"
2026-08-05T03:24:46.630738Z  INFO herdr::pane: pane session terminated pane=10 pid=5153 signal=Hangup
2026-08-05T15:04:44.188897Z  INFO herdr::api::server: api server listening path=/home/Ronaldcdz/.config/herdr/herdr.sock
2026-08-05T15:04:44.194202Z  INFO herdr::logging: spawning pane terminal event="pane.spawn.start" subsystem="pane" outcome="started" pane_id=1 rows=24 cols=80 scrollback_limit_bytes=10000000
2026-08-05T15:04:44.197563Z  INFO herdr::logging: pane child spawned event="pane.spawned" subsystem="pane" outcome="ok" pane_id=1 pid=6103
2026-08-05T15:04:44.198411Z  INFO herdr::logging: spawning pane terminal event="pane.spawn.start" subsystem="pane" outcome="started" pane_id=2 rows=24 cols=80 scrollback_limit_bytes=10000000
2026-08-05T15:04:44.201296Z  INFO herdr::logging: pane child spawned event="pane.spawned" subsystem="pane" outcome="ok" pane_id=2 pid=6106
2026-08-05T15:04:44.203572Z  INFO herdr::logging: spawning pane terminal event="pane.spawn.start" subsystem="pane" outcome="started" pane_id=3 rows=24 cols=80 scrollback_limit_bytes=10000000
2026-08-05T15:04:44.206668Z  INFO herdr::logging: pane child spawned event="pane.spawned" subsystem="pane" outcome="ok" pane_id=3 pid=6109
2026-08-05T15:04:44.207789Z  INFO herdr::logging: spawning pane terminal event="pane.spawn.start" subsystem="pane" outcome="started" pane_id=4 rows=24 cols=80 scrollback_limit_bytes=10000000
2026-08-05T15:04:44.210875Z  INFO herdr::logging: pane child spawned event="pane.spawned" subsystem="pane" outcome="ok" pane_id=4 pid=6113
2026-08-05T15:04:44.212907Z  INFO herdr::logging: spawning pane terminal event="pane.spawn.start" subsystem="pane" outcome="started" pane_id=5 rows=24 cols=80 scrollback_limit_bytes=10000000
2026-08-05T15:04:44.217793Z  INFO herdr::logging: pane child spawned event="pane.spawned" subsystem="pane" outcome="ok" pane_id=5 pid=6118
2026-08-05T15:04:44.224634Z  INFO herdr::logging: spawning pane terminal event="pane.spawn.start" subsystem="pane" outcome="started" pane_id=6 rows=24 cols=80 scrollback_limit_bytes=10000000
2026-08-05T15:04:44.229245Z  INFO herdr::logging: pane child spawned event="pane.spawned" subsystem="pane" outcome="ok" pane_id=6 pid=6121
2026-08-05T15:04:44.230820Z  INFO herdr::logging: spawning pane terminal event="pane.spawn.start" subsystem="pane" outcome="started" pane_id=7 rows=24 cols=80 scrollback_limit_bytes=10000000
2026-08-05T15:04:44.235842Z  INFO herdr::logging: pane child spawned event="pane.spawned" subsystem="pane" outcome="ok" pane_id=7 pid=6127
2026-08-05T15:04:44.236864Z  INFO herdr::logging: spawning pane terminal event="pane.spawn.start" subsystem="pane" outcome="started" pane_id=8 rows=24 cols=80 scrollback_limit_bytes=10000000
2026-08-05T15:04:44.241521Z  INFO herdr::logging: pane child spawned event="pane.spawned" subsystem="pane" outcome="ok" pane_id=8 pid=6132
2026-08-05T15:04:44.243455Z  INFO herdr::logging: spawning pane terminal event="pane.spawn.start" subsystem="pane" outcome="started" pane_id=9 rows=24 cols=80 scrollback_limit_bytes=10000000
2026-08-05T15:04:44.248653Z  INFO herdr::logging: pane child spawned event="pane.spawned" subsystem="pane" outcome="ok" pane_id=9 pid=6140
2026-08-05T15:04:44.249677Z  INFO herdr::logging: spawning pane terminal event="pane.spawn.start" subsystem="pane" outcome="started" pane_id=10 rows=24 cols=80 scrollback_limit_bytes=10000000
2026-08-05T15:04:44.255133Z  INFO herdr::logging: pane child spawned event="pane.spawned" subsystem="pane" outcome="ok" pane_id=10 pid=6146
2026-08-05T15:04:44.264527Z  INFO herdr::logging: session restore evaluated event="persist.restore" subsystem="persist" outcome="ok" workspaces=4
2026-08-05T15:04:44.264683Z  INFO herdr::app: using pane scrollback configuration pane_scrollback_limit_bytes=10000000
2026-08-05T15:04:44.547057Z  INFO herdr::logging: checking for updates event="update.check.start" subsystem="update" outcome="started"
2026-08-05T15:04:44.558940Z  INFO herdr::server::headless: restored session already has workspaces; ignoring startup cwd cwd=/home/Ronaldcdz
2026-08-05T15:04:44.559263Z  INFO herdr::server::headless: client protocol socket listening path=/home/Ronaldcdz/.config/herdr/herdr-client.sock
2026-08-05T15:04:44.559328Z  INFO herdr::server::headless: herdr server started api_socket=/home/Ronaldcdz/.config/herdr/herdr.sock client_socket=/home/Ronaldcdz/.config/herdr/herdr-client.sock
2026-08-05T15:04:44.559681Z  INFO herdr::logging: herdr starting event="app.startup" subsystem="server" outcome="started" pid=6089
2026-08-05T15:04:44.754295Z  INFO herdr::server::headless: client connected client_id=2 cols=191 rows=46 cell_width_px=0 cell_height_px=0 render_encoding=SemanticFrame
2026-08-05T15:04:44.808497Z  INFO herdr::logging: update available event="update.available" subsystem="update" outcome="ok" version="0.8.0"
2026-08-05T15:04:44.808531Z  INFO herdr::update: new stable build available at https://github.com/herdrdev/herdr/releases/download/v0.8.0/herdr-linux-x86_64
2026-08-05T15:04:44.809357Z  INFO herdr::update: auto-update check: 0.8.0 available, waiting for explicit install
2026-08-05T16:25:56.896252Z  INFO herdr::app::actions: copied selection to clipboard
2026-08-05T16:35:20.446312Z  INFO herdr::logging: pane child exited event="pane.exit" subsystem="pane" outcome="completed" pane_id=2 status="ExitStatus { code: 1, signal: None }"
2026-08-05T16:35:20.470594Z  INFO herdr::pane: pane session terminated pane=2 pid=6106 signal=Hangup
2026-08-05T16:35:20.471693Z  WARN herdr::app::actions: PaneDied for unknown pane pane=2
2026-08-05T16:35:25.475652Z  INFO herdr::logging: session saved event="persist.save" subsystem="persist" outcome="ok" path=/home/Ronaldcdz/.config/herdr/session.json workspaces=4
2026-08-05T16:35:31.734994Z  INFO herdr::logging: workspace focused event="workspace.focus" subsystem="workspace" outcome="ok" workspace_id="w6"
2026-08-05T16:35:31.735122Z  INFO herdr::logging: tab focused event="tab.focus" subsystem="tab" outcome="ok" workspace_id="w6" tab_id="w6:tE"
2026-08-05T16:35:33.074277Z  INFO herdr::logging: pane child exited event="pane.exit" subsystem="pane" outcome="completed" pane_id=9 status="ExitStatus { code: 1, signal: None }"
2026-08-05T16:35:33.092774Z  INFO herdr::pane: pane session terminated pane=9 pid=6140 signal=Hangup
2026-08-05T16:35:33.093456Z  WARN herdr::app::actions: PaneDied for unknown pane pane=9
2026-08-05T16:35:35.520691Z  INFO herdr::logging: tab focused event="tab.focus" subsystem="tab" outcome="ok" workspace_id="w6" tab_id="w6:tG"
2026-08-05T16:35:36.120900Z  INFO herdr::logging: pane child exited event="pane.exit" subsystem="pane" outcome="completed" pane_id=10 status="ExitStatus { code: 1, signal: None }"
2026-08-05T16:35:36.139967Z  INFO herdr::pane: pane session terminated pane=10 pid=6146 signal=Hangup
2026-08-05T16:35:36.140481Z  WARN herdr::app::actions: PaneDied for unknown pane pane=10
2026-08-05T16:35:37.590694Z  INFO herdr::logging: tab focused event="tab.focus" subsystem="tab" outcome="ok" workspace_id="w6" tab_id="w6:t2"
2026-08-05T16:35:42.593782Z  INFO herdr::logging: session saved event="persist.save" subsystem="persist" outcome="ok" path=/home/Ronaldcdz/.config/herdr/session.json workspaces=4
2026-08-05T17:16:50.755801Z  INFO herdr::logging: tab focused event="tab.focus" subsystem="tab" outcome="ok" workspace_id="w6" tab_id="w6:tA"
2026-08-05T17:16:55.760604Z  INFO herdr::logging: session saved event="persist.save" subsystem="persist" outcome="ok" path=/home/Ronaldcdz/.config/herdr/session.json workspaces=4
2026-08-05T17:17:20.975228Z  INFO herdr::logging: tab focused event="tab.focus" subsystem="tab" outcome="ok" workspace_id="w6" tab_id="w6:t2"
2026-08-05T17:17:25.980504Z  INFO herdr::logging: session saved event="persist.save" subsystem="persist" outcome="ok" path=/home/Ronaldcdz/.config/herdr/session.json workspaces=4
2026-08-05T17:17:58.864747Z  INFO herdr::logging: tab focused event="tab.focus" subsystem="tab" outcome="ok" workspace_id="w6" tab_id="w6:tB"
2026-08-05T17:18:03.868986Z  INFO herdr::logging: session saved event="persist.save" subsystem="persist" outcome="ok" path=/home/Ronaldcdz/.config/herdr/session.json workspaces=4
2026-08-05T17:22:59.866689Z  INFO herdr::logging: tab focused event="tab.focus" subsystem="tab" outcome="ok" workspace_id="w6" tab_id="w6:t2"
2026-08-05T17:23:04.872591Z  INFO herdr::logging: session saved event="persist.save" subsystem="persist" outcome="ok" path=/home/Ronaldcdz/.config/herdr/session.json workspaces=4
2026-08-05T17:37:51.510636Z  INFO herdr::logging: tab focused event="tab.focus" subsystem="tab" outcome="ok" workspace_id="w6" tab_id="w6:tA"
2026-08-05T17:37:52.234594Z  INFO herdr::logging: tab focused event="tab.focus" subsystem="tab" outcome="ok" workspace_id="w6" tab_id="w6:tB"
2026-08-05T17:37:57.241946Z  INFO herdr::logging: session saved event="persist.save" subsystem="persist" outcome="ok" path=/home/Ronaldcdz/.config/herdr/session.json workspaces=4
2026-08-05T17:39:05.781890Z  INFO herdr::logging: tab focused event="tab.focus" subsystem="tab" outcome="ok" workspace_id="w6" tab_id="w6:t2"
2026-08-05T17:39:10.786510Z  INFO herdr::logging: session saved event="persist.save" subsystem="persist" outcome="ok" path=/home/Ronaldcdz/.config/herdr/session.json workspaces=4
2026-08-05T17:39:31.498629Z  INFO herdr::logging: tab focused event="tab.focus" subsystem="tab" outcome="ok" workspace_id="w6" tab_id="w6:tB"
2026-08-05T17:39:36.503560Z  INFO herdr::logging: session saved event="persist.save" subsystem="persist" outcome="ok" path=/home/Ronaldcdz/.config/herdr/session.json workspaces=4
2026-08-05T17:40:04.846935Z  INFO herdr::logging: pane child exited event="pane.exit" subsystem="pane" outcome="completed" pane_id=8 status="ExitStatus { code: 1, signal: None }"
2026-08-05T17:40:04.867699Z  INFO herdr::pane: pane session terminated pane=8 pid=6132 signal=Hangup
2026-08-05T17:40:04.868455Z  WARN herdr::app::actions: PaneDied for unknown pane pane=8
2026-08-05T17:40:06.903698Z  INFO herdr::logging: spawning pane terminal event="pane.spawn.start" subsystem="pane" outcome="started" pane_id=11 rows=45 cols=170 scrollback_limit_bytes=10000000
2026-08-05T17:40:06.908250Z  INFO herdr::logging: pane child spawned event="pane.spawned" subsystem="pane" outcome="ok" pane_id=11 pid=36823
2026-08-05T17:40:06.908830Z  INFO herdr::logging: tab focused event="tab.focus" subsystem="tab" outcome="ok" workspace_id="w6" tab_id="w6:tH"
2026-08-05T17:40:11.913786Z  INFO herdr::logging: session saved event="persist.save" subsystem="persist" outcome="ok" path=/home/Ronaldcdz/.config/herdr/session.json workspaces=4
2026-08-05T17:40:12.953291Z  INFO herdr::logging: tab renamed event="tab.rename" subsystem="tab" outcome="ok" workspace_id="w6" tab_id="w6:tH"
2026-08-05T17:40:13.941293Z  INFO herdr::logging: tab focused event="tab.focus" subsystem="tab" outcome="ok" workspace_id="w6" tab_id="w6:t2"
2026-08-05T17:40:17.300234Z  INFO herdr::logging: tab focused event="tab.focus" subsystem="tab" outcome="ok" workspace_id="w6" tab_id="w6:tH"
2026-08-05T17:40:22.304334Z  INFO herdr::logging: session saved event="persist.save" subsystem="persist" outcome="ok" path=/home/Ronaldcdz/.config/herdr/session.json workspaces=4
2026-08-05T17:40:33.288048Z  INFO herdr::logging: tab focused event="tab.focus" subsystem="tab" outcome="ok" workspace_id="w6" tab_id="w6:t2"
2026-08-05T17:40:38.292517Z  INFO herdr::logging: session saved event="persist.save" subsystem="persist" outcome="ok" path=/home/Ronaldcdz/.config/herdr/session.json workspaces=4
2026-08-05T19:04:01.393976Z  INFO herdr::logging: pane child exited event="pane.exit" subsystem="pane" outcome="completed" pane_id=5 status="ExitStatus { code: 1, signal: None }"
2026-08-05T19:04:01.398737Z  INFO herdr::logging: pane child exited event="pane.exit" subsystem="pane" outcome="completed" pane_id=3 status="ExitStatus { code: 1, signal: None }"
2026-08-05T19:04:01.420987Z  INFO herdr::pane: pane session terminated pane=5 pid=6118 signal=Hangup
2026-08-05T19:04:01.422252Z  INFO herdr::pane: pane session terminated pane=3 pid=6109 signal=Hangup
2026-08-05T19:04:01.423510Z  INFO herdr::server::headless: client disconnected client_id=2
2026-08-05T19:04:01.426076Z  INFO herdr::logging: pane child exited event="pane.exit" subsystem="pane" outcome="completed" pane_id=7 status="ExitStatus { code: 1, signal: None }"
2026-08-05T19:04:01.435571Z  INFO herdr::pane: pane session terminated pane=7 pid=6127 signal=Hangup
2026-08-05T19:04:01.438563Z  INFO herdr::logging: pane child exited event="pane.exit" subsystem="pane" outcome="completed" pane_id=4 status="ExitStatus { code: 1, signal: None }"
2026-08-05T19:04:01.439003Z  INFO herdr::pane: pane session terminated pane=4 pid=6113 signal=Hangup
2026-08-05T19:04:01.446191Z  INFO herdr::logging: pane child exited event="pane.exit" subsystem="pane" outcome="completed" pane_id=6 status="ExitStatus { code: 1, signal: None }"
2026-08-05T19:04:01.461206Z  INFO herdr::pane: pane session terminated pane=6 pid=6121 signal=Hangup
2026-08-05T19:13:09.322275Z  INFO herdr::api::server: api server listening path=/home/Ronaldcdz/.config/herdr/herdr.sock
2026-08-05T19:13:09.328529Z  INFO herdr::logging: spawning pane terminal event="pane.spawn.start" subsystem="pane" outcome="started" pane_id=1 rows=24 cols=80 scrollback_limit_bytes=10000000
2026-08-05T19:13:09.331590Z  INFO herdr::logging: pane child spawned event="pane.spawned" subsystem="pane" outcome="ok" pane_id=1 pid=3057
2026-08-05T19:13:09.334023Z  INFO herdr::logging: spawning pane terminal event="pane.spawn.start" subsystem="pane" outcome="started" pane_id=2 rows=24 cols=80 scrollback_limit_bytes=10000000
2026-08-05T19:13:09.337109Z  INFO herdr::logging: pane child spawned event="pane.spawned" subsystem="pane" outcome="ok" pane_id=2 pid=3060
2026-08-05T19:13:09.338051Z  INFO herdr::logging: spawning pane terminal event="pane.spawn.start" subsystem="pane" outcome="started" pane_id=3 rows=24 cols=80 scrollback_limit_bytes=10000000
2026-08-05T19:13:09.341751Z  INFO herdr::logging: pane child spawned event="pane.spawned" subsystem="pane" outcome="ok" pane_id=3 pid=3063
2026-08-05T19:13:09.343870Z  INFO herdr::logging: spawning pane terminal event="pane.spawn.start" subsystem="pane" outcome="started" pane_id=4 rows=24 cols=80 scrollback_limit_bytes=10000000
2026-08-05T19:13:09.346707Z  INFO herdr::logging: pane child spawned event="pane.spawned" subsystem="pane" outcome="ok" pane_id=4 pid=3068
2026-08-05T19:13:09.352225Z  INFO herdr::logging: spawning pane terminal event="pane.spawn.start" subsystem="pane" outcome="started" pane_id=5 rows=24 cols=80 scrollback_limit_bytes=10000000
2026-08-05T19:13:09.355563Z  INFO herdr::logging: pane child spawned event="pane.spawned" subsystem="pane" outcome="ok" pane_id=5 pid=3071
2026-08-05T19:13:09.356525Z  INFO herdr::logging: spawning pane terminal event="pane.spawn.start" subsystem="pane" outcome="started" pane_id=6 rows=24 cols=80 scrollback_limit_bytes=10000000
2026-08-05T19:13:09.360502Z  INFO herdr::logging: pane child spawned event="pane.spawned" subsystem="pane" outcome="ok" pane_id=6 pid=3076
2026-08-05T19:13:09.361773Z  INFO herdr::logging: spawning pane terminal event="pane.spawn.start" subsystem="pane" outcome="started" pane_id=7 rows=24 cols=80 scrollback_limit_bytes=10000000
2026-08-05T19:13:09.366016Z  INFO herdr::logging: pane child spawned event="pane.spawned" subsystem="pane" outcome="ok" pane_id=7 pid=3080
2026-08-05T19:13:09.369001Z  INFO herdr::logging: session restore evaluated event="persist.restore" subsystem="persist" outcome="ok" workspaces=4
2026-08-05T19:13:09.369097Z  INFO herdr::app: using pane scrollback configuration pane_scrollback_limit_bytes=10000000
2026-08-05T19:13:09.673710Z  INFO herdr::logging: checking for updates event="update.check.start" subsystem="update" outcome="started"
2026-08-05T19:13:09.677597Z  INFO herdr::server::headless: restored session already has workspaces; ignoring startup cwd cwd=/home/Ronaldcdz
2026-08-05T19:13:09.677897Z  INFO herdr::server::headless: client protocol socket listening path=/home/Ronaldcdz/.config/herdr/herdr-client.sock
2026-08-05T19:13:09.677954Z  INFO herdr::server::headless: herdr server started api_socket=/home/Ronaldcdz/.config/herdr/herdr.sock client_socket=/home/Ronaldcdz/.config/herdr/herdr-client.sock
2026-08-05T19:13:09.678349Z  INFO herdr::logging: herdr starting event="app.startup" subsystem="server" outcome="started" pid=3043
2026-08-05T19:13:09.887094Z  INFO herdr::server::headless: client connected client_id=2 cols=191 rows=46 cell_width_px=0 cell_height_px=0 render_encoding=SemanticFrame
2026-08-05T19:13:09.959103Z  INFO herdr::logging: update available event="update.available" subsystem="update" outcome="ok" version="0.8.0"
2026-08-05T19:13:09.959131Z  INFO herdr::update: new stable build available at https://github.com/herdrdev/herdr/releases/download/v0.8.0/herdr-linux-x86_64
2026-08-05T19:13:09.960466Z  INFO herdr::update: auto-update check: 0.8.0 available, waiting for explicit install
2026-08-05T19:13:43.176675Z  INFO herdr::logging: tab focused event="tab.focus" subsystem="tab" outcome="ok" workspace_id="w6" tab_id="w6:tA"
2026-08-05T19:13:48.180193Z  INFO herdr::logging: session saved event="persist.save" subsystem="persist" outcome="ok" path=/home/Ronaldcdz/.config/herdr/session.json workspaces=4
2026-08-05T19:13:48.825403Z  INFO herdr::logging: tab focused event="tab.focus" subsystem="tab" outcome="ok" workspace_id="w6" tab_id="w6:tH"
2026-08-05T19:13:50.320789Z  INFO herdr::logging: tab focused event="tab.focus" subsystem="tab" outcome="ok" workspace_id="w6" tab_id="w6:t2"
2026-08-05T19:13:55.323692Z  INFO herdr::logging: session saved event="persist.save" subsystem="persist" outcome="ok" path=/home/Ronaldcdz/.config/herdr/session.json workspaces=4
2026-08-05T19:15:36.318306Z  INFO herdr::logging: workspace focused event="workspace.focus" subsystem="workspace" outcome="ok" workspace_id="w2"
2026-08-05T19:15:36.318453Z  INFO herdr::logging: tab focused event="tab.focus" subsystem="tab" outcome="ok" workspace_id="w2" tab_id="w2:t1"
2026-08-05T19:15:41.321814Z  INFO herdr::logging: session saved event="persist.save" subsystem="persist" outcome="ok" path=/home/Ronaldcdz/.config/herdr/session.json workspaces=4
2026-08-05T19:16:30.051632Z  INFO herdr::logging: workspace focused event="workspace.focus" subsystem="workspace" outcome="ok" workspace_id="w6"
2026-08-05T19:16:30.051748Z  INFO herdr::logging: tab focused event="tab.focus" subsystem="tab" outcome="ok" workspace_id="w6" tab_id="w6:t2"
2026-08-05T19:16:35.057551Z  INFO herdr::logging: session saved event="persist.save" subsystem="persist" outcome="ok" path=/home/Ronaldcdz/.config/herdr/session.json workspaces=4
2026-08-05T19:19:48.745075Z  INFO herdr::logging: tab focused event="tab.focus" subsystem="tab" outcome="ok" workspace_id="w6" tab_id="w6:tA"
2026-08-05T19:19:49.668032Z  INFO herdr::logging: tab focused event="tab.focus" subsystem="tab" outcome="ok" workspace_id="w6" tab_id="w6:tH"
2026-08-05T19:19:54.670858Z  INFO herdr::logging: session saved event="persist.save" subsystem="persist" outcome="ok" path=/home/Ronaldcdz/.config/herdr/session.json workspaces=4
2026-08-05T19:21:40.557404Z  INFO herdr::logging: tab focused event="tab.focus" subsystem="tab" outcome="ok" workspace_id="w6" tab_id="w6:t2"
2026-08-05T19:21:45.562409Z  INFO herdr::logging: session saved event="persist.save" subsystem="persist" outcome="ok" path=/home/Ronaldcdz/.config/herdr/session.json workspaces=4
2026-08-05T20:05:38.710624Z  INFO herdr::logging: tab focused event="tab.focus" subsystem="tab" outcome="ok" workspace_id="w6" tab_id="w6:tA"
2026-08-05T20:05:39.764567Z  INFO herdr::logging: tab focused event="tab.focus" subsystem="tab" outcome="ok" workspace_id="w6" tab_id="w6:t2"
2026-08-05T20:05:44.769091Z  INFO herdr::logging: session saved event="persist.save" subsystem="persist" outcome="ok" path=/home/Ronaldcdz/.config/herdr/session.json workspaces=4
2026-08-05T20:23:47.678633Z  INFO herdr::logging: tab focused event="tab.focus" subsystem="tab" outcome="ok" workspace_id="w6" tab_id="w6:tA"
2026-08-05T20:23:48.932599Z  INFO herdr::logging: tab focused event="tab.focus" subsystem="tab" outcome="ok" workspace_id="w6" tab_id="w6:t2"
2026-08-05T20:23:53.936863Z  INFO herdr::logging: session saved event="persist.save" subsystem="persist" outcome="ok" path=/home/Ronaldcdz/.config/herdr/session.json workspaces=4
2026-08-06T16:37:14.549526Z  WARN herdr::detect::manifest_update: agent detection manifest update failed: failed to fetch https://herdr.dev/agent-detection/index.toml
2026-08-06T16:37:33.670833Z  INFO herdr::logging: pane child exited event="pane.exit" subsystem="pane" outcome="completed" pane_id=7 status="ExitStatus { code: 1, signal: None }"
2026-08-06T16:37:33.700358Z  INFO herdr::pane: pane session terminated pane=7 pid=3080 signal=Hangup
2026-08-06T16:37:33.700957Z  INFO herdr::server::headless: client disconnected client_id=2
2026-08-06T16:37:33.712570Z  INFO herdr::logging: pane child exited event="pane.exit" subsystem="pane" outcome="completed" pane_id=3 status="ExitStatus { code: 1, signal: None }"
2026-08-06T16:37:33.712952Z  INFO herdr::pane: pane session terminated pane=3 pid=3063 signal=Hangup
2026-08-06T16:37:33.737221Z  INFO herdr::logging: pane child exited event="pane.exit" subsystem="pane" outcome="completed" pane_id=6 status="ExitStatus { code: 1, signal: None }"
2026-08-06T16:37:33.738314Z  INFO herdr::pane: pane session terminated pane=6 pid=3076 signal=Hangup
2026-08-06T16:37:33.750959Z  INFO herdr::logging: pane child exited event="pane.exit" subsystem="pane" outcome="completed" pane_id=5 status="ExitStatus { code: 1, signal: None }"
2026-08-06T16:37:33.751666Z  INFO herdr::pane: pane session terminated pane=5 pid=3071 signal=Hangup
2026-08-06T16:37:33.788443Z  INFO herdr::logging: pane child exited event="pane.exit" subsystem="pane" outcome="completed" pane_id=4 status="ExitStatus { code: 1, signal: None }"
2026-08-06T16:37:33.793941Z  INFO herdr::pane: pane session terminated pane=4 pid=3068 signal=Hangup
2026-08-06T18:30:32.564979Z  INFO herdr::api::server: api server listening path=/home/Ronaldcdz/.config/herdr/herdr.sock
2026-08-06T18:30:32.573001Z  INFO herdr::logging: spawning pane terminal event="pane.spawn.start" subsystem="pane" outcome="started" pane_id=1 rows=24 cols=80 scrollback_limit_bytes=10000000
2026-08-06T18:30:32.577526Z  INFO herdr::logging: pane child spawned event="pane.spawned" subsystem="pane" outcome="ok" pane_id=1 pid=6315
2026-08-06T18:30:32.580033Z  INFO herdr::logging: spawning pane terminal event="pane.spawn.start" subsystem="pane" outcome="started" pane_id=2 rows=24 cols=80 scrollback_limit_bytes=10000000
2026-08-06T18:30:32.583130Z  INFO herdr::logging: pane child spawned event="pane.spawned" subsystem="pane" outcome="ok" pane_id=2 pid=6318
2026-08-06T18:30:32.584273Z  INFO herdr::logging: spawning pane terminal event="pane.spawn.start" subsystem="pane" outcome="started" pane_id=3 rows=24 cols=80 scrollback_limit_bytes=10000000
2026-08-06T18:30:32.596048Z  INFO herdr::logging: pane child spawned event="pane.spawned" subsystem="pane" outcome="ok" pane_id=3 pid=6321
2026-08-06T18:30:32.598812Z  INFO herdr::logging: spawning pane terminal event="pane.spawn.start" subsystem="pane" outcome="started" pane_id=4 rows=24 cols=80 scrollback_limit_bytes=10000000
2026-08-06T18:30:32.602405Z  INFO herdr::logging: pane child spawned event="pane.spawned" subsystem="pane" outcome="ok" pane_id=4 pid=6326
2026-08-06T18:30:32.606343Z  INFO herdr::logging: spawning pane terminal event="pane.spawn.start" subsystem="pane" outcome="started" pane_id=5 rows=24 cols=80 scrollback_limit_bytes=10000000
2026-08-06T18:30:32.610546Z  INFO herdr::logging: pane child spawned event="pane.spawned" subsystem="pane" outcome="ok" pane_id=5 pid=6330
2026-08-06T18:30:32.611711Z  INFO herdr::logging: spawning pane terminal event="pane.spawn.start" subsystem="pane" outcome="started" pane_id=6 rows=24 cols=80 scrollback_limit_bytes=10000000
2026-08-06T18:30:32.616020Z  INFO herdr::logging: pane child spawned event="pane.spawned" subsystem="pane" outcome="ok" pane_id=6 pid=6335
2026-08-06T18:30:32.617202Z  INFO herdr::logging: spawning pane terminal event="pane.spawn.start" subsystem="pane" outcome="started" pane_id=7 rows=24 cols=80 scrollback_limit_bytes=10000000
2026-08-06T18:30:32.621947Z  INFO herdr::logging: pane child spawned event="pane.spawned" subsystem="pane" outcome="ok" pane_id=7 pid=6341
2026-08-06T18:30:32.624584Z  INFO herdr::logging: session restore evaluated event="persist.restore" subsystem="persist" outcome="ok" workspaces=4
2026-08-06T18:30:32.624699Z  INFO herdr::app: using pane scrollback configuration pane_scrollback_limit_bytes=10000000
2026-08-06T18:30:32.922301Z  INFO herdr::logging: checking for updates event="update.check.start" subsystem="update" outcome="started"
2026-08-06T18:30:32.938288Z  INFO herdr::server::headless: restored session already has workspaces; ignoring startup cwd cwd=/home/Ronaldcdz
2026-08-06T18:30:32.938555Z  INFO herdr::server::headless: client protocol socket listening path=/home/Ronaldcdz/.config/herdr/herdr-client.sock
2026-08-06T18:30:32.938608Z  INFO herdr::server::headless: herdr server started api_socket=/home/Ronaldcdz/.config/herdr/herdr.sock client_socket=/home/Ronaldcdz/.config/herdr/herdr-client.sock
2026-08-06T18:30:32.938949Z  INFO herdr::logging: herdr starting event="app.startup" subsystem="server" outcome="started" pid=6301
2026-08-06T18:30:33.133636Z  INFO herdr::server::headless: client connected client_id=2 cols=191 rows=46 cell_width_px=0 cell_height_px=0 render_encoding=SemanticFrame
2026-08-06T18:30:33.161994Z  INFO herdr::logging: update available event="update.available" subsystem="update" outcome="ok" version="0.8.0"
2026-08-06T18:30:33.162025Z  INFO herdr::update: new stable build available at https://github.com/herdrdev/herdr/releases/download/v0.8.0/herdr-linux-x86_64
2026-08-06T18:30:33.162783Z  INFO herdr::update: auto-update check: 0.8.0 available, waiting for explicit install
2026-08-06T18:30:36.184307Z  INFO herdr::logging: workspace focused event="workspace.focus" subsystem="workspace" outcome="ok" workspace_id="w2"
2026-08-06T18:30:36.184421Z  INFO herdr::logging: tab focused event="tab.focus" subsystem="tab" outcome="ok" workspace_id="w2" tab_id="w2:t1"
2026-08-06T18:30:37.757978Z  INFO herdr::logging: spawning pane terminal event="pane.spawn.start" subsystem="pane" outcome="started" pane_id=8 rows=45 cols=170 scrollback_limit_bytes=10000000
2026-08-06T18:30:37.762428Z  INFO herdr::logging: pane child spawned event="pane.spawned" subsystem="pane" outcome="ok" pane_id=8 pid=9264
2026-08-06T18:30:37.763236Z  INFO herdr::logging: tab focused event="tab.focus" subsystem="tab" outcome="ok" workspace_id="w2" tab_id="w2:t5"
2026-08-06T18:30:42.768573Z  INFO herdr::logging: session saved event="persist.save" subsystem="persist" outcome="ok" path=/home/Ronaldcdz/.config/herdr/session.json workspaces=4
2026-08-06T21:02:09.274874Z  INFO herdr::server::headless: client disconnected client_id=2
2026-08-06T21:02:09.277694Z  INFO herdr::logging: pane child exited event="pane.exit" subsystem="pane" outcome="completed" pane_id=4 status="ExitStatus { code: 1, signal: None }"
2026-08-06T21:02:09.280829Z  INFO herdr::logging: pane child exited event="pane.exit" subsystem="pane" outcome="completed" pane_id=2 status="ExitStatus { code: 1, signal: None }"
2026-08-06T21:02:09.281219Z  INFO herdr::logging: pane child exited event="pane.exit" subsystem="pane" outcome="completed" pane_id=3 status="ExitStatus { code: 1, signal: None }"
2026-08-06T21:02:09.288597Z  INFO herdr::pane: pane session terminated pane=4 pid=6326 signal=Hangup
2026-08-06T21:02:09.288899Z  INFO herdr::logging: pane child exited event="pane.exit" subsystem="pane" outcome="completed" pane_id=7 status="ExitStatus { code: 1, signal: None }"
2026-08-06T21:02:09.289438Z  INFO herdr::pane: pane session terminated pane=2 pid=6318 signal=Hangup
2026-08-06T21:02:09.289692Z  INFO herdr::pane: pane session terminated pane=3 pid=6321 signal=Hangup
2026-08-06T21:02:09.290887Z  INFO herdr::pane: pane session terminated pane=7 pid=6341 signal=Hangup
2026-08-06T21:02:09.296921Z  INFO herdr::logging: pane child exited event="pane.exit" subsystem="pane" outcome="completed" pane_id=6 status="ExitStatus { code: 1, signal: None }"
2026-08-06T21:02:09.298419Z  INFO herdr::logging: pane child exited event="pane.exit" subsystem="pane" outcome="completed" pane_id=5 status="ExitStatus { code: 1, signal: None }"
2026-08-06T21:02:09.300689Z  INFO herdr::pane: pane session terminated pane=6 pid=6335 signal=Hangup
2026-08-06T21:02:09.301652Z  INFO herdr::pane: pane session terminated pane=5 pid=6330 signal=Hangup
2026-08-07T03:25:55.295372Z  INFO herdr::api::server: api server listening path=/home/Ronaldcdz/.config/herdr/herdr.sock
2026-08-07T03:25:55.301198Z  INFO herdr::logging: spawning pane terminal event="pane.spawn.start" subsystem="pane" outcome="started" pane_id=1 rows=24 cols=80 scrollback_limit_bytes=10000000
2026-08-07T03:25:55.305063Z  INFO herdr::logging: pane child spawned event="pane.spawned" subsystem="pane" outcome="ok" pane_id=1 pid=2826
2026-08-07T03:25:55.306210Z  INFO herdr::logging: spawning pane terminal event="pane.spawn.start" subsystem="pane" outcome="started" pane_id=2 rows=24 cols=80 scrollback_limit_bytes=10000000
2026-08-07T03:25:55.309535Z  INFO herdr::logging: pane child spawned event="pane.spawned" subsystem="pane" outcome="ok" pane_id=2 pid=2829
2026-08-07T03:25:55.312420Z  INFO herdr::logging: spawning pane terminal event="pane.spawn.start" subsystem="pane" outcome="started" pane_id=3 rows=24 cols=80 scrollback_limit_bytes=10000000
2026-08-07T03:25:55.315806Z  INFO herdr::logging: pane child spawned event="pane.spawned" subsystem="pane" outcome="ok" pane_id=3 pid=2832
2026-08-07T03:25:55.316897Z  INFO herdr::logging: spawning pane terminal event="pane.spawn.start" subsystem="pane" outcome="started" pane_id=4 rows=24 cols=80 scrollback_limit_bytes=10000000
2026-08-07T03:25:55.320722Z  INFO herdr::logging: pane child spawned event="pane.spawned" subsystem="pane" outcome="ok" pane_id=4 pid=2837
2026-08-07T03:25:55.322510Z  INFO herdr::logging: spawning pane terminal event="pane.spawn.start" subsystem="pane" outcome="started" pane_id=5 rows=24 cols=80 scrollback_limit_bytes=10000000
2026-08-07T03:25:55.325679Z  INFO herdr::logging: pane child spawned event="pane.spawned" subsystem="pane" outcome="ok" pane_id=5 pid=2841
2026-08-07T03:25:55.332395Z  INFO herdr::logging: spawning pane terminal event="pane.spawn.start" subsystem="pane" outcome="started" pane_id=6 rows=24 cols=80 scrollback_limit_bytes=10000000
2026-08-07T03:25:55.337508Z  INFO herdr::logging: pane child spawned event="pane.spawned" subsystem="pane" outcome="ok" pane_id=6 pid=2845
2026-08-07T03:25:55.338851Z  INFO herdr::logging: spawning pane terminal event="pane.spawn.start" subsystem="pane" outcome="started" pane_id=7 rows=24 cols=80 scrollback_limit_bytes=10000000
2026-08-07T03:25:55.343682Z  INFO herdr::logging: pane child spawned event="pane.spawned" subsystem="pane" outcome="ok" pane_id=7 pid=2850
2026-08-07T03:25:55.344615Z  INFO herdr::logging: spawning pane terminal event="pane.spawn.start" subsystem="pane" outcome="started" pane_id=8 rows=24 cols=80 scrollback_limit_bytes=10000000
2026-08-07T03:25:55.348565Z  INFO herdr::logging: pane child spawned event="pane.spawned" subsystem="pane" outcome="ok" pane_id=8 pid=2857
2026-08-07T03:25:55.354916Z  INFO herdr::logging: session restore evaluated event="persist.restore" subsystem="persist" outcome="ok" workspaces=4
2026-08-07T03:25:55.355076Z  INFO herdr::app: using pane scrollback configuration pane_scrollback_limit_bytes=10000000
2026-08-07T03:25:55.604890Z  INFO herdr::logging: checking for updates event="update.check.start" subsystem="update" outcome="started"
2026-08-07T03:25:55.611135Z  INFO herdr::server::headless: restored session already has workspaces; ignoring startup cwd cwd=/home/Ronaldcdz
2026-08-07T03:25:55.611421Z  INFO herdr::server::headless: client protocol socket listening path=/home/Ronaldcdz/.config/herdr/herdr-client.sock
2026-08-07T03:25:55.611472Z  INFO herdr::server::headless: herdr server started api_socket=/home/Ronaldcdz/.config/herdr/herdr.sock client_socket=/home/Ronaldcdz/.config/herdr/herdr-client.sock
2026-08-07T03:25:55.611837Z  INFO herdr::logging: herdr starting event="app.startup" subsystem="server" outcome="started" pid=2812
2026-08-07T03:25:55.861116Z  INFO herdr::server::headless: client connected client_id=2 cols=191 rows=46 cell_width_px=0 cell_height_px=0 render_encoding=SemanticFrame
2026-08-07T03:25:55.987101Z  INFO herdr::logging: update available event="update.available" subsystem="update" outcome="ok" version="0.8.0"
2026-08-07T03:25:55.987134Z  INFO herdr::update: new stable build available at https://github.com/herdrdev/herdr/releases/download/v0.8.0/herdr-linux-x86_64
2026-08-07T03:25:55.987924Z  INFO herdr::update: auto-update check: 0.8.0 available, waiting for explicit install
2026-08-07T03:27:20.206522Z  INFO herdr::logging: pane child exited event="pane.exit" subsystem="pane" outcome="completed" pane_id=2 status="ExitStatus { code: 1, signal: None }"
2026-08-07T03:27:20.216301Z  INFO herdr::pane: pane session terminated pane=2 pid=2829 signal=Hangup
2026-08-07T03:27:20.216758Z  WARN herdr::app::actions: PaneDied for unknown pane pane=2
2026-08-07T03:27:21.675251Z  INFO herdr::logging: workspace focused event="workspace.focus" subsystem="workspace" outcome="ok" workspace_id="w6"
2026-08-07T03:27:21.675305Z  INFO herdr::logging: tab focused event="tab.focus" subsystem="tab" outcome="ok" workspace_id="w6" tab_id="w6:t2"
2026-08-07T03:27:26.677632Z  INFO herdr::logging: session saved event="persist.save" subsystem="persist" outcome="ok" path=/home/Ronaldcdz/.config/herdr/session.json workspaces=4
2026-08-07T03:27:34.363338Z  INFO herdr::logging: tab focused event="tab.focus" subsystem="tab" outcome="ok" workspace_id="w6" tab_id="w6:tA"
2026-08-07T03:27:39.369380Z  INFO herdr::logging: session saved event="persist.save" subsystem="persist" outcome="ok" path=/home/Ronaldcdz/.config/herdr/session.json workspaces=4
2026-08-07T03:27:39.651465Z  INFO herdr::logging: tab focused event="tab.focus" subsystem="tab" outcome="ok" workspace_id="w6" tab_id="w6:tH"
2026-08-07T03:27:40.675840Z  INFO herdr::logging: tab focused event="tab.focus" subsystem="tab" outcome="ok" workspace_id="w6" tab_id="w6:tA"
2026-08-07T03:27:45.677958Z  INFO herdr::logging: session saved event="persist.save" subsystem="persist" outcome="ok" path=/home/Ronaldcdz/.config/herdr/session.json workspaces=4
2026-08-07T03:43:53.964458Z  INFO herdr::logging: tab focused event="tab.focus" subsystem="tab" outcome="ok" workspace_id="w6" tab_id="w6:tH"
2026-08-07T03:43:58.980749Z  INFO herdr::logging: session saved event="persist.save" subsystem="persist" outcome="ok" path=/home/Ronaldcdz/.config/herdr/session.json workspaces=4
2026-08-07T03:45:29.042154Z  INFO herdr::logging: tab focused event="tab.focus" subsystem="tab" outcome="ok" workspace_id="w6" tab_id="w6:t2"
2026-08-07T03:45:34.046834Z  INFO herdr::logging: session saved event="persist.save" subsystem="persist" outcome="ok" path=/home/Ronaldcdz/.config/herdr/session.json workspaces=4
2026-08-07T03:46:15.787241Z  INFO herdr::logging: tab focused event="tab.focus" subsystem="tab" outcome="ok" workspace_id="w6" tab_id="w6:tH"
2026-08-07T03:46:20.791753Z  INFO herdr::logging: session saved event="persist.save" subsystem="persist" outcome="ok" path=/home/Ronaldcdz/.config/herdr/session.json workspaces=4
2026-08-07T03:46:27.107362Z  INFO herdr::logging: tab focused event="tab.focus" subsystem="tab" outcome="ok" workspace_id="w6" tab_id="w6:t2"
2026-08-07T03:46:32.112056Z  INFO herdr::logging: session saved event="persist.save" subsystem="persist" outcome="ok" path=/home/Ronaldcdz/.config/herdr/session.json workspaces=4
2026-08-07T03:47:50.306503Z  INFO herdr::logging: tab focused event="tab.focus" subsystem="tab" outcome="ok" workspace_id="w6" tab_id="w6:tA"
2026-08-07T03:47:51.757552Z  INFO herdr::logging: tab focused event="tab.focus" subsystem="tab" outcome="ok" workspace_id="w6" tab_id="w6:tH"
2026-08-07T03:47:56.760599Z  INFO herdr::logging: session saved event="persist.save" subsystem="persist" outcome="ok" path=/home/Ronaldcdz/.config/herdr/session.json workspaces=4
2026-08-07T03:48:01.944285Z  INFO herdr::logging: tab focused event="tab.focus" subsystem="tab" outcome="ok" workspace_id="w6" tab_id="w6:t2"
2026-08-07T03:48:04.255270Z  INFO herdr::logging: tab focused event="tab.focus" subsystem="tab" outcome="ok" workspace_id="w6" tab_id="w6:tH"
2026-08-07T03:48:09.259524Z  INFO herdr::logging: session saved event="persist.save" subsystem="persist" outcome="ok" path=/home/Ronaldcdz/.config/herdr/session.json workspaces=4
2026-08-07T03:48:17.036802Z  INFO herdr::logging: tab focused event="tab.focus" subsystem="tab" outcome="ok" workspace_id="w6" tab_id="w6:t2"
2026-08-07T03:48:22.039249Z  INFO herdr::logging: session saved event="persist.save" subsystem="persist" outcome="ok" path=/home/Ronaldcdz/.config/herdr/session.json workspaces=4
2026-08-07T04:12:25.888063Z  INFO herdr::logging: workspace focused event="workspace.focus" subsystem="workspace" outcome="ok" workspace_id="w5"
2026-08-07T04:12:25.888185Z  INFO herdr::logging: tab focused event="tab.focus" subsystem="tab" outcome="ok" workspace_id="w5" tab_id="w5:t1"
2026-08-07T04:12:30.892829Z  INFO herdr::logging: session saved event="persist.save" subsystem="persist" outcome="ok" path=/home/Ronaldcdz/.config/herdr/session.json workspaces=4
2026-08-07T04:13:21.305201Z  INFO herdr::logging: workspace focused event="workspace.focus" subsystem="workspace" outcome="ok" workspace_id="w6"
2026-08-07T04:13:21.305312Z  INFO herdr::logging: tab focused event="tab.focus" subsystem="tab" outcome="ok" workspace_id="w6" tab_id="w6:t2"
2026-08-07T04:13:26.311659Z  INFO herdr::logging: session saved event="persist.save" subsystem="persist" outcome="ok" path=/home/Ronaldcdz/.config/herdr/session.json workspaces=4
2026-08-07T04:14:54.285114Z  INFO herdr::logging: tab focused event="tab.focus" subsystem="tab" outcome="ok" workspace_id="w6" tab_id="w6:tH"
2026-08-07T04:14:59.290904Z  INFO herdr::logging: session saved event="persist.save" subsystem="persist" outcome="ok" path=/home/Ronaldcdz/.config/herdr/session.json workspaces=4
2026-08-07T04:15:19.373547Z  INFO herdr::logging: tab focused event="tab.focus" subsystem="tab" outcome="ok" workspace_id="w6" tab_id="w6:t2"
2026-08-07T04:15:24.376632Z  INFO herdr::logging: session saved event="persist.save" subsystem="persist" outcome="ok" path=/home/Ronaldcdz/.config/herdr/session.json workspaces=4
2026-08-07T04:41:00.031193Z  INFO herdr::logging: workspace focused event="workspace.focus" subsystem="workspace" outcome="ok" workspace_id="w4"
2026-08-07T04:41:00.031335Z  INFO herdr::logging: tab focused event="tab.focus" subsystem="tab" outcome="ok" workspace_id="w4" tab_id="w4:tG"
2026-08-07T04:41:05.035524Z  INFO herdr::logging: session saved event="persist.save" subsystem="persist" outcome="ok" path=/home/Ronaldcdz/.config/herdr/session.json workspaces=4
2026-08-07T04:41:30.596716Z  INFO herdr::app::actions: copied selection to clipboard
2026-08-07T04:42:23.039320Z  INFO herdr::app::actions: copied selection to clipboard
2026-08-07T04:42:31.700265Z  INFO herdr::app::actions: copied selection to clipboard
2026-08-07T04:44:54.160958Z  INFO herdr::app::actions: copied selection to clipboard
2026-08-07T04:46:03.839486Z  INFO herdr::app::actions: copied selection to clipboard
2026-08-07T04:46:15.203344Z  INFO herdr::app::actions: copied selection to clipboard
2026-08-07T17:50:59.916084Z  INFO herdr::server::headless: client disconnected client_id=2
2026-08-07T17:50:59.927695Z  INFO herdr::logging: pane child exited event="pane.exit" subsystem="pane" outcome="completed" pane_id=6 status="ExitStatus { code: 1, signal: None }"
2026-08-07T17:50:59.933077Z  INFO herdr::logging: pane child exited event="pane.exit" subsystem="pane" outcome="completed" pane_id=8 status="ExitStatus { code: 1, signal: None }"
2026-08-07T17:50:59.936984Z  INFO herdr::logging: pane child exited event="pane.exit" subsystem="pane" outcome="completed" pane_id=5 status="ExitStatus { code: 1, signal: None }"
2026-08-07T17:50:59.937032Z  INFO herdr::logging: pane child exited event="pane.exit" subsystem="pane" outcome="completed" pane_id=4 status="ExitStatus { code: 1, signal: None }"
2026-08-07T17:50:59.939180Z  INFO herdr::logging: pane child exited event="pane.exit" subsystem="pane" outcome="completed" pane_id=7 status="ExitStatus { code: 1, signal: None }"
2026-08-07T17:50:59.942483Z  INFO herdr::pane: pane session terminated pane=6 pid=2845 signal=Hangup
2026-08-07T17:50:59.945626Z  INFO herdr::pane: pane session terminated pane=8 pid=2857 signal=Hangup
2026-08-07T17:50:59.947417Z  INFO herdr::pane: pane session terminated pane=5 pid=2841 signal=Hangup
2026-08-07T17:50:59.948646Z  INFO herdr::pane: pane session terminated pane=4 pid=2837 signal=Hangup
2026-08-07T17:50:59.952731Z  INFO herdr::pane: pane session terminated pane=7 pid=2850 signal=Hangup
2026-08-07T17:56:12.432958Z  INFO herdr::api::server: api server listening path=/home/Ronaldcdz/.config/herdr/herdr.sock
2026-08-07T17:56:12.438898Z  INFO herdr::logging: spawning pane terminal event="pane.spawn.start" subsystem="pane" outcome="started" pane_id=1 rows=24 cols=80 scrollback_limit_bytes=10000000
2026-08-07T17:56:12.441869Z  INFO herdr::logging: pane child spawned event="pane.spawned" subsystem="pane" outcome="ok" pane_id=1 pid=4076
2026-08-07T17:56:12.443977Z  INFO herdr::logging: spawning pane terminal event="pane.spawn.start" subsystem="pane" outcome="started" pane_id=2 rows=24 cols=80 scrollback_limit_bytes=10000000
2026-08-07T17:56:12.446752Z  INFO herdr::logging: pane child spawned event="pane.spawned" subsystem="pane" outcome="ok" pane_id=2 pid=4079
2026-08-07T17:56:12.447498Z  INFO herdr::logging: spawning pane terminal event="pane.spawn.start" subsystem="pane" outcome="started" pane_id=3 rows=24 cols=80 scrollback_limit_bytes=10000000
2026-08-07T17:56:12.450265Z  INFO herdr::logging: pane child spawned event="pane.spawned" subsystem="pane" outcome="ok" pane_id=3 pid=4082
2026-08-07T17:56:12.452735Z  INFO herdr::logging: spawning pane terminal event="pane.spawn.start" subsystem="pane" outcome="started" pane_id=4 rows=24 cols=80 scrollback_limit_bytes=10000000
2026-08-07T17:56:12.456555Z  INFO herdr::logging: pane child spawned event="pane.spawned" subsystem="pane" outcome="ok" pane_id=4 pid=4087
2026-08-07T17:56:12.462694Z  INFO herdr::logging: spawning pane terminal event="pane.spawn.start" subsystem="pane" outcome="started" pane_id=5 rows=24 cols=80 scrollback_limit_bytes=10000000
2026-08-07T17:56:12.466721Z  INFO herdr::logging: pane child spawned event="pane.spawned" subsystem="pane" outcome="ok" pane_id=5 pid=4091
2026-08-07T17:56:12.467845Z  INFO herdr::logging: spawning pane terminal event="pane.spawn.start" subsystem="pane" outcome="started" pane_id=6 rows=24 cols=80 scrollback_limit_bytes=10000000
2026-08-07T17:56:12.471806Z  INFO herdr::logging: pane child spawned event="pane.spawned" subsystem="pane" outcome="ok" pane_id=6 pid=4095
2026-08-07T17:56:12.472834Z  INFO herdr::logging: spawning pane terminal event="pane.spawn.start" subsystem="pane" outcome="started" pane_id=7 rows=24 cols=80 scrollback_limit_bytes=10000000
2026-08-07T17:56:12.477367Z  INFO herdr::logging: pane child spawned event="pane.spawned" subsystem="pane" outcome="ok" pane_id=7 pid=4098
2026-08-07T17:56:12.479440Z  INFO herdr::logging: session restore evaluated event="persist.restore" subsystem="persist" outcome="ok" workspaces=4
2026-08-07T17:56:12.479545Z  INFO herdr::app: using pane scrollback configuration pane_scrollback_limit_bytes=10000000
2026-08-07T17:56:12.789008Z  INFO herdr::logging: checking for updates event="update.check.start" subsystem="update" outcome="started"
2026-08-07T17:56:12.793206Z  INFO herdr::server::headless: restored session already has workspaces; ignoring startup cwd cwd=/home/Ronaldcdz
2026-08-07T17:56:12.793509Z  INFO herdr::server::headless: client protocol socket listening path=/home/Ronaldcdz/.config/herdr/herdr-client.sock
2026-08-07T17:56:12.793568Z  INFO herdr::server::headless: herdr server started api_socket=/home/Ronaldcdz/.config/herdr/herdr.sock client_socket=/home/Ronaldcdz/.config/herdr/herdr-client.sock
2026-08-07T17:56:12.794058Z  INFO herdr::logging: herdr starting event="app.startup" subsystem="server" outcome="started" pid=4062
2026-08-07T17:56:12.998483Z  INFO herdr::server::headless: client connected client_id=2 cols=191 rows=46 cell_width_px=0 cell_height_px=0 render_encoding=SemanticFrame
2026-08-07T17:56:13.145761Z  INFO herdr::logging: update available event="update.available" subsystem="update" outcome="ok" version="0.8.0"
2026-08-07T17:56:13.145793Z  INFO herdr::update: new stable build available at https://github.com/herdrdev/herdr/releases/download/v0.8.0/herdr-linux-x86_64
2026-08-07T17:56:13.146335Z  INFO herdr::update: auto-update check: 0.8.0 available, waiting for explicit install
2026-08-07T22:43:59.469475Z  INFO herdr::logging: pane child exited event="pane.exit" subsystem="pane" outcome="completed" pane_id=3 status="ExitStatus { code: 1, signal: None }"
2026-08-07T22:43:59.493133Z  INFO herdr::pane: pane session terminated pane=3 pid=4082 signal=Hangup
2026-08-07T22:43:59.494132Z  WARN herdr::app::actions: PaneDied for unknown pane pane=3
2026-08-07T22:44:01.392268Z  INFO herdr::server::headless: client resize client_id=2 cols=95 rows=46 cell_width_px=0 cell_height_px=0
2026-08-07T22:44:04.496124Z  INFO herdr::logging: session saved event="persist.save" subsystem="persist" outcome="ok" path=/home/Ronaldcdz/.config/herdr/session.json workspaces=4
2026-08-07T22:44:14.307999Z  INFO herdr::server::headless: client resize client_id=2 cols=77 rows=46 cell_width_px=0 cell_height_px=0
2026-08-07T22:44:14.508238Z  INFO herdr::server::headless: client resize client_id=2 cols=61 rows=46 cell_width_px=0 cell_height_px=0
2026-08-07T22:44:14.708502Z  INFO herdr::server::headless: client resize client_id=2 cols=49 rows=46 cell_width_px=0 cell_height_px=0
2026-08-07T22:44:14.908733Z  INFO herdr::server::headless: client resize client_id=2 cols=41 rows=46 cell_width_px=0 cell_height_px=0
2026-08-07T22:44:15.109011Z  INFO herdr::server::headless: client resize client_id=2 cols=36 rows=46 cell_width_px=0 cell_height_px=0
2026-08-07T22:44:15.709714Z  INFO herdr::server::headless: client resize client_id=2 cols=37 rows=46 cell_width_px=0 cell_height_px=0
2026-08-07T22:44:15.909908Z  INFO herdr::server::headless: client resize client_id=2 cols=38 rows=46 cell_width_px=0 cell_height_px=0
2026-08-07T22:44:16.110107Z  INFO herdr::server::headless: client resize client_id=2 cols=39 rows=46 cell_width_px=0 cell_height_px=0
2026-08-07T22:44:16.410458Z  INFO herdr::server::headless: client resize client_id=2 cols=40 rows=46 cell_width_px=0 cell_height_px=0
2026-08-07T22:44:25.246965Z  INFO herdr::logging: workspace focused event="workspace.focus" subsystem="workspace" outcome="ok" workspace_id="w2"
2026-08-07T22:44:25.247031Z  INFO herdr::logging: tab focused event="tab.focus" subsystem="tab" outcome="ok" workspace_id="w2" tab_id="w2:t1"
2026-08-07T22:44:30.250306Z  INFO herdr::logging: session saved event="persist.save" subsystem="persist" outcome="ok" path=/home/Ronaldcdz/.config/herdr/session.json workspaces=4
2026-08-07T22:47:22.750239Z  INFO herdr::server::headless: client resize client_id=2 cols=41 rows=46 cell_width_px=0 cell_height_px=0
2026-08-07T22:47:22.950495Z  INFO herdr::server::headless: client resize client_id=2 cols=43 rows=46 cell_width_px=0 cell_height_px=0
2026-08-07T22:47:23.150680Z  INFO herdr::server::headless: client resize client_id=2 cols=47 rows=46 cell_width_px=0 cell_height_px=0
2026-08-07T22:47:23.351037Z  INFO herdr::server::headless: client resize client_id=2 cols=49 rows=46 cell_width_px=0 cell_height_px=0
2026-08-07T22:47:23.551171Z  INFO herdr::server::headless: client resize client_id=2 cols=50 rows=46 cell_width_px=0 cell_height_px=0
2026-08-07T22:47:23.951753Z  INFO herdr::server::headless: client resize client_id=2 cols=51 rows=46 cell_width_px=0 cell_height_px=0
2026-08-07T22:47:24.753557Z  INFO herdr::server::headless: client resize client_id=2 cols=53 rows=46 cell_width_px=0 cell_height_px=0
2026-08-07T22:47:25.053439Z  INFO herdr::server::headless: client resize client_id=2 cols=55 rows=46 cell_width_px=0 cell_height_px=0
2026-08-07T22:47:25.454085Z  INFO herdr::server::headless: client resize client_id=2 cols=57 rows=46 cell_width_px=0 cell_height_px=0
2026-08-07T22:59:19.080481Z  INFO herdr::logging: spawning pane terminal event="pane.spawn.start" subsystem="pane" outcome="started" pane_id=8 rows=44 cols=57 scrollback_limit_bytes=10000000
2026-08-07T22:59:19.084905Z  INFO herdr::logging: pane child spawned event="pane.spawned" subsystem="pane" outcome="ok" pane_id=8 pid=51178
2026-08-07T22:59:19.085567Z  INFO herdr::logging: tab focused event="tab.focus" subsystem="tab" outcome="ok" workspace_id="w2" tab_id="w2:t6"
2026-08-07T22:59:24.090358Z  INFO herdr::logging: session saved event="persist.save" subsystem="persist" outcome="ok" path=/home/Ronaldcdz/.config/herdr/session.json workspaces=4
2026-08-07T23:01:13.407105Z  INFO herdr::logging: tab focused event="tab.focus" subsystem="tab" outcome="ok" workspace_id="w2" tab_id="w2:t1"
2026-08-07T23:01:18.411536Z  INFO herdr::logging: session saved event="persist.save" subsystem="persist" outcome="ok" path=/home/Ronaldcdz/.config/herdr/session.json workspaces=4
2026-08-07T23:26:58.617256Z  INFO herdr::server::headless: client resize client_id=2 cols=191 rows=45 cell_width_px=0 cell_height_px=0
2026-08-07T23:27:45.875387Z  INFO herdr::server::headless: client resize client_id=2 cols=57 rows=46 cell_width_px=0 cell_height_px=0
2026-08-07T23:28:01.996272Z  INFO herdr::server::headless: client resize client_id=2 cols=191 rows=46 cell_width_px=0 cell_height_px=0
2026-08-07T23:28:13.310738Z  INFO herdr::server::headless: client resize client_id=2 cols=191 rows=45 cell_width_px=0 cell_height_px=0
2026-08-07T23:28:15.413419Z  INFO herdr::server::headless: client resize client_id=2 cols=57 rows=46 cell_width_px=0 cell_height_px=0
2026-08-07T23:28:17.916854Z  INFO herdr::server::headless: client resize client_id=2 cols=191 rows=46 cell_width_px=0 cell_height_px=0
2026-08-07T23:28:22.724190Z  INFO herdr::server::headless: client resize client_id=2 cols=57 rows=46 cell_width_px=0 cell_height_px=0
2026-08-07T23:35:34.261113Z  INFO herdr::server::headless: client resize client_id=2 cols=191 rows=45 cell_width_px=0 cell_height_px=0
2026-08-07T23:35:41.873068Z  INFO herdr::server::headless: client resize client_id=2 cols=191 rows=46 cell_width_px=0 cell_height_px=0
2026-08-07T23:35:46.280840Z  INFO herdr::server::headless: client resize client_id=2 cols=57 rows=46 cell_width_px=0 cell_height_px=0
2026-08-07T23:36:50.260896Z  INFO herdr::server::headless: client resize client_id=2 cols=38 rows=46 cell_width_px=0 cell_height_px=0
2026-08-07T23:36:54.666342Z  INFO herdr::server::headless: client resize client_id=2 cols=191 rows=46 cell_width_px=0 cell_height_px=0
2026-08-07T23:36:58.270296Z  INFO herdr::server::headless: client resize client_id=2 cols=38 rows=46 cell_width_px=0 cell_height_px=0
2026-08-07T23:37:03.076199Z  INFO herdr::server::headless: client resize client_id=2 cols=57 rows=46 cell_width_px=0 cell_height_px=0
2026-08-08T00:30:15.622193Z  INFO herdr::server::headless: client resize client_id=2 cols=38 rows=46 cell_width_px=0 cell_height_px=0
2026-08-08T00:30:16.522758Z  INFO herdr::server::headless: client resize client_id=2 cols=57 rows=46 cell_width_px=0 cell_height_px=0
2026-08-08T01:32:35.356156Z  INFO herdr::logging: tab focused event="tab.focus" subsystem="tab" outcome="ok" workspace_id="w2" tab_id="w2:t6"
2026-08-08T01:32:40.360583Z  INFO herdr::logging: session saved event="persist.save" subsystem="persist" outcome="ok" path=/home/Ronaldcdz/.config/herdr/session.json workspaces=4
2026-08-08T01:32:55.473340Z  INFO herdr::logging: pane child exited event="pane.exit" subsystem="pane" outcome="completed" pane_id=8 status="ExitStatus { code: 1, signal: None }"
2026-08-08T01:32:55.499258Z  INFO herdr::pane: pane session terminated pane=8 pid=51178 signal=Hangup
2026-08-08T01:32:55.500036Z  WARN herdr::app::actions: PaneDied for unknown pane pane=8
2026-08-08T01:32:56.737056Z  INFO herdr::logging: tab focused event="tab.focus" subsystem="tab" outcome="ok" workspace_id="w2" tab_id="w2:t1"
2026-08-08T01:33:01.739307Z  INFO herdr::logging: session saved event="persist.save" subsystem="persist" outcome="ok" path=/home/Ronaldcdz/.config/herdr/session.json workspaces=4
2026-08-08T01:41:09.832350Z  INFO herdr::server::headless: client resize client_id=2 cols=191 rows=46 cell_width_px=0 cell_height_px=0
2026-08-08T07:22:30.349595Z  INFO herdr::logging: pane child exited event="pane.exit" subsystem="pane" outcome="completed" pane_id=7 status="ExitStatus { code: 1, signal: None }"
2026-08-08T07:22:30.350376Z  INFO herdr::pane: pane session terminated pane=7 pid=4098 signal=Hangup
2026-08-08T07:22:30.386354Z  INFO herdr::logging: pane child exited event="pane.exit" subsystem="pane" outcome="completed" pane_id=6 status="ExitStatus { code: 1, signal: None }"
2026-08-08T07:22:30.387702Z  INFO herdr::logging: pane child exited event="pane.exit" subsystem="pane" outcome="completed" pane_id=4 status="ExitStatus { code: 1, signal: None }"
2026-08-08T07:22:30.390315Z  INFO herdr::logging: pane child exited event="pane.exit" subsystem="pane" outcome="completed" pane_id=5 status="ExitStatus { code: 1, signal: None }"
2026-08-08T07:22:30.390703Z  INFO herdr::pane: pane session terminated pane=6 pid=4095 signal=Hangup
2026-08-08T07:22:30.390957Z  INFO herdr::pane: pane session terminated pane=4 pid=4087 signal=Hangup
2026-08-08T07:22:30.391260Z  INFO herdr::pane: pane session terminated pane=5 pid=4091 signal=Hangup
2026-08-08T07:22:30.391363Z  INFO herdr::server::headless: client disconnected client_id=2
2026-07-25T00:01:20.652696Z  INFO herdr::api::server: api server listening path=/home/Ronaldcdz/.config/herdr/herdr.sock
2026-07-25T00:01:20.659342Z  INFO herdr::logging: spawning pane terminal event="pane.spawn.start" subsystem="pane" outcome="started" pane_id=1 rows=24 cols=80 scrollback_limit_bytes=10000000
2026-07-25T00:01:20.663032Z  INFO herdr::logging: pane child spawned event="pane.spawned" subsystem="pane" outcome="ok" pane_id=1 pid=2514
2026-07-25T00:01:20.665619Z  INFO herdr::logging: spawning pane terminal event="pane.spawn.start" subsystem="pane" outcome="started" pane_id=2 rows=24 cols=80 scrollback_limit_bytes=10000000
2026-07-25T00:01:20.668744Z  INFO herdr::logging: pane child spawned event="pane.spawned" subsystem="pane" outcome="ok" pane_id=2 pid=2517
2026-07-25T00:01:20.671145Z  INFO herdr::logging: spawning pane terminal event="pane.spawn.start" subsystem="pane" outcome="started" pane_id=3 rows=24 cols=80 scrollback_limit_bytes=10000000
2026-07-25T00:01:20.675335Z  INFO herdr::logging: pane child spawned event="pane.spawned" subsystem="pane" outcome="ok" pane_id=3 pid=2520
2026-07-25T00:01:20.679739Z  INFO herdr::logging: spawning pane terminal event="pane.spawn.start" subsystem="pane" outcome="started" pane_id=4 rows=24 cols=80 scrollback_limit_bytes=10000000
2026-07-25T00:01:20.685934Z  INFO herdr::logging: pane child spawned event="pane.spawned" subsystem="pane" outcome="ok" pane_id=4 pid=2525
2026-07-25T00:01:20.687071Z  INFO herdr::logging: spawning pane terminal event="pane.spawn.start" subsystem="pane" outcome="started" pane_id=5 rows=24 cols=80 scrollback_limit_bytes=10000000
2026-07-25T00:01:20.690655Z  INFO herdr::logging: pane child spawned event="pane.spawned" subsystem="pane" outcome="ok" pane_id=5 pid=2529
2026-07-25T00:01:20.691813Z  INFO herdr::logging: spawning pane terminal event="pane.spawn.start" subsystem="pane" outcome="started" pane_id=6 rows=24 cols=80 scrollback_limit_bytes=10000000
2026-07-25T00:01:20.695415Z  INFO herdr::logging: pane child spawned event="pane.spawned" subsystem="pane" outcome="ok" pane_id=6 pid=2532
2026-07-25T00:01:20.698298Z  INFO herdr::logging: session restore evaluated event="persist.restore" subsystem="persist" outcome="ok" workspaces=4
2026-07-25T00:01:20.698384Z  INFO herdr::app: using pane scrollback configuration pane_scrollback_limit_bytes=10000000
2026-07-25T00:01:20.983794Z  INFO herdr::logging: checking for updates event="update.check.start" subsystem="update" outcome="started"
2026-07-25T00:01:20.987063Z  INFO herdr::server::headless: restored session already has workspaces; ignoring startup cwd cwd=/home/Ronaldcdz
2026-07-25T00:01:20.987271Z  INFO herdr::server::headless: client protocol socket listening path=/home/Ronaldcdz/.config/herdr/herdr-client.sock
2026-07-25T00:01:20.987307Z  INFO herdr::server::headless: herdr server started api_socket=/home/Ronaldcdz/.config/herdr/herdr.sock client_socket=/home/Ronaldcdz/.config/herdr/herdr-client.sock
2026-07-25T00:01:20.987640Z  INFO herdr::logging: herdr starting event="app.startup" subsystem="server" outcome="started" pid=2496
2026-07-25T00:01:21.218329Z  INFO herdr::server::headless: client connected client_id=2 cols=191 rows=46 cell_width_px=0 cell_height_px=0 render_encoding=SemanticFrame
2026-07-25T00:01:24.001363Z  WARN herdr::detect::manifest_update: agent detection manifest update failed: failed to fetch https://herdr.dev/agent-detection/index.toml
2026-08-10T23:06:28.203697Z  WARN herdr::logging: update check failed event="update.check.complete" subsystem="update" outcome="error" err="failed to fetch update manifest"
2026-08-10T23:30:20.140974Z  INFO herdr::logging: spawning pane terminal event="pane.spawn.start" subsystem="pane" outcome="started" pane_id=7 rows=45 cols=170 scrollback_limit_bytes=10000000
2026-08-10T23:30:20.146203Z  INFO herdr::logging: pane child spawned event="pane.spawned" subsystem="pane" outcome="ok" pane_id=7 pid=14998
2026-08-10T23:30:20.146904Z  INFO herdr::logging: tab focused event="tab.focus" subsystem="tab" outcome="ok" workspace_id="w2" tab_id="w2:t7"
2026-08-10T23:30:25.153591Z  INFO herdr::logging: session saved event="persist.save" subsystem="persist" outcome="ok" path=/home/Ronaldcdz/.config/herdr/session.json workspaces=4
2026-08-11T22:12:27.568215Z  INFO herdr::server::headless: client resize client_id=2 cols=191 rows=47 cell_width_px=0 cell_height_px=0
2026-08-11T22:12:27.968889Z  INFO herdr::server::headless: client resize client_id=2 cols=191 rows=46 cell_width_px=0 cell_height_px=0
2026-08-11T22:13:09.397199Z  INFO herdr::server::headless: client disconnected client_id=2
2026-08-11T22:13:09.407039Z  INFO herdr::logging: pane child exited event="pane.exit" subsystem="pane" outcome="completed" pane_id=5 status="ExitStatus { code: 1, signal: None }"
2026-08-11T22:13:09.411235Z  INFO herdr::logging: pane child exited event="pane.exit" subsystem="pane" outcome="completed" pane_id=3 status="ExitStatus { code: 1, signal: None }"
2026-08-11T22:13:09.415329Z  INFO herdr::pane: pane session terminated pane=5 pid=2529 signal=Hangup
2026-08-11T22:13:09.419098Z  INFO herdr::pane: pane session terminated pane=3 pid=2520 signal=Hangup
2026-08-11T22:13:09.431945Z  INFO herdr::logging: pane child exited event="pane.exit" subsystem="pane" outcome="completed" pane_id=4 status="ExitStatus { code: 1, signal: None }"
2026-08-11T22:13:09.446658Z  INFO herdr::pane: pane session terminated pane=4 pid=2525 signal=Hangup
2026-08-11T22:13:09.467473Z  INFO herdr::logging: pane child exited event="pane.exit" subsystem="pane" outcome="completed" pane_id=6 status="ExitStatus { code: 1, signal: None }"
2026-08-11T22:13:09.468201Z  INFO herdr::pane: pane session terminated pane=6 pid=2532 signal=Hangup
2026-08-11T22:25:14.729836Z  INFO herdr::api::server: api server listening path=/home/Ronaldcdz/.config/herdr/herdr.sock
2026-08-11T22:25:14.734732Z  INFO herdr::logging: spawning pane terminal event="pane.spawn.start" subsystem="pane" outcome="started" pane_id=1 rows=24 cols=80 scrollback_limit_bytes=10000000
2026-08-11T22:25:14.738024Z  INFO herdr::logging: pane child spawned event="pane.spawned" subsystem="pane" outcome="ok" pane_id=1 pid=4283
2026-08-11T22:25:14.738933Z  INFO herdr::logging: spawning pane terminal event="pane.spawn.start" subsystem="pane" outcome="started" pane_id=2 rows=24 cols=80 scrollback_limit_bytes=10000000
2026-08-11T22:25:14.741650Z  INFO herdr::logging: pane child spawned event="pane.spawned" subsystem="pane" outcome="ok" pane_id=2 pid=4286
2026-08-11T22:25:14.743988Z  INFO herdr::logging: spawning pane terminal event="pane.spawn.start" subsystem="pane" outcome="started" pane_id=3 rows=24 cols=80 scrollback_limit_bytes=10000000
2026-08-11T22:25:14.747941Z  INFO herdr::logging: pane child spawned event="pane.spawned" subsystem="pane" outcome="ok" pane_id=3 pid=4289
2026-08-11T22:25:14.749819Z  INFO herdr::logging: spawning pane terminal event="pane.spawn.start" subsystem="pane" outcome="started" pane_id=4 rows=24 cols=80 scrollback_limit_bytes=10000000
2026-08-11T22:25:14.754070Z  INFO herdr::logging: pane child spawned event="pane.spawned" subsystem="pane" outcome="ok" pane_id=4 pid=4294
2026-08-11T22:25:14.756564Z  INFO herdr::logging: spawning pane terminal event="pane.spawn.start" subsystem="pane" outcome="started" pane_id=5 rows=24 cols=80 scrollback_limit_bytes=10000000
2026-08-11T22:25:14.761258Z  INFO herdr::logging: pane child spawned event="pane.spawned" subsystem="pane" outcome="ok" pane_id=5 pid=4298
2026-08-11T22:25:14.765705Z  INFO herdr::logging: spawning pane terminal event="pane.spawn.start" subsystem="pane" outcome="started" pane_id=6 rows=24 cols=80 scrollback_limit_bytes=10000000
2026-08-11T22:25:14.770204Z  INFO herdr::logging: pane child spawned event="pane.spawned" subsystem="pane" outcome="ok" pane_id=6 pid=4302
2026-08-11T22:25:14.774051Z  INFO herdr::logging: spawning pane terminal event="pane.spawn.start" subsystem="pane" outcome="started" pane_id=7 rows=24 cols=80 scrollback_limit_bytes=10000000
2026-08-11T22:25:14.782683Z  INFO herdr::logging: pane child spawned event="pane.spawned" subsystem="pane" outcome="ok" pane_id=7 pid=4306
2026-08-11T22:25:14.784415Z  INFO herdr::logging: session restore evaluated event="persist.restore" subsystem="persist" outcome="ok" workspaces=4
2026-08-11T22:25:14.784559Z  INFO herdr::app: using pane scrollback configuration pane_scrollback_limit_bytes=10000000
2026-08-11T22:25:15.043263Z  INFO herdr::logging: checking for updates event="update.check.start" subsystem="update" outcome="started"
2026-08-11T22:25:15.051621Z  INFO herdr::server::headless: restored session already has workspaces; ignoring startup cwd cwd=/home/Ronaldcdz
2026-08-11T22:25:15.051998Z  INFO herdr::server::headless: client protocol socket listening path=/home/Ronaldcdz/.config/herdr/herdr-client.sock
2026-08-11T22:25:15.052052Z  INFO herdr::server::headless: herdr server started api_socket=/home/Ronaldcdz/.config/herdr/herdr.sock client_socket=/home/Ronaldcdz/.config/herdr/herdr-client.sock
2026-08-11T22:25:15.052456Z  INFO herdr::logging: herdr starting event="app.startup" subsystem="server" outcome="started" pid=4269
2026-08-11T22:25:15.294412Z  INFO herdr::logging: update available event="update.available" subsystem="update" outcome="ok" version="0.8.0"
2026-08-11T22:25:15.294442Z  INFO herdr::update: new stable build available at https://github.com/herdrdev/herdr/releases/download/v0.8.0/herdr-linux-x86_64
2026-08-11T22:25:15.295384Z  INFO herdr::update: auto-update check: 0.8.0 available, waiting for explicit install
2026-08-11T22:25:15.295397Z  INFO herdr::server::headless: client connected client_id=2 cols=95 rows=46 cell_width_px=0 cell_height_px=0 render_encoding=SemanticFrame
2026-08-11T22:25:19.098988Z  INFO herdr::server::headless: client resize client_id=2 cols=94 rows=46 cell_width_px=0 cell_height_px=0
2026-08-11T22:25:19.299223Z  INFO herdr::server::headless: client resize client_id=2 cols=56 rows=46 cell_width_px=0 cell_height_px=0
2026-08-11T22:25:19.499386Z  INFO herdr::server::headless: client resize client_id=2 cols=43 rows=46 cell_width_px=0 cell_height_px=0
2026-08-11T22:25:19.699723Z  INFO herdr::server::headless: client resize client_id=2 cols=36 rows=46 cell_width_px=0 cell_height_px=0
2026-08-11T22:25:20.100143Z  INFO herdr::server::headless: client resize client_id=2 cols=37 rows=46 cell_width_px=0 cell_height_px=0
2026-08-11T22:25:24.906788Z  INFO herdr::server::headless: client resize client_id=2 cols=39 rows=46 cell_width_px=0 cell_height_px=0
2026-08-11T22:25:25.106978Z  INFO herdr::server::headless: client resize client_id=2 cols=41 rows=46 cell_width_px=0 cell_height_px=0
2026-08-11T22:25:25.307335Z  INFO herdr::server::headless: client resize client_id=2 cols=43 rows=46 cell_width_px=0 cell_height_px=0
2026-08-11T22:25:25.507595Z  INFO herdr::server::headless: client resize client_id=2 cols=44 rows=46 cell_width_px=0 cell_height_px=0
2026-08-11T22:25:25.908128Z  INFO herdr::server::headless: client resize client_id=2 cols=45 rows=46 cell_width_px=0 cell_height_px=0
2026-08-11T22:25:26.208495Z  INFO herdr::server::headless: client resize client_id=2 cols=46 rows=46 cell_width_px=0 cell_height_px=0
2026-08-11T22:25:26.909158Z  INFO herdr::server::headless: client resize client_id=2 cols=47 rows=46 cell_width_px=0 cell_height_px=0
2026-08-11T22:25:27.409668Z  INFO herdr::server::headless: client resize client_id=2 cols=48 rows=46 cell_width_px=0 cell_height_px=0
2026-08-11T22:25:31.462280Z  INFO herdr::logging: pane child exited event="pane.exit" subsystem="pane" outcome="completed" pane_id=2 status="ExitStatus { code: 1, signal: None }"
2026-08-11T22:25:31.483814Z  INFO herdr::pane: pane session terminated pane=2 pid=4286 signal=Hangup
2026-08-11T22:25:31.484525Z  WARN herdr::app::actions: PaneDied for unknown pane pane=2
2026-08-11T22:25:36.487001Z  INFO herdr::logging: session saved event="persist.save" subsystem="persist" outcome="ok" path=/home/Ronaldcdz/.config/herdr/session.json workspaces=4
2026-08-12T01:56:04.813808Z  INFO herdr::server::headless: client resize client_id=2 cols=32 rows=46 cell_width_px=0 cell_height_px=0
2026-08-12T01:56:05.714968Z  INFO herdr::server::headless: client resize client_id=2 cols=48 rows=46 cell_width_px=0 cell_height_px=0
2026-08-12T02:08:56.688194Z  INFO herdr::server::headless: client resize client_id=2 cols=191 rows=46 cell_width_px=0 cell_height_px=0
2026-08-12T02:08:56.813800Z  INFO herdr::server::headless: client disconnected client_id=2
2026-08-12T02:09:09.499838Z  INFO herdr::server::headless: client connected client_id=4 cols=80 rows=24 cell_width_px=0 cell_height_px=0 render_encoding=SemanticFrame
2026-08-12T02:09:09.606483Z  INFO herdr::server::headless: client resize client_id=4 cols=191 rows=46 cell_width_px=0 cell_height_px=0
2026-08-12T02:09:14.119398Z  INFO herdr::logging: spawning pane terminal event="pane.spawn.start" subsystem="pane" outcome="started" pane_id=8 rows=45 cols=170 scrollback_limit_bytes=10000000
2026-08-12T02:09:14.124116Z  INFO herdr::logging: pane child spawned event="pane.spawned" subsystem="pane" outcome="ok" pane_id=8 pid=122759
2026-08-12T02:09:14.124922Z  INFO herdr::logging: tab focused event="tab.focus" subsystem="tab" outcome="ok" workspace_id="w2" tab_id="w2:t8"
2026-08-12T02:09:17.325952Z  INFO herdr::logging: pane child exited event="pane.exit" subsystem="pane" outcome="completed" pane_id=7 status="ExitStatus { code: 1, signal: None }"
2026-08-12T02:09:17.326396Z  INFO herdr::pane: pane session terminated pane=7 pid=4306 signal=Hangup
2026-08-12T02:09:17.333385Z  INFO herdr::logging: pane child exited event="pane.exit" subsystem="pane" outcome="completed" pane_id=6 status="ExitStatus { code: 1, signal: None }"
2026-08-12T02:09:17.346895Z  INFO herdr::pane: pane session terminated pane=6 pid=4302 signal=Hangup
2026-08-12T02:09:17.347451Z  INFO herdr::server::headless: client disconnected client_id=4
2026-08-13T12:04:39.670639Z  INFO herdr::api::server: api server listening path=/home/Ronaldcdz/.config/herdr/herdr.sock
2026-08-13T12:04:39.673572Z  INFO herdr::logging: spawning pane terminal event="pane.spawn.start" subsystem="pane" outcome="started" pane_id=1 rows=24 cols=80 scrollback_limit_bytes=10000000
2026-08-13T12:04:39.675290Z  INFO herdr::logging: pane child spawned event="pane.spawned" subsystem="pane" outcome="ok" pane_id=1 pid=3432
2026-08-13T12:04:39.676455Z  INFO herdr::logging: spawning pane terminal event="pane.spawn.start" subsystem="pane" outcome="started" pane_id=2 rows=24 cols=80 scrollback_limit_bytes=10000000
2026-08-13T12:04:39.678147Z  INFO herdr::logging: pane child spawned event="pane.spawned" subsystem="pane" outcome="ok" pane_id=2 pid=3435
2026-08-13T12:04:39.679581Z  INFO herdr::logging: spawning pane terminal event="pane.spawn.start" subsystem="pane" outcome="started" pane_id=3 rows=24 cols=80 scrollback_limit_bytes=10000000
2026-08-13T12:04:39.681309Z  INFO herdr::logging: pane child spawned event="pane.spawned" subsystem="pane" outcome="ok" pane_id=3 pid=3438
2026-08-13T12:04:39.685282Z  INFO herdr::logging: spawning pane terminal event="pane.spawn.start" subsystem="pane" outcome="started" pane_id=4 rows=24 cols=80 scrollback_limit_bytes=10000000
2026-08-13T12:04:39.689023Z  INFO herdr::logging: pane child spawned event="pane.spawned" subsystem="pane" outcome="ok" pane_id=4 pid=3444
2026-08-13T12:04:39.689497Z  INFO herdr::logging: spawning pane terminal event="pane.spawn.start" subsystem="pane" outcome="started" pane_id=5 rows=24 cols=80 scrollback_limit_bytes=10000000
2026-08-13T12:04:39.691287Z  INFO herdr::logging: pane child spawned event="pane.spawned" subsystem="pane" outcome="ok" pane_id=5 pid=3447
2026-08-13T12:04:39.691790Z  INFO herdr::logging: spawning pane terminal event="pane.spawn.start" subsystem="pane" outcome="started" pane_id=6 rows=24 cols=80 scrollback_limit_bytes=10000000
2026-08-13T12:04:39.693585Z  INFO herdr::logging: pane child spawned event="pane.spawned" subsystem="pane" outcome="ok" pane_id=6 pid=3453
2026-08-13T12:04:39.695478Z  INFO herdr::logging: session restore evaluated event="persist.restore" subsystem="persist" outcome="ok" workspaces=4
2026-08-13T12:04:39.695513Z  INFO herdr::app: using pane scrollback configuration pane_scrollback_limit_bytes=10000000
2026-08-13T12:04:39.900807Z  INFO herdr::logging: checking for updates event="update.check.start" subsystem="update" outcome="started"
2026-08-13T12:04:39.904771Z  INFO herdr::server::headless: restored session already has workspaces; ignoring startup cwd cwd=/home/Ronaldcdz
2026-08-13T12:04:39.905057Z  INFO herdr::server::headless: client protocol socket listening path=/home/Ronaldcdz/.config/herdr/herdr-client.sock
2026-08-13T12:04:39.905107Z  INFO herdr::server::headless: herdr server started api_socket=/home/Ronaldcdz/.config/herdr/herdr.sock client_socket=/home/Ronaldcdz/.config/herdr/herdr-client.sock
2026-08-13T12:04:39.905439Z  INFO herdr::logging: herdr starting event="app.startup" subsystem="server" outcome="started" pid=3418
2026-08-13T12:04:40.160152Z  INFO herdr::server::headless: client connected client_id=2 cols=191 rows=46 cell_width_px=0 cell_height_px=0 render_encoding=SemanticFrame
2026-08-13T12:04:40.329901Z  WARN herdr::detect::manifest_update: skipping unknown remote manifest agent agent="qwen"
2026-08-13T12:04:40.338807Z  INFO herdr::logging: update available event="update.available" subsystem="update" outcome="ok" version="0.8.0"
2026-08-13T12:04:40.338846Z  INFO herdr::update: new stable build available at https://github.com/herdrdev/herdr/releases/download/v0.8.0/herdr-linux-x86_64
2026-08-13T12:04:40.339421Z  INFO herdr::update: auto-update check: 0.8.0 available, waiting for explicit install
2026-08-13T12:29:48.880941Z  INFO herdr::logging: workspace focused event="workspace.focus" subsystem="workspace" outcome="ok" workspace_id="w6"
2026-08-13T12:29:48.881061Z  INFO herdr::logging: tab focused event="tab.focus" subsystem="tab" outcome="ok" workspace_id="w6" tab_id="w6:t2"
2026-08-13T12:29:53.885444Z  INFO herdr::logging: session saved event="persist.save" subsystem="persist" outcome="ok" path=/home/Ronaldcdz/.config/herdr/session.json workspaces=4
2026-08-13T12:34:40.329079Z  WARN herdr::detect::manifest_update: skipping unknown remote manifest agent agent="qwen"
2026-08-13T12:36:22.223633Z  INFO herdr::logging: tab focused event="tab.focus" subsystem="tab" outcome="ok" workspace_id="w6" tab_id="w6:tA"
2026-08-13T12:36:27.043128Z  INFO herdr::logging: tab focused event="tab.focus" subsystem="tab" outcome="ok" workspace_id="w6" tab_id="w6:tH"
2026-08-13T12:36:30.164911Z  INFO herdr::logging: tab focused event="tab.focus" subsystem="tab" outcome="ok" workspace_id="w6" tab_id="w6:t2"
2026-08-13T12:36:35.169194Z  INFO herdr::logging: session saved event="persist.save" subsystem="persist" outcome="ok" path=/home/Ronaldcdz/.config/herdr/session.json workspaces=4
2026-08-13T12:39:11.838306Z  INFO herdr::logging: tab focused event="tab.focus" subsystem="tab" outcome="ok" workspace_id="w6" tab_id="w6:tA"
2026-08-13T12:39:16.849955Z  INFO herdr::logging: session saved event="persist.save" subsystem="persist" outcome="ok" path=/home/Ronaldcdz/.config/herdr/session.json workspaces=4
2026-08-13T12:39:17.654615Z  INFO herdr::logging: tab focused event="tab.focus" subsystem="tab" outcome="ok" workspace_id="w6" tab_id="w6:tH"
2026-08-13T12:39:22.658051Z  INFO herdr::logging: session saved event="persist.save" subsystem="persist" outcome="ok" path=/home/Ronaldcdz/.config/herdr/session.json workspaces=4
2026-08-13T12:39:25.848062Z  INFO herdr::logging: tab focused event="tab.focus" subsystem="tab" outcome="ok" workspace_id="w6" tab_id="w6:t2"
2026-08-13T12:39:30.851570Z  INFO herdr::logging: session saved event="persist.save" subsystem="persist" outcome="ok" path=/home/Ronaldcdz/.config/herdr/session.json workspaces=4
2026-08-13T12:39:47.783637Z  INFO herdr::logging: tab focused event="tab.focus" subsystem="tab" outcome="ok" workspace_id="w6" tab_id="w6:tA"
2026-08-13T12:39:52.786171Z  INFO herdr::logging: session saved event="persist.save" subsystem="persist" outcome="ok" path=/home/Ronaldcdz/.config/herdr/session.json workspaces=4
2026-08-13T12:39:55.904347Z  INFO herdr::logging: tab focused event="tab.focus" subsystem="tab" outcome="ok" workspace_id="w6" tab_id="w6:tH"
2026-08-13T12:40:00.907847Z  INFO herdr::logging: session saved event="persist.save" subsystem="persist" outcome="ok" path=/home/Ronaldcdz/.config/herdr/session.json workspaces=4
2026-08-13T12:40:02.304525Z  INFO herdr::logging: tab focused event="tab.focus" subsystem="tab" outcome="ok" workspace_id="w6" tab_id="w6:t2"
2026-08-13T12:40:07.308184Z  INFO herdr::logging: session saved event="persist.save" subsystem="persist" outcome="ok" path=/home/Ronaldcdz/.config/herdr/session.json workspaces=4
2026-08-13T12:47:05.193452Z  INFO herdr::logging: tab focused event="tab.focus" subsystem="tab" outcome="ok" workspace_id="w6" tab_id="w6:tH"
2026-08-13T12:47:09.205732Z  INFO herdr::logging: tab focused event="tab.focus" subsystem="tab" outcome="ok" workspace_id="w6" tab_id="w6:t2"
2026-08-13T12:47:14.208020Z  INFO herdr::logging: session saved event="persist.save" subsystem="persist" outcome="ok" path=/home/Ronaldcdz/.config/herdr/session.json workspaces=4
2026-08-13T13:02:43.357349Z  INFO herdr::logging: tab focused event="tab.focus" subsystem="tab" outcome="ok" workspace_id="w6" tab_id="w6:tH"
2026-08-13T13:02:48.363078Z  INFO herdr::logging: session saved event="persist.save" subsystem="persist" outcome="ok" path=/home/Ronaldcdz/.config/herdr/session.json workspaces=4
2026-08-13T13:03:02.077238Z  INFO herdr::logging: tab focused event="tab.focus" subsystem="tab" outcome="ok" workspace_id="w6" tab_id="w6:tA"
2026-08-13T13:03:03.367466Z  INFO herdr::logging: tab focused event="tab.focus" subsystem="tab" outcome="ok" workspace_id="w6" tab_id="w6:tH"
2026-08-13T13:03:08.369636Z  INFO herdr::logging: session saved event="persist.save" subsystem="persist" outcome="ok" path=/home/Ronaldcdz/.config/herdr/session.json workspaces=4
2026-08-13T13:03:32.210894Z  INFO herdr::logging: tab focused event="tab.focus" subsystem="tab" outcome="ok" workspace_id="w6" tab_id="w6:t2"
2026-08-13T13:03:37.215607Z  INFO herdr::logging: session saved event="persist.save" subsystem="persist" outcome="ok" path=/home/Ronaldcdz/.config/herdr/session.json workspaces=4
2026-08-13T13:04:40.093317Z  WARN herdr::detect::manifest_update: skipping unknown remote manifest agent agent="qwen"
2026-08-13T13:11:16.727163Z  INFO herdr::logging: tab focused event="tab.focus" subsystem="tab" outcome="ok" workspace_id="w6" tab_id="w6:tH"
2026-08-13T13:11:21.731287Z  INFO herdr::logging: session saved event="persist.save" subsystem="persist" outcome="ok" path=/home/Ronaldcdz/.config/herdr/session.json workspaces=4
2026-08-13T13:13:12.038642Z  INFO herdr::logging: tab focused event="tab.focus" subsystem="tab" outcome="ok" workspace_id="w6" tab_id="w6:t2"
2026-08-13T13:13:17.043884Z  INFO herdr::logging: session saved event="persist.save" subsystem="persist" outcome="ok" path=/home/Ronaldcdz/.config/herdr/session.json workspaces=4
2026-08-13T13:20:36.870994Z  INFO herdr::logging: tab focused event="tab.focus" subsystem="tab" outcome="ok" workspace_id="w6" tab_id="w6:tA"
2026-08-13T13:20:38.031717Z  INFO herdr::logging: tab focused event="tab.focus" subsystem="tab" outcome="ok" workspace_id="w6" tab_id="w6:t2"
2026-08-13T13:20:38.963145Z  INFO herdr::logging: tab focused event="tab.focus" subsystem="tab" outcome="ok" workspace_id="w6" tab_id="w6:tH"
2026-08-13T13:20:43.970059Z  INFO herdr::logging: session saved event="persist.save" subsystem="persist" outcome="ok" path=/home/Ronaldcdz/.config/herdr/session.json workspaces=4
2026-08-13T13:21:31.433472Z  INFO herdr::logging: tab focused event="tab.focus" subsystem="tab" outcome="ok" workspace_id="w6" tab_id="w6:t2"
2026-08-13T13:21:34.399486Z  INFO herdr::logging: tab focused event="tab.focus" subsystem="tab" outcome="ok" workspace_id="w6" tab_id="w6:tH"
2026-08-13T13:21:36.347432Z  INFO herdr::logging: tab focused event="tab.focus" subsystem="tab" outcome="ok" workspace_id="w6" tab_id="w6:t2"
2026-08-13T13:21:41.352167Z  INFO herdr::logging: session saved event="persist.save" subsystem="persist" outcome="ok" path=/home/Ronaldcdz/.config/herdr/session.json workspaces=4
2026-08-13T13:22:10.150593Z  INFO herdr::logging: tab focused event="tab.focus" subsystem="tab" outcome="ok" workspace_id="w6" tab_id="w6:tH"
2026-08-13T13:22:15.156154Z  INFO herdr::logging: session saved event="persist.save" subsystem="persist" outcome="ok" path=/home/Ronaldcdz/.config/herdr/session.json workspaces=4
2026-08-13T13:22:22.977802Z  INFO herdr::logging: tab focused event="tab.focus" subsystem="tab" outcome="ok" workspace_id="w6" tab_id="w6:t2"
2026-08-13T13:22:27.252396Z  INFO herdr::logging: tab focused event="tab.focus" subsystem="tab" outcome="ok" workspace_id="w6" tab_id="w6:tH"
2026-08-13T13:22:32.271206Z  INFO herdr::logging: session saved event="persist.save" subsystem="persist" outcome="ok" path=/home/Ronaldcdz/.config/herdr/session.json workspaces=4
2026-08-13T13:30:44.309224Z  INFO herdr::logging: tab focused event="tab.focus" subsystem="tab" outcome="ok" workspace_id="w6" tab_id="w6:t2"
2026-08-13T13:30:49.335584Z  INFO herdr::logging: session saved event="persist.save" subsystem="persist" outcome="ok" path=/home/Ronaldcdz/.config/herdr/session.json workspaces=4
2026-08-13T13:34:40.291199Z  WARN herdr::detect::manifest_update: skipping unknown remote manifest agent agent="qwen"
2026-08-13T13:40:08.151425Z  INFO herdr::logging: tab focused event="tab.focus" subsystem="tab" outcome="ok" workspace_id="w6" tab_id="w6:tH"
2026-08-13T13:40:13.157628Z  INFO herdr::logging: session saved event="persist.save" subsystem="persist" outcome="ok" path=/home/Ronaldcdz/.config/herdr/session.json workspaces=4
2026-08-13T13:41:13.213731Z  INFO herdr::logging: tab focused event="tab.focus" subsystem="tab" outcome="ok" workspace_id="w6" tab_id="w6:t2"
2026-08-13T13:41:18.218969Z  INFO herdr::logging: session saved event="persist.save" subsystem="persist" outcome="ok" path=/home/Ronaldcdz/.config/herdr/session.json workspaces=4
2026-08-13T13:44:42.746260Z  INFO herdr::logging: tab focused event="tab.focus" subsystem="tab" outcome="ok" workspace_id="w6" tab_id="w6:tA"
2026-08-13T13:44:47.751099Z  INFO herdr::logging: session saved event="persist.save" subsystem="persist" outcome="ok" path=/home/Ronaldcdz/.config/herdr/session.json workspaces=4
2026-08-13T13:44:56.241306Z  INFO herdr::logging: tab focused event="tab.focus" subsystem="tab" outcome="ok" workspace_id="w6" tab_id="w6:t2"
2026-08-13T13:45:01.247266Z  INFO herdr::logging: session saved event="persist.save" subsystem="persist" outcome="ok" path=/home/Ronaldcdz/.config/herdr/session.json workspaces=4
2026-08-13T13:51:47.053301Z  INFO herdr::logging: tab focused event="tab.focus" subsystem="tab" outcome="ok" workspace_id="w6" tab_id="w6:tH"
2026-08-13T13:51:52.060146Z  INFO herdr::logging: session saved event="persist.save" subsystem="persist" outcome="ok" path=/home/Ronaldcdz/.config/herdr/session.json workspaces=4
2026-08-13T14:01:55.281596Z  INFO herdr::logging: tab focused event="tab.focus" subsystem="tab" outcome="ok" workspace_id="w6" tab_id="w6:t2"
2026-08-13T14:02:00.287456Z  INFO herdr::logging: session saved event="persist.save" subsystem="persist" outcome="ok" path=/home/Ronaldcdz/.config/herdr/session.json workspaces=4
2026-08-13T14:04:40.331956Z  WARN herdr::detect::manifest_update: skipping unknown remote manifest agent agent="qwen"
2026-08-13T14:13:22.677645Z  INFO herdr::logging: tab focused event="tab.focus" subsystem="tab" outcome="ok" workspace_id="w6" tab_id="w6:tA"
2026-08-13T14:13:27.683115Z  INFO herdr::logging: session saved event="persist.save" subsystem="persist" outcome="ok" path=/home/Ronaldcdz/.config/herdr/session.json workspaces=4
2026-08-13T14:13:28.523259Z  INFO herdr::logging: tab focused event="tab.focus" subsystem="tab" outcome="ok" workspace_id="w6" tab_id="w6:t2"
2026-08-13T14:13:29.450611Z  INFO herdr::logging: tab focused event="tab.focus" subsystem="tab" outcome="ok" workspace_id="w6" tab_id="w6:tA"
2026-08-13T14:13:34.455239Z  INFO herdr::logging: session saved event="persist.save" subsystem="persist" outcome="ok" path=/home/Ronaldcdz/.config/herdr/session.json workspaces=4
2026-08-13T14:13:49.317804Z  INFO herdr::logging: tab focused event="tab.focus" subsystem="tab" outcome="ok" workspace_id="w6" tab_id="w6:t2"
2026-08-13T14:13:54.322609Z  INFO herdr::logging: session saved event="persist.save" subsystem="persist" outcome="ok" path=/home/Ronaldcdz/.config/herdr/session.json workspaces=4
2026-08-13T14:20:54.776831Z  INFO herdr::logging: tab focused event="tab.focus" subsystem="tab" outcome="ok" workspace_id="w6" tab_id="w6:tH"
2026-08-13T14:20:59.782696Z  INFO herdr::logging: session saved event="persist.save" subsystem="persist" outcome="ok" path=/home/Ronaldcdz/.config/herdr/session.json workspaces=4
2026-08-13T14:34:40.277844Z  WARN herdr::detect::manifest_update: skipping unknown remote manifest agent agent="qwen"
2026-08-13T14:38:42.919603Z  INFO herdr::logging: tab focused event="tab.focus" subsystem="tab" outcome="ok" workspace_id="w6" tab_id="w6:t2"
2026-08-13T14:38:47.926096Z  INFO herdr::logging: session saved event="persist.save" subsystem="persist" outcome="ok" path=/home/Ronaldcdz/.config/herdr/session.json workspaces=4
2026-08-13T14:51:30.689096Z  INFO herdr::logging: workspace focused event="workspace.focus" subsystem="workspace" outcome="ok" workspace_id="w5"
2026-08-13T14:51:30.689219Z  INFO herdr::logging: tab focused event="tab.focus" subsystem="tab" outcome="ok" workspace_id="w5" tab_id="w5:t1"
2026-08-13T14:51:35.695358Z  INFO herdr::logging: session saved event="persist.save" subsystem="persist" outcome="ok" path=/home/Ronaldcdz/.config/herdr/session.json workspaces=4
2026-08-13T15:04:36.992574Z  INFO herdr::logging: workspace focused event="workspace.focus" subsystem="workspace" outcome="ok" workspace_id="w6"
2026-08-13T15:04:36.992689Z  INFO herdr::logging: tab focused event="tab.focus" subsystem="tab" outcome="ok" workspace_id="w6" tab_id="w6:t2"
2026-08-13T15:04:40.119759Z  WARN herdr::detect::manifest_update: skipping unknown remote manifest agent agent="qwen"
2026-08-13T15:04:41.999031Z  INFO herdr::logging: session saved event="persist.save" subsystem="persist" outcome="ok" path=/home/Ronaldcdz/.config/herdr/session.json workspaces=4
2026-08-13T15:06:24.760057Z  INFO herdr::logging: tab focused event="tab.focus" subsystem="tab" outcome="ok" workspace_id="w6" tab_id="w6:tH"
2026-08-13T15:06:29.763725Z  INFO herdr::logging: session saved event="persist.save" subsystem="persist" outcome="ok" path=/home/Ronaldcdz/.config/herdr/session.json workspaces=4
2026-08-13T15:07:17.250941Z  INFO herdr::logging: tab focused event="tab.focus" subsystem="tab" outcome="ok" workspace_id="w6" tab_id="w6:t2"
2026-08-13T15:07:22.258944Z  INFO herdr::logging: session saved event="persist.save" subsystem="persist" outcome="ok" path=/home/Ronaldcdz/.config/herdr/session.json workspaces=4
2026-08-13T15:15:10.803826Z  INFO herdr::logging: tab focused event="tab.focus" subsystem="tab" outcome="ok" workspace_id="w6" tab_id="w6:tA"
2026-08-13T15:15:15.807155Z  INFO herdr::logging: session saved event="persist.save" subsystem="persist" outcome="ok" path=/home/Ronaldcdz/.config/herdr/session.json workspaces=4
2026-08-13T15:15:20.523908Z  INFO herdr::logging: tab focused event="tab.focus" subsystem="tab" outcome="ok" workspace_id="w6" tab_id="w6:t2"
2026-08-13T15:15:25.527728Z  INFO herdr::logging: session saved event="persist.save" subsystem="persist" outcome="ok" path=/home/Ronaldcdz/.config/herdr/session.json workspaces=4
2026-08-13T15:16:00.601413Z  INFO herdr::logging: tab focused event="tab.focus" subsystem="tab" outcome="ok" workspace_id="w6" tab_id="w6:tA"
2026-08-13T15:16:01.801454Z  INFO herdr::logging: tab focused event="tab.focus" subsystem="tab" outcome="ok" workspace_id="w6" tab_id="w6:t2"
2026-08-13T15:16:06.806144Z  INFO herdr::logging: session saved event="persist.save" subsystem="persist" outcome="ok" path=/home/Ronaldcdz/.config/herdr/session.json workspaces=4
2026-08-13T15:19:30.429962Z  INFO herdr::logging: tab focused event="tab.focus" subsystem="tab" outcome="ok" workspace_id="w6" tab_id="w6:tA"
2026-08-13T15:19:35.434965Z  INFO herdr::logging: session saved event="persist.save" subsystem="persist" outcome="ok" path=/home/Ronaldcdz/.config/herdr/session.json workspaces=4
2026-08-13T15:31:05.773954Z  INFO herdr::logging: tab focused event="tab.focus" subsystem="tab" outcome="ok" workspace_id="w6" tab_id="w6:tH"
2026-08-13T15:31:06.581766Z  INFO herdr::logging: tab focused event="tab.focus" subsystem="tab" outcome="ok" workspace_id="w6" tab_id="w6:t2"
2026-08-13T15:31:11.588311Z  INFO herdr::logging: session saved event="persist.save" subsystem="persist" outcome="ok" path=/home/Ronaldcdz/.config/herdr/session.json workspaces=4
2026-08-13T15:34:24.642475Z  INFO herdr::logging: tab focused event="tab.focus" subsystem="tab" outcome="ok" workspace_id="w6" tab_id="w6:tA"
2026-08-13T15:34:25.739429Z  INFO herdr::logging: tab focused event="tab.focus" subsystem="tab" outcome="ok" workspace_id="w6" tab_id="w6:t2"
2026-08-13T15:34:30.745192Z  INFO herdr::logging: session saved event="persist.save" subsystem="persist" outcome="ok" path=/home/Ronaldcdz/.config/herdr/session.json workspaces=4
2026-08-13T15:34:40.113947Z  WARN herdr::detect::manifest_update: skipping unknown remote manifest agent agent="qwen"
2026-08-13T15:55:53.638320Z  INFO herdr::logging: tab focused event="tab.focus" subsystem="tab" outcome="ok" workspace_id="w6" tab_id="w6:tA"
2026-08-13T15:55:55.908217Z  INFO herdr::logging: tab focused event="tab.focus" subsystem="tab" outcome="ok" workspace_id="w6" tab_id="w6:t2"
2026-08-13T15:56:00.912770Z  INFO herdr::logging: session saved event="persist.save" subsystem="persist" outcome="ok" path=/home/Ronaldcdz/.config/herdr/session.json workspaces=4
2026-08-13T15:56:03.110370Z  INFO herdr::logging: tab focused event="tab.focus" subsystem="tab" outcome="ok" workspace_id="w6" tab_id="w6:tA"
2026-08-13T15:56:07.080415Z  INFO herdr::logging: tab focused event="tab.focus" subsystem="tab" outcome="ok" workspace_id="w6" tab_id="w6:t2"
2026-08-13T15:56:11.047464Z  INFO herdr::logging: tab focused event="tab.focus" subsystem="tab" outcome="ok" workspace_id="w6" tab_id="w6:tA"
2026-08-13T15:56:16.050938Z  INFO herdr::logging: session saved event="persist.save" subsystem="persist" outcome="ok" path=/home/Ronaldcdz/.config/herdr/session.json workspaces=4
2026-08-13T15:56:29.510471Z  INFO herdr::logging: tab focused event="tab.focus" subsystem="tab" outcome="ok" workspace_id="w6" tab_id="w6:t2"
2026-08-13T15:56:34.515040Z  INFO herdr::logging: session saved event="persist.save" subsystem="persist" outcome="ok" path=/home/Ronaldcdz/.config/herdr/session.json workspaces=4
2026-08-13T15:56:45.904411Z  INFO herdr::logging: tab focused event="tab.focus" subsystem="tab" outcome="ok" workspace_id="w6" tab_id="w6:tA"
2026-08-13T15:56:46.856503Z  INFO herdr::logging: tab focused event="tab.focus" subsystem="tab" outcome="ok" workspace_id="w6" tab_id="w6:t2"
2026-08-13T15:56:51.860190Z  INFO herdr::logging: session saved event="persist.save" subsystem="persist" outcome="ok" path=/home/Ronaldcdz/.config/herdr/session.json workspaces=4
2026-08-13T16:00:57.594336Z  INFO herdr::server::headless: client resize client_id=2 cols=191 rows=47 cell_width_px=0 cell_height_px=0
2026-08-13T16:00:58.196726Z  INFO herdr::server::headless: client resize client_id=2 cols=191 rows=46 cell_width_px=0 cell_height_px=0
2026-08-13T16:04:40.353790Z  WARN herdr::detect::manifest_update: skipping unknown remote manifest agent agent="qwen"
2026-08-13T16:34:40.382213Z  WARN herdr::detect::manifest_update: skipping unknown remote manifest agent agent="qwen"
2026-08-13T16:50:49.578220Z  INFO herdr::server::headless: client resize client_id=2 cols=191 rows=47 cell_width_px=0 cell_height_px=0
2026-08-13T16:50:50.080030Z  INFO herdr::server::headless: client resize client_id=2 cols=191 rows=46 cell_width_px=0 cell_height_px=0
2026-08-13T18:04:32.305542Z  INFO herdr::server::headless: client resize client_id=2 cols=191 rows=47 cell_width_px=0 cell_height_px=0
2026-08-13T18:04:33.807128Z  INFO herdr::server::headless: client resize client_id=2 cols=191 rows=46 cell_width_px=0 cell_height_px=0
2026-08-13T18:08:12.711207Z  INFO herdr::logging: tab focused event="tab.focus" subsystem="tab" outcome="ok" workspace_id="w6" tab_id="w6:tH"
2026-08-13T18:08:17.719682Z  INFO herdr::logging: session saved event="persist.save" subsystem="persist" outcome="ok" path=/home/Ronaldcdz/.config/herdr/session.json workspaces=4
2026-08-13T18:08:22.319053Z  INFO herdr::logging: pane child exited event="pane.exit" subsystem="pane" outcome="completed" pane_id=6 status="ExitStatus { code: 1, signal: None }"
2026-08-13T18:08:22.325902Z  INFO herdr::logging: pane child exited event="pane.exit" subsystem="pane" outcome="completed" pane_id=5 status="ExitStatus { code: 1, signal: None }"
2026-08-13T18:08:22.326061Z  INFO herdr::logging: pane child exited event="pane.exit" subsystem="pane" outcome="completed" pane_id=4 status="ExitStatus { code: 1, signal: None }"
2026-08-13T18:08:22.329422Z  INFO herdr::pane: pane session terminated pane=6 pid=3453 signal=Hangup
2026-08-13T18:08:22.329739Z  INFO herdr::pane: pane session terminated pane=5 pid=3447 signal=Hangup
2026-08-13T18:08:22.337963Z  INFO herdr::pane: pane session terminated pane=4 pid=3444 signal=Hangup
2026-08-13T18:08:22.357606Z  INFO herdr::server::headless: client disconnected client_id=2
2026-08-13T18:13:26.890922Z  INFO herdr::api::server: api server listening path=/home/Ronaldcdz/.config/herdr/herdr.sock
2026-08-13T18:13:26.896263Z  INFO herdr::logging: spawning pane terminal event="pane.spawn.start" subsystem="pane" outcome="started" pane_id=1 rows=24 cols=80 scrollback_limit_bytes=10000000
2026-08-13T18:13:26.901004Z  INFO herdr::logging: pane child spawned event="pane.spawned" subsystem="pane" outcome="ok" pane_id=1 pid=4799
2026-08-13T18:13:26.903771Z  INFO herdr::logging: spawning pane terminal event="pane.spawn.start" subsystem="pane" outcome="started" pane_id=2 rows=24 cols=80 scrollback_limit_bytes=10000000
2026-08-13T18:13:26.906993Z  INFO herdr::logging: pane child spawned event="pane.spawned" subsystem="pane" outcome="ok" pane_id=2 pid=4802
2026-08-13T18:13:26.909023Z  INFO herdr::logging: spawning pane terminal event="pane.spawn.start" subsystem="pane" outcome="started" pane_id=3 rows=24 cols=80 scrollback_limit_bytes=10000000
2026-08-13T18:13:26.912360Z  INFO herdr::logging: pane child spawned event="pane.spawned" subsystem="pane" outcome="ok" pane_id=3 pid=4806
2026-08-13T18:13:26.915012Z  INFO herdr::logging: spawning pane terminal event="pane.spawn.start" subsystem="pane" outcome="started" pane_id=4 rows=24 cols=80 scrollback_limit_bytes=10000000
2026-08-13T18:13:26.922661Z  INFO herdr::logging: pane child spawned event="pane.spawned" subsystem="pane" outcome="ok" pane_id=4 pid=4810
2026-08-13T18:13:26.923875Z  INFO herdr::logging: spawning pane terminal event="pane.spawn.start" subsystem="pane" outcome="started" pane_id=5 rows=24 cols=80 scrollback_limit_bytes=10000000
2026-08-13T18:13:26.931163Z  INFO herdr::logging: pane child spawned event="pane.spawned" subsystem="pane" outcome="ok" pane_id=5 pid=4814
2026-08-13T18:13:26.932306Z  INFO herdr::logging: spawning pane terminal event="pane.spawn.start" subsystem="pane" outcome="started" pane_id=6 rows=24 cols=80 scrollback_limit_bytes=10000000
2026-08-13T18:13:26.935832Z  INFO herdr::logging: pane child spawned event="pane.spawned" subsystem="pane" outcome="ok" pane_id=6 pid=4818
2026-08-13T18:13:26.939474Z  INFO herdr::logging: session restore evaluated event="persist.restore" subsystem="persist" outcome="ok" workspaces=4
2026-08-13T18:13:26.939581Z  INFO herdr::app: using pane scrollback configuration pane_scrollback_limit_bytes=10000000
2026-08-13T18:13:27.225115Z  INFO herdr::logging: checking for updates event="update.check.start" subsystem="update" outcome="started"
2026-08-13T18:13:27.228742Z  INFO herdr::server::headless: restored session already has workspaces; ignoring startup cwd cwd=/home/Ronaldcdz
2026-08-13T18:13:27.229021Z  INFO herdr::server::headless: client protocol socket listening path=/home/Ronaldcdz/.config/herdr/herdr-client.sock
2026-08-13T18:13:27.229086Z  INFO herdr::server::headless: herdr server started api_socket=/home/Ronaldcdz/.config/herdr/herdr.sock client_socket=/home/Ronaldcdz/.config/herdr/herdr-client.sock
2026-08-13T18:13:27.229759Z  INFO herdr::logging: herdr starting event="app.startup" subsystem="server" outcome="started" pid=4785
2026-08-13T18:13:27.454960Z  WARN herdr::detect::manifest_update: skipping unknown remote manifest agent agent="qwen"
2026-08-13T18:13:27.456754Z  INFO herdr::server::headless: client connected client_id=2 cols=191 rows=46 cell_width_px=0 cell_height_px=0 render_encoding=SemanticFrame
2026-08-13T18:13:27.542905Z  INFO herdr::logging: update available event="update.available" subsystem="update" outcome="ok" version="0.8.0"
2026-08-13T18:13:27.542937Z  INFO herdr::update: new stable build available at https://github.com/herdrdev/herdr/releases/download/v0.8.0/herdr-linux-x86_64
2026-08-13T18:13:27.543522Z  INFO herdr::update: auto-update check: 0.8.0 available, waiting for explicit install
2026-08-13T18:18:08.061354Z  INFO herdr::logging: tab focused event="tab.focus" subsystem="tab" outcome="ok" workspace_id="w6" tab_id="w6:t2"
2026-08-13T18:18:13.064222Z  INFO herdr::logging: session saved event="persist.save" subsystem="persist" outcome="ok" path=/home/Ronaldcdz/.config/herdr/session.json workspaces=4
2026-08-13T18:30:49.036686Z  INFO herdr::logging: spawning pane terminal event="pane.spawn.start" subsystem="pane" outcome="started" pane_id=7 rows=45 cols=170 scrollback_limit_bytes=10000000
2026-08-13T18:30:49.041990Z  INFO herdr::logging: pane child spawned event="pane.spawned" subsystem="pane" outcome="ok" pane_id=7 pid=10673
2026-08-13T18:30:49.042768Z  INFO herdr::logging: tab focused event="tab.focus" subsystem="tab" outcome="ok" workspace_id="w6" tab_id="w6:tJ"
2026-08-13T18:30:54.047468Z  INFO herdr::logging: session saved event="persist.save" subsystem="persist" outcome="ok" path=/home/Ronaldcdz/.config/herdr/session.json workspaces=4
2026-08-13T18:43:27.414256Z  WARN herdr::detect::manifest_update: skipping unknown remote manifest agent agent="qwen"
2026-08-13T18:57:07.240970Z  INFO herdr::server::headless: client connected client_id=4 cols=80 rows=24 cell_width_px=0 cell_height_px=0 render_encoding=SemanticFrame
2026-08-13T18:57:07.355678Z  INFO herdr::server::headless: client resize client_id=4 cols=191 rows=46 cell_width_px=0 cell_height_px=0
2026-08-13T18:58:03.589272Z  INFO herdr::logging: pane child exited event="pane.exit" subsystem="pane" outcome="completed" pane_id=5 status="ExitStatus { code: 1, signal: None }"
2026-08-13T18:58:03.589686Z  INFO herdr::pane: pane session terminated pane=5 pid=4814 signal=Hangup
2026-08-13T18:58:03.589272Z  INFO herdr::logging: pane child exited event="pane.exit" subsystem="pane" outcome="completed" pane_id=6 status="ExitStatus { code: 1, signal: None }"
2026-08-13T18:58:03.626694Z  INFO herdr::logging: pane child exited event="pane.exit" subsystem="pane" outcome="completed" pane_id=4 status="ExitStatus { code: 1, signal: None }"
2026-08-13T18:58:03.653502Z  INFO herdr::logging: pane child exited event="pane.exit" subsystem="pane" outcome="completed" pane_id=3 status="ExitStatus { code: 1, signal: None }"
2026-08-13T18:58:03.671478Z  INFO herdr::pane: pane session terminated pane=6 pid=4818 signal=Hangup
2026-08-13T18:58:03.671575Z  INFO herdr::pane: pane session terminated pane=4 pid=4810 signal=Hangup
2026-08-13T18:58:03.671650Z  INFO herdr::pane: pane session terminated pane=3 pid=4806 signal=Hangup
2026-08-13T18:58:03.671829Z  INFO herdr::server::headless: client disconnected client_id=4
2026-08-13T18:58:03.674308Z  INFO herdr::server::headless: client disconnected client_id=2
2026-08-13T19:00:08.584140Z  INFO herdr::api::server: api server listening path=/home/Ronaldcdz/.config/herdr/herdr.sock
2026-08-13T19:00:08.590037Z  INFO herdr::logging: spawning pane terminal event="pane.spawn.start" subsystem="pane" outcome="started" pane_id=1 rows=24 cols=80 scrollback_limit_bytes=10000000
2026-08-13T19:00:08.593231Z  INFO herdr::logging: pane child spawned event="pane.spawned" subsystem="pane" outcome="ok" pane_id=1 pid=3137
2026-08-13T19:00:08.596012Z  INFO herdr::logging: spawning pane terminal event="pane.spawn.start" subsystem="pane" outcome="started" pane_id=2 rows=24 cols=80 scrollback_limit_bytes=10000000
2026-08-13T19:00:08.598762Z  INFO herdr::logging: pane child spawned event="pane.spawned" subsystem="pane" outcome="ok" pane_id=2 pid=3140
2026-08-13T19:00:08.600604Z  INFO herdr::logging: spawning pane terminal event="pane.spawn.start" subsystem="pane" outcome="started" pane_id=3 rows=24 cols=80 scrollback_limit_bytes=10000000
2026-08-13T19:00:08.603997Z  INFO herdr::logging: pane child spawned event="pane.spawned" subsystem="pane" outcome="ok" pane_id=3 pid=3143
2026-08-13T19:00:08.606518Z  INFO herdr::logging: spawning pane terminal event="pane.spawn.start" subsystem="pane" outcome="started" pane_id=4 rows=24 cols=80 scrollback_limit_bytes=10000000
2026-08-13T19:00:08.610010Z  INFO herdr::logging: pane child spawned event="pane.spawned" subsystem="pane" outcome="ok" pane_id=4 pid=3148
2026-08-13T19:00:08.611170Z  INFO herdr::logging: spawning pane terminal event="pane.spawn.start" subsystem="pane" outcome="started" pane_id=5 rows=24 cols=80 scrollback_limit_bytes=10000000
2026-08-13T19:00:08.615624Z  INFO herdr::logging: pane child spawned event="pane.spawned" subsystem="pane" outcome="ok" pane_id=5 pid=3152
2026-08-13T19:00:08.616703Z  INFO herdr::logging: spawning pane terminal event="pane.spawn.start" subsystem="pane" outcome="started" pane_id=6 rows=24 cols=80 scrollback_limit_bytes=10000000
2026-08-13T19:00:08.621317Z  INFO herdr::logging: pane child spawned event="pane.spawned" subsystem="pane" outcome="ok" pane_id=6 pid=3156
2026-08-13T19:00:08.622302Z  INFO herdr::logging: spawning pane terminal event="pane.spawn.start" subsystem="pane" outcome="started" pane_id=7 rows=24 cols=80 scrollback_limit_bytes=10000000
2026-08-13T19:00:08.626430Z  INFO herdr::logging: pane child spawned event="pane.spawned" subsystem="pane" outcome="ok" pane_id=7 pid=3159
2026-08-13T19:00:08.629898Z  INFO herdr::logging: session restore evaluated event="persist.restore" subsystem="persist" outcome="ok" workspaces=4
2026-08-13T19:00:08.629999Z  INFO herdr::app: using pane scrollback configuration pane_scrollback_limit_bytes=10000000
2026-08-13T19:00:08.949299Z  INFO herdr::logging: checking for updates event="update.check.start" subsystem="update" outcome="started"
2026-08-13T19:00:08.953285Z  INFO herdr::server::headless: restored session already has workspaces; ignoring startup cwd cwd=/home/Ronaldcdz
2026-08-13T19:00:08.953567Z  INFO herdr::server::headless: client protocol socket listening path=/home/Ronaldcdz/.config/herdr/herdr-client.sock
2026-08-13T19:00:08.953623Z  INFO herdr::server::headless: herdr server started api_socket=/home/Ronaldcdz/.config/herdr/herdr.sock client_socket=/home/Ronaldcdz/.config/herdr/herdr-client.sock
2026-08-13T19:00:08.954055Z  INFO herdr::logging: herdr starting event="app.startup" subsystem="server" outcome="started" pid=3123
2026-08-13T19:00:09.148184Z  INFO herdr::server::headless: client connected client_id=2 cols=191 rows=46 cell_width_px=0 cell_height_px=0 render_encoding=SemanticFrame
2026-08-13T19:00:09.295736Z  WARN herdr::detect::manifest_update: skipping unknown remote manifest agent agent="qwen"
2026-08-13T19:00:09.471709Z  INFO herdr::logging: update available event="update.available" subsystem="update" outcome="ok" version="0.8.0"
2026-08-13T19:00:09.471735Z  INFO herdr::update: new stable build available at https://github.com/herdrdev/herdr/releases/download/v0.8.0/herdr-linux-x86_64
2026-08-13T19:00:09.472201Z  INFO herdr::update: auto-update check: 0.8.0 available, waiting for explicit install
2026-08-13T19:30:09.137118Z  WARN herdr::detect::manifest_update: skipping unknown remote manifest agent agent="qwen"
2026-08-13T19:48:33.025525Z  INFO herdr::server::headless: client resize client_id=2 cols=191 rows=47 cell_width_px=0 cell_height_px=0
2026-08-13T19:48:34.627942Z  INFO herdr::server::headless: client resize client_id=2 cols=191 rows=46 cell_width_px=0 cell_height_px=0
2026-08-13T19:48:54.923141Z  INFO herdr::server::headless: client disconnected client_id=2
2026-08-13T19:49:05.737241Z  INFO herdr::server::headless: client connected client_id=4 cols=80 rows=24 cell_width_px=0 cell_height_px=0 render_encoding=SemanticFrame
2026-08-13T19:49:05.841990Z  INFO herdr::server::headless: client resize client_id=4 cols=191 rows=47 cell_width_px=0 cell_height_px=0
2026-08-13T19:49:18.580965Z  INFO herdr::logging: pane child exited event="pane.exit" subsystem="pane" outcome="completed" pane_id=7 status="ExitStatus { code: 1, signal: None }"
2026-08-13T19:49:18.601519Z  INFO herdr::pane: pane session terminated pane=7 pid=3159 signal=Hangup
2026-08-13T19:49:18.602498Z  WARN herdr::app::actions: PaneDied for unknown pane pane=7
2026-08-13T19:49:23.604949Z  INFO herdr::logging: session saved event="persist.save" subsystem="persist" outcome="ok" path=/home/Ronaldcdz/.config/herdr/session.json workspaces=4
2026-08-13T20:00:09.165149Z  WARN herdr::detect::manifest_update: skipping unknown remote manifest agent agent="qwen"
2026-08-13T20:00:57.395494Z  WARN herdr::detect::manifest_update: agent detection manifest update failed for agent agent="agy" error=fetch failed: failed to fetch https://herdr.dev/agent-detection/antigravity.toml
2026-08-13T20:11:42.150312Z  INFO herdr::logging: workspace focused event="workspace.focus" subsystem="workspace" outcome="ok" workspace_id="w2"
2026-08-13T20:11:42.150434Z  INFO herdr::logging: tab focused event="tab.focus" subsystem="tab" outcome="ok" workspace_id="w2" tab_id="w2:t1"
2026-08-13T20:11:43.533452Z  INFO herdr::logging: spawning pane terminal event="pane.spawn.start" subsystem="pane" outcome="started" pane_id=8 rows=46 cols=170 scrollback_limit_bytes=10000000
2026-08-13T20:11:43.538091Z  INFO herdr::logging: pane child spawned event="pane.spawned" subsystem="pane" outcome="ok" pane_id=8 pid=19081
2026-08-13T20:11:43.538720Z  INFO herdr::logging: tab focused event="tab.focus" subsystem="tab" outcome="ok" workspace_id="w2" tab_id="w2:t8"
2026-08-13T20:11:48.544138Z  INFO herdr::logging: session saved event="persist.save" subsystem="persist" outcome="ok" path=/home/Ronaldcdz/.config/herdr/session.json workspaces=4
2026-08-13T20:12:07.900752Z  INFO herdr::app::actions: copied selection to clipboard
2026-08-13T20:14:14.289848Z  INFO herdr::logging: tab focused event="tab.focus" subsystem="tab" outcome="ok" workspace_id="w2" tab_id="w2:t1"
2026-08-13T20:14:19.294306Z  INFO herdr::logging: session saved event="persist.save" subsystem="persist" outcome="ok" path=/home/Ronaldcdz/.config/herdr/session.json workspaces=4
2026-08-13T20:16:50.213013Z  INFO herdr::logging: tab focused event="tab.focus" subsystem="tab" outcome="ok" workspace_id="w2" tab_id="w2:t8"
2026-08-13T20:16:55.216733Z  INFO herdr::logging: session saved event="persist.save" subsystem="persist" outcome="ok" path=/home/Ronaldcdz/.config/herdr/session.json workspaces=4
2026-08-13T20:17:59.904560Z  INFO herdr::logging: tab focused event="tab.focus" subsystem="tab" outcome="ok" workspace_id="w2" tab_id="w2:t1"
2026-08-13T20:18:01.809518Z  INFO herdr::logging: tab focused event="tab.focus" subsystem="tab" outcome="ok" workspace_id="w2" tab_id="w2:t8"
2026-08-13T20:18:06.813733Z  INFO herdr::logging: session saved event="persist.save" subsystem="persist" outcome="ok" path=/home/Ronaldcdz/.config/herdr/session.json workspaces=4
2026-08-13T20:30:09.133450Z  WARN herdr::detect::manifest_update: skipping unknown remote manifest agent agent="qwen"
2026-08-13T20:51:21.333657Z  INFO herdr::server::headless: client resize client_id=4 cols=191 rows=48 cell_width_px=0 cell_height_px=0
2026-08-13T23:15:36.324836Z  INFO herdr::server::headless: client resize client_id=4 cols=191 rows=47 cell_width_px=0 cell_height_px=0
2026-08-13T23:16:32.726136Z  INFO herdr::server::headless: client resize client_id=4 cols=191 rows=48 cell_width_px=0 cell_height_px=0
2026-08-13T23:16:33.226367Z  INFO herdr::server::headless: client resize client_id=4 cols=191 rows=47 cell_width_px=0 cell_height_px=0
2026-08-13T23:24:20.072868Z  WARN herdr::detect::manifest_update: agent detection manifest update failed: failed to fetch https://herdr.dev/agent-detection/index.toml
2026-08-13T23:24:53.886099Z  INFO herdr::logging: tab focused event="tab.focus" subsystem="tab" outcome="ok" workspace_id="w2" tab_id="w2:t1"
2026-08-13T23:24:58.890848Z  INFO herdr::logging: session saved event="persist.save" subsystem="persist" outcome="ok" path=/home/Ronaldcdz/.config/herdr/session.json workspaces=4
2026-08-13T23:54:20.070222Z  WARN herdr::detect::manifest_update: agent detection manifest update failed: failed to fetch https://herdr.dev/agent-detection/index.toml
2026-08-14T00:19:20.499451Z  INFO herdr::logging: tab focused event="tab.focus" subsystem="tab" outcome="ok" workspace_id="w2" tab_id="w2:t8"
2026-08-14T00:19:24.133781Z  INFO herdr::logging: pane child exited event="pane.exit" subsystem="pane" outcome="completed" pane_id=5 status="ExitStatus { code: 1, signal: None }"
2026-08-14T00:19:24.136872Z  INFO herdr::pane: pane session terminated pane=5 pid=3152 signal=Hangup
2026-08-14T00:19:24.146924Z  INFO herdr::logging: pane child exited event="pane.exit" subsystem="pane" outcome="completed" pane_id=4 status="ExitStatus { code: 1, signal: None }"
2026-08-14T00:19:24.149928Z  INFO herdr::logging: pane child exited event="pane.exit" subsystem="pane" outcome="completed" pane_id=6 status="ExitStatus { code: 1, signal: None }"
2026-08-14T00:19:24.169107Z  INFO herdr::pane: pane session terminated pane=4 pid=3148 signal=Hangup
2026-08-14T00:19:24.172824Z  INFO herdr::pane: pane session terminated pane=6 pid=3156 signal=Hangup
2026-08-14T00:19:24.172944Z  INFO herdr::server::headless: client disconnected client_id=4
2026-08-14T12:26:15.002618Z  INFO herdr::api::server: api server listening path=/home/Ronaldcdz/.config/herdr/herdr.sock
2026-08-14T12:26:15.007731Z  INFO herdr::logging: spawning pane terminal event="pane.spawn.start" subsystem="pane" outcome="started" pane_id=1 rows=24 cols=80 scrollback_limit_bytes=10000000
2026-08-14T12:26:15.010934Z  INFO herdr::logging: pane child spawned event="pane.spawned" subsystem="pane" outcome="ok" pane_id=1 pid=5860
2026-08-14T12:26:15.011829Z  INFO herdr::logging: spawning pane terminal event="pane.spawn.start" subsystem="pane" outcome="started" pane_id=2 rows=24 cols=80 scrollback_limit_bytes=10000000
2026-08-14T12:26:15.014576Z  INFO herdr::logging: pane child spawned event="pane.spawned" subsystem="pane" outcome="ok" pane_id=2 pid=5863
2026-08-14T12:26:15.016171Z  INFO herdr::logging: spawning pane terminal event="pane.spawn.start" subsystem="pane" outcome="started" pane_id=3 rows=24 cols=80 scrollback_limit_bytes=10000000
2026-08-14T12:26:15.019023Z  INFO herdr::logging: pane child spawned event="pane.spawned" subsystem="pane" outcome="ok" pane_id=3 pid=5866
2026-08-14T12:26:15.020748Z  INFO herdr::logging: spawning pane terminal event="pane.spawn.start" subsystem="pane" outcome="started" pane_id=4 rows=24 cols=80 scrollback_limit_bytes=10000000
2026-08-14T12:26:15.024608Z  INFO herdr::logging: pane child spawned event="pane.spawned" subsystem="pane" outcome="ok" pane_id=4 pid=5871
2026-08-14T12:26:15.026514Z  INFO herdr::logging: spawning pane terminal event="pane.spawn.start" subsystem="pane" outcome="started" pane_id=5 rows=24 cols=80 scrollback_limit_bytes=10000000
2026-08-14T12:26:15.033462Z  INFO herdr::logging: pane child spawned event="pane.spawned" subsystem="pane" outcome="ok" pane_id=5 pid=5875
2026-08-14T12:26:15.034509Z  INFO herdr::logging: spawning pane terminal event="pane.spawn.start" subsystem="pane" outcome="started" pane_id=6 rows=24 cols=80 scrollback_limit_bytes=10000000
2026-08-14T12:26:15.038283Z  INFO herdr::logging: pane child spawned event="pane.spawned" subsystem="pane" outcome="ok" pane_id=6 pid=5879
2026-08-14T12:26:15.039274Z  INFO herdr::logging: spawning pane terminal event="pane.spawn.start" subsystem="pane" outcome="started" pane_id=7 rows=24 cols=80 scrollback_limit_bytes=10000000
2026-08-14T12:26:15.043138Z  INFO herdr::logging: pane child spawned event="pane.spawned" subsystem="pane" outcome="ok" pane_id=7 pid=5883
2026-08-14T12:26:15.048011Z  INFO herdr::logging: session restore evaluated event="persist.restore" subsystem="persist" outcome="ok" workspaces=4
2026-08-14T12:26:15.048123Z  INFO herdr::app: using pane scrollback configuration pane_scrollback_limit_bytes=10000000
2026-08-14T12:26:15.356045Z  INFO herdr::logging: checking for updates event="update.check.start" subsystem="update" outcome="started"
2026-08-14T12:26:15.360041Z  INFO herdr::server::headless: restored session already has workspaces; ignoring startup cwd cwd=/home/Ronaldcdz
2026-08-14T12:26:15.360314Z  INFO herdr::server::headless: client protocol socket listening path=/home/Ronaldcdz/.config/herdr/herdr-client.sock
2026-08-14T12:26:15.360370Z  INFO herdr::server::headless: herdr server started api_socket=/home/Ronaldcdz/.config/herdr/herdr.sock client_socket=/home/Ronaldcdz/.config/herdr/herdr-client.sock
2026-08-14T12:26:15.360797Z  INFO herdr::logging: herdr starting event="app.startup" subsystem="server" outcome="started" pid=5846
2026-08-14T12:26:15.567024Z  INFO herdr::server::headless: client connected client_id=2 cols=191 rows=47 cell_width_px=0 cell_height_px=0 render_encoding=SemanticFrame
2026-08-14T12:26:15.573795Z  WARN herdr::detect::manifest_update: skipping unknown remote manifest agent agent="qwen"
2026-08-14T12:26:15.636144Z  INFO herdr::logging: update available event="update.available" subsystem="update" outcome="ok" version="0.8.0"
2026-08-14T12:26:15.636181Z  INFO herdr::update: new stable build available at https://github.com/herdrdev/herdr/releases/download/v0.8.0/herdr-linux-x86_64
2026-08-14T12:26:15.637044Z  INFO herdr::update: auto-update check: 0.8.0 available, waiting for explicit install
2026-08-14T12:26:19.495051Z  INFO herdr::logging: pane child exited event="pane.exit" subsystem="pane" outcome="completed" pane_id=5 status="ExitStatus { code: 1, signal: None }"
2026-08-14T12:26:19.498200Z  INFO herdr::pane: pane session terminated pane=5 pid=5875 signal=Hangup
2026-08-14T12:26:19.501389Z  INFO herdr::logging: pane child exited event="pane.exit" subsystem="pane" outcome="completed" pane_id=3 status="ExitStatus { code: 1, signal: None }"
2026-08-14T12:26:19.512381Z  INFO herdr::pane: pane session terminated pane=3 pid=5866 signal=Hangup
2026-08-14T12:26:19.514605Z  INFO herdr::server::headless: client disconnected client_id=2
2026-08-14T12:26:19.523760Z  INFO herdr::logging: pane child exited event="pane.exit" subsystem="pane" outcome="completed" pane_id=4 status="ExitStatus { code: 1, signal: None }"
2026-08-14T12:26:19.524466Z  INFO herdr::pane: pane session terminated pane=4 pid=5871 signal=Hangup
2026-08-14T12:26:19.533708Z  INFO herdr::logging: pane child exited event="pane.exit" subsystem="pane" outcome="completed" pane_id=7 status="ExitStatus { code: 1, signal: None }"
2026-08-14T12:26:19.535253Z  INFO herdr::pane: pane session terminated pane=7 pid=5883 signal=Hangup
2026-08-14T12:26:19.555981Z  INFO herdr::logging: pane child exited event="pane.exit" subsystem="pane" outcome="completed" pane_id=6 status="ExitStatus { code: 1, signal: None }"
2026-08-14T12:26:19.556527Z  INFO herdr::pane: pane session terminated pane=6 pid=5879 signal=Hangup
2026-08-14T12:30:57.147599Z  INFO herdr::api::server: api server listening path=/home/Ronaldcdz/.config/herdr/herdr.sock
2026-08-14T12:30:57.152933Z  INFO herdr::logging: spawning pane terminal event="pane.spawn.start" subsystem="pane" outcome="started" pane_id=1 rows=24 cols=80 scrollback_limit_bytes=10000000
2026-08-14T12:30:57.156112Z  INFO herdr::logging: pane child spawned event="pane.spawned" subsystem="pane" outcome="ok" pane_id=1 pid=3147
2026-08-14T12:30:57.156952Z  INFO herdr::logging: spawning pane terminal event="pane.spawn.start" subsystem="pane" outcome="started" pane_id=2 rows=24 cols=80 scrollback_limit_bytes=10000000
2026-08-14T12:30:57.159615Z  INFO herdr::logging: pane child spawned event="pane.spawned" subsystem="pane" outcome="ok" pane_id=2 pid=3150
2026-08-14T12:30:57.162231Z  INFO herdr::logging: spawning pane terminal event="pane.spawn.start" subsystem="pane" outcome="started" pane_id=3 rows=24 cols=80 scrollback_limit_bytes=10000000
2026-08-14T12:30:57.165260Z  INFO herdr::logging: pane child spawned event="pane.spawned" subsystem="pane" outcome="ok" pane_id=3 pid=3153
2026-08-14T12:30:57.167331Z  INFO herdr::logging: spawning pane terminal event="pane.spawn.start" subsystem="pane" outcome="started" pane_id=4 rows=24 cols=80 scrollback_limit_bytes=10000000
2026-08-14T12:30:57.170055Z  INFO herdr::logging: pane child spawned event="pane.spawned" subsystem="pane" outcome="ok" pane_id=4 pid=3158
2026-08-14T12:30:57.172071Z  INFO herdr::logging: spawning pane terminal event="pane.spawn.start" subsystem="pane" outcome="started" pane_id=5 rows=24 cols=80 scrollback_limit_bytes=10000000
2026-08-14T12:30:57.175849Z  INFO herdr::logging: pane child spawned event="pane.spawned" subsystem="pane" outcome="ok" pane_id=5 pid=3161
2026-08-14T12:30:57.177029Z  INFO herdr::logging: spawning pane terminal event="pane.spawn.start" subsystem="pane" outcome="started" pane_id=6 rows=24 cols=80 scrollback_limit_bytes=10000000
2026-08-14T12:30:57.181332Z  INFO herdr::logging: pane child spawned event="pane.spawned" subsystem="pane" outcome="ok" pane_id=6 pid=3165
2026-08-14T12:30:57.183118Z  INFO herdr::logging: spawning pane terminal event="pane.spawn.start" subsystem="pane" outcome="started" pane_id=7 rows=24 cols=80 scrollback_limit_bytes=10000000
2026-08-14T12:30:57.187381Z  INFO herdr::logging: pane child spawned event="pane.spawned" subsystem="pane" outcome="ok" pane_id=7 pid=3170
2026-08-14T12:30:57.190597Z  INFO herdr::logging: session restore evaluated event="persist.restore" subsystem="persist" outcome="ok" workspaces=4
2026-08-14T12:30:57.190705Z  INFO herdr::app: using pane scrollback configuration pane_scrollback_limit_bytes=10000000
2026-08-14T12:30:57.523345Z  INFO herdr::logging: checking for updates event="update.check.start" subsystem="update" outcome="started"
2026-08-14T12:30:57.529808Z  INFO herdr::server::headless: restored session already has workspaces; ignoring startup cwd cwd=/home/Ronaldcdz
2026-08-14T12:30:57.530307Z  INFO herdr::server::headless: client protocol socket listening path=/home/Ronaldcdz/.config/herdr/herdr-client.sock
2026-08-14T12:30:57.530408Z  INFO herdr::server::headless: herdr server started api_socket=/home/Ronaldcdz/.config/herdr/herdr.sock client_socket=/home/Ronaldcdz/.config/herdr/herdr-client.sock
2026-08-14T12:30:57.531203Z  INFO herdr::logging: herdr starting event="app.startup" subsystem="server" outcome="started" pid=3133
2026-08-14T12:30:57.710690Z  INFO herdr::server::headless: client connected client_id=2 cols=191 rows=47 cell_width_px=0 cell_height_px=0 render_encoding=SemanticFrame
2026-08-14T12:30:57.961991Z  WARN herdr::detect::manifest_update: skipping unknown remote manifest agent agent="qwen"
2026-08-14T12:30:58.053859Z  INFO herdr::logging: update available event="update.available" subsystem="update" outcome="ok" version="0.8.0"
2026-08-14T12:30:58.053891Z  INFO herdr::update: new stable build available at https://github.com/herdrdev/herdr/releases/download/v0.8.0/herdr-linux-x86_64
2026-08-14T12:30:58.054445Z  INFO herdr::update: auto-update check: 0.8.0 available, waiting for explicit install
2026-08-14T13:00:57.905070Z  WARN herdr::detect::manifest_update: skipping unknown remote manifest agent agent="qwen"
2026-08-14T13:30:57.731155Z  WARN herdr::detect::manifest_update: skipping unknown remote manifest agent agent="qwen"
2026-08-14T13:43:52.168465Z  INFO herdr::app::actions: copied selection to clipboard
2026-08-14T13:47:34.407308Z  INFO herdr::logging: tab focused event="tab.focus" subsystem="tab" outcome="ok" workspace_id="w2" tab_id="w2:t8"
2026-08-14T13:47:39.413839Z  INFO herdr::logging: session saved event="persist.save" subsystem="persist" outcome="ok" path=/home/Ronaldcdz/.config/herdr/session.json workspaces=4
2026-08-14T13:48:28.872567Z  INFO herdr::logging: tab focused event="tab.focus" subsystem="tab" outcome="ok" workspace_id="w2" tab_id="w2:t1"
2026-08-14T13:48:33.878540Z  INFO herdr::logging: session saved event="persist.save" subsystem="persist" outcome="ok" path=/home/Ronaldcdz/.config/herdr/session.json workspaces=4
2026-08-14T13:59:27.122920Z  INFO herdr::app::actions: copied selection to clipboard
2026-08-14T14:00:57.978352Z  WARN herdr::detect::manifest_update: skipping unknown remote manifest agent agent="qwen"
2026-08-14T14:21:55.644887Z  INFO herdr::server::headless: client connected client_id=4 cols=80 rows=24 cell_width_px=0 cell_height_px=0 render_encoding=SemanticFrame
2026-08-14T14:21:55.747339Z  INFO herdr::server::headless: client resize client_id=4 cols=95 rows=47 cell_width_px=0 cell_height_px=0
2026-08-14T14:21:57.185108Z  INFO herdr::server::headless: client disconnected client_id=4
2026-08-14T14:30:57.961530Z  WARN herdr::detect::manifest_update: skipping unknown remote manifest agent agent="qwen"
2026-08-14T14:41:27.684878Z  INFO herdr::app::actions: copied selection to clipboard
2026-08-14T15:00:57.973903Z  WARN herdr::detect::manifest_update: skipping unknown remote manifest agent agent="qwen"
2026-08-14T15:12:34.814176Z  INFO herdr::app::actions: copied selection to clipboard
2026-08-14T15:14:01.936714Z  INFO herdr::app::actions: copied selection to clipboard
2026-08-14T15:14:38.627940Z  INFO herdr::app::actions: copied selection to clipboard
2026-08-14T15:15:57.248452Z  INFO herdr::app::actions: copied selection to clipboard
2026-08-14T15:20:49.059512Z  INFO herdr::app::actions: copied selection to clipboard
2026-08-14T15:22:39.081058Z  INFO herdr::logging: tab focused event="tab.focus" subsystem="tab" outcome="ok" workspace_id="w2" tab_id="w2:t8"
2026-08-14T15:22:44.084337Z  INFO herdr::logging: session saved event="persist.save" subsystem="persist" outcome="ok" path=/home/Ronaldcdz/.config/herdr/session.json workspaces=4
2026-08-14T15:22:44.570756Z  INFO herdr::logging: pane child exited event="pane.exit" subsystem="pane" outcome="completed" pane_id=2 status="ExitStatus { code: 1, signal: None }"
2026-08-14T15:22:44.607091Z  INFO herdr::pane: pane session terminated pane=2 pid=3150 signal=Hangup
2026-08-14T15:22:44.607997Z  WARN herdr::app::actions: PaneDied for unknown pane pane=2
2026-08-14T15:22:46.135811Z  INFO herdr::logging: spawning pane terminal event="pane.spawn.start" subsystem="pane" outcome="started" pane_id=8 rows=46 cols=170 scrollback_limit_bytes=10000000
2026-08-14T15:22:46.140414Z  INFO herdr::logging: pane child spawned event="pane.spawned" subsystem="pane" outcome="ok" pane_id=8 pid=33192
2026-08-14T15:22:46.141062Z  INFO herdr::logging: tab focused event="tab.focus" subsystem="tab" outcome="ok" workspace_id="w2" tab_id="w2:t9"
2026-08-14T15:22:51.145698Z  INFO herdr::logging: session saved event="persist.save" subsystem="persist" outcome="ok" path=/home/Ronaldcdz/.config/herdr/session.json workspaces=4
2026-08-14T15:22:54.139673Z  INFO herdr::logging: pane child exited event="pane.exit" subsystem="pane" outcome="completed" pane_id=8 status="ExitStatus { code: 1, signal: None }"
2026-08-14T15:22:54.167746Z  INFO herdr::pane: pane session terminated pane=8 pid=33192 signal=Hangup
2026-08-14T15:22:54.168434Z  WARN herdr::app::actions: PaneDied for unknown pane pane=8
2026-08-14T15:22:59.170171Z  INFO herdr::logging: session saved event="persist.save" subsystem="persist" outcome="ok" path=/home/Ronaldcdz/.config/herdr/session.json workspaces=4
2026-08-14T15:30:20.360458Z  INFO herdr::app::actions: copied selection to clipboard
2026-08-14T15:30:58.111112Z  WARN herdr::detect::manifest_update: skipping unknown remote manifest agent agent="qwen"
2026-08-14T15:55:25.172752Z  INFO herdr::app::actions: copied selection to clipboard
2026-08-14T16:00:05.683934Z  INFO herdr::server::headless: client resize client_id=2 cols=191 rows=48 cell_width_px=0 cell_height_px=0
2026-08-14T16:00:06.284252Z  INFO herdr::server::headless: client resize client_id=2 cols=191 rows=47 cell_width_px=0 cell_height_px=0
2026-08-14T16:00:58.074845Z  WARN herdr::detect::manifest_update: skipping unknown remote manifest agent agent="qwen"
2026-08-14T16:30:57.999066Z  WARN herdr::detect::manifest_update: skipping unknown remote manifest agent agent="qwen"
2026-08-14T18:07:27.183104Z  INFO herdr::server::headless: client resize client_id=2 cols=191 rows=48 cell_width_px=0 cell_height_px=0
2026-08-14T18:07:28.884906Z  INFO herdr::server::headless: client resize client_id=2 cols=191 rows=47 cell_width_px=0 cell_height_px=0
2026-08-14T18:08:52.525410Z  INFO herdr::server::headless: client disconnected client_id=2
2026-08-14T18:08:52.530176Z  INFO herdr::logging: pane child exited event="pane.exit" subsystem="pane" outcome="completed" pane_id=5 status="ExitStatus { code: 1, signal: None }"
2026-08-14T18:08:52.530364Z  INFO herdr::logging: pane child exited event="pane.exit" subsystem="pane" outcome="completed" pane_id=7 status="ExitStatus { code: 1, signal: None }"
2026-08-14T18:08:52.540779Z  INFO herdr::logging: pane child exited event="pane.exit" subsystem="pane" outcome="completed" pane_id=6 status="ExitStatus { code: 1, signal: None }"
2026-08-14T18:08:52.541716Z  INFO herdr::pane: pane session terminated pane=5 pid=3161 signal=Hangup
2026-08-14T18:08:52.542007Z  INFO herdr::pane: pane session terminated pane=7 pid=3170 signal=Hangup
2026-08-14T18:08:52.542283Z  INFO herdr::pane: pane session terminated pane=6 pid=3165 signal=Hangup
2026-08-14T18:08:52.546051Z  INFO herdr::logging: pane child exited event="pane.exit" subsystem="pane" outcome="completed" pane_id=4 status="ExitStatus { code: 1, signal: None }"
2026-08-14T18:08:52.551357Z  INFO herdr::pane: pane session terminated pane=4 pid=3158 signal=Hangup
2026-08-14T18:10:51.552487Z  INFO herdr::api::server: api server listening path=/home/Ronaldcdz/.config/herdr/herdr.sock
2026-08-14T18:10:51.557415Z  INFO herdr::logging: spawning pane terminal event="pane.spawn.start" subsystem="pane" outcome="started" pane_id=1 rows=24 cols=80 scrollback_limit_bytes=10000000
2026-08-14T18:10:51.560484Z  INFO herdr::logging: pane child spawned event="pane.spawned" subsystem="pane" outcome="ok" pane_id=1 pid=2935
2026-08-14T18:10:51.562206Z  INFO herdr::logging: spawning pane terminal event="pane.spawn.start" subsystem="pane" outcome="started" pane_id=2 rows=24 cols=80 scrollback_limit_bytes=10000000
2026-08-14T18:10:51.566283Z  INFO herdr::logging: pane child spawned event="pane.spawned" subsystem="pane" outcome="ok" pane_id=2 pid=2938
2026-08-14T18:10:51.568206Z  INFO herdr::logging: spawning pane terminal event="pane.spawn.start" subsystem="pane" outcome="started" pane_id=3 rows=24 cols=80 scrollback_limit_bytes=10000000
2026-08-14T18:10:51.571643Z  INFO herdr::logging: pane child spawned event="pane.spawned" subsystem="pane" outcome="ok" pane_id=3 pid=2941
2026-08-14T18:10:51.574243Z  INFO herdr::logging: spawning pane terminal event="pane.spawn.start" subsystem="pane" outcome="started" pane_id=4 rows=24 cols=80 scrollback_limit_bytes=10000000
2026-08-14T18:10:51.578101Z  INFO herdr::logging: pane child spawned event="pane.spawned" subsystem="pane" outcome="ok" pane_id=4 pid=2946
2026-08-14T18:10:51.579064Z  INFO herdr::logging: spawning pane terminal event="pane.spawn.start" subsystem="pane" outcome="started" pane_id=5 rows=24 cols=80 scrollback_limit_bytes=10000000
2026-08-14T18:10:51.583151Z  INFO herdr::logging: pane child spawned event="pane.spawned" subsystem="pane" outcome="ok" pane_id=5 pid=2949
2026-08-14T18:10:51.584225Z  INFO herdr::logging: spawning pane terminal event="pane.spawn.start" subsystem="pane" outcome="started" pane_id=6 rows=24 cols=80 scrollback_limit_bytes=10000000
2026-08-14T18:10:51.588550Z  INFO herdr::logging: pane child spawned event="pane.spawned" subsystem="pane" outcome="ok" pane_id=6 pid=2953
2026-08-14T18:10:51.594910Z  INFO herdr::logging: session restore evaluated event="persist.restore" subsystem="persist" outcome="ok" workspaces=4
2026-08-14T18:10:51.595014Z  INFO herdr::app: using pane scrollback configuration pane_scrollback_limit_bytes=10000000
2026-08-14T18:10:51.919215Z  INFO herdr::logging: checking for updates event="update.check.start" subsystem="update" outcome="started"
2026-08-14T18:10:51.923222Z  INFO herdr::server::headless: restored session already has workspaces; ignoring startup cwd cwd=/home/Ronaldcdz
2026-08-14T18:10:51.923518Z  INFO herdr::server::headless: client protocol socket listening path=/home/Ronaldcdz/.config/herdr/herdr-client.sock
2026-08-14T18:10:51.923568Z  INFO herdr::server::headless: herdr server started api_socket=/home/Ronaldcdz/.config/herdr/herdr.sock client_socket=/home/Ronaldcdz/.config/herdr/herdr-client.sock
2026-08-14T18:10:51.923915Z  INFO herdr::logging: herdr starting event="app.startup" subsystem="server" outcome="started" pid=2921
2026-08-14T18:10:52.116563Z  INFO herdr::server::headless: client connected client_id=2 cols=191 rows=47 cell_width_px=0 cell_height_px=0 render_encoding=SemanticFrame
2026-08-14T18:10:52.302071Z  WARN herdr::detect::manifest_update: skipping unknown remote manifest agent agent="qwen"
2026-08-14T18:10:52.346971Z  INFO herdr::logging: update available event="update.available" subsystem="update" outcome="ok" version="0.8.0"
2026-08-14T18:10:52.347003Z  INFO herdr::update: new stable build available at https://github.com/herdrdev/herdr/releases/download/v0.8.0/herdr-linux-x86_64
2026-08-14T18:10:52.347606Z  INFO herdr::update: auto-update check: 0.8.0 available, waiting for explicit install
2026-08-14T18:40:52.126555Z  WARN herdr::detect::manifest_update: skipping unknown remote manifest agent agent="qwen"
2026-08-14T19:07:44.511862Z  INFO herdr::logging: workspace focused event="workspace.focus" subsystem="workspace" outcome="ok" workspace_id="w4"
2026-08-14T19:07:44.511981Z  INFO herdr::logging: tab focused event="tab.focus" subsystem="tab" outcome="ok" workspace_id="w4" tab_id="w4:tA"
2026-08-14T19:07:45.574919Z  INFO herdr::logging: workspace focused event="workspace.focus" subsystem="workspace" outcome="ok" workspace_id="w2"
2026-08-14T19:07:45.575034Z  INFO herdr::logging: tab focused event="tab.focus" subsystem="tab" outcome="ok" workspace_id="w2" tab_id="w2:t1"
2026-08-14T19:07:50.584779Z  INFO herdr::logging: session saved event="persist.save" subsystem="persist" outcome="ok" path=/home/Ronaldcdz/.config/herdr/session.json workspaces=4
2026-08-14T19:08:02.994839Z  INFO herdr::logging: workspace focused event="workspace.focus" subsystem="workspace" outcome="ok" workspace_id="w6"
2026-08-14T19:08:02.994954Z  INFO herdr::logging: tab focused event="tab.focus" subsystem="tab" outcome="ok" workspace_id="w6" tab_id="w6:tH"
2026-08-14T19:08:04.123457Z  INFO herdr::logging: tab focused event="tab.focus" subsystem="tab" outcome="ok" workspace_id="w6" tab_id="w6:t2"
2026-08-14T19:08:09.127527Z  INFO herdr::logging: session saved event="persist.save" subsystem="persist" outcome="ok" path=/home/Ronaldcdz/.config/herdr/session.json workspaces=4
2026-08-14T19:10:52.146058Z  WARN herdr::detect::manifest_update: skipping unknown remote manifest agent agent="qwen"
2026-08-14T19:40:52.312054Z  WARN herdr::detect::manifest_update: skipping unknown remote manifest agent agent="qwen"
2026-08-14T19:58:45.141620Z  INFO herdr::logging: workspace focused event="workspace.focus" subsystem="workspace" outcome="ok" workspace_id="w2"
2026-08-14T19:58:45.141739Z  INFO herdr::logging: tab focused event="tab.focus" subsystem="tab" outcome="ok" workspace_id="w2" tab_id="w2:t1"
2026-08-14T19:58:50.146752Z  INFO herdr::logging: session saved event="persist.save" subsystem="persist" outcome="ok" path=/home/Ronaldcdz/.config/herdr/session.json workspaces=4
2026-08-14T19:59:37.809378Z  INFO herdr::logging: workspace focused event="workspace.focus" subsystem="workspace" outcome="ok" workspace_id="w6"
2026-08-14T19:59:37.809493Z  INFO herdr::logging: tab focused event="tab.focus" subsystem="tab" outcome="ok" workspace_id="w6" tab_id="w6:t2"
2026-08-14T19:59:42.814765Z  INFO herdr::logging: session saved event="persist.save" subsystem="persist" outcome="ok" path=/home/Ronaldcdz/.config/herdr/session.json workspaces=4
2026-08-14T20:10:52.514601Z  WARN herdr::detect::manifest_update: skipping unknown remote manifest agent agent="qwen"
2026-08-14T20:11:21.174761Z  INFO herdr::logging: workspace focused event="workspace.focus" subsystem="workspace" outcome="ok" workspace_id="w2"
2026-08-14T20:11:21.174909Z  INFO herdr::logging: tab focused event="tab.focus" subsystem="tab" outcome="ok" workspace_id="w2" tab_id="w2:t1"
2026-08-14T20:11:26.188160Z  INFO herdr::logging: session saved event="persist.save" subsystem="persist" outcome="ok" path=/home/Ronaldcdz/.config/herdr/session.json workspaces=4
2026-08-14T20:40:52.325083Z  WARN herdr::detect::manifest_update: skipping unknown remote manifest agent agent="qwen"
2026-08-14T20:41:42.606291Z  INFO herdr::logging: spawning pane terminal event="pane.spawn.start" subsystem="pane" outcome="started" pane_id=7 rows=46 cols=170 scrollback_limit_bytes=10000000
2026-08-14T20:41:42.611133Z  INFO herdr::logging: pane child spawned event="pane.spawned" subsystem="pane" outcome="ok" pane_id=7 pid=67761
2026-08-14T20:41:42.611828Z  INFO herdr::logging: tab renamed event="tab.rename" subsystem="tab" outcome="ok" workspace_id="w2" tab_id="w2:tA"
2026-08-14T20:41:42.611949Z  INFO herdr::logging: tab focused event="tab.focus" subsystem="tab" outcome="ok" workspace_id="w2" tab_id="w2:tA"
2026-08-14T20:41:47.618638Z  INFO herdr::logging: session saved event="persist.save" subsystem="persist" outcome="ok" path=/home/Ronaldcdz/.config/herdr/session.json workspaces=4
2026-08-14T20:48:30.930864Z  INFO herdr::server::headless: client resize client_id=2 cols=191 rows=48 cell_width_px=0 cell_height_px=0
2026-08-14T22:24:12.971250Z  INFO herdr::server::headless: client resize client_id=2 cols=191 rows=47 cell_width_px=0 cell_height_px=0
2026-08-14T22:25:29.919578Z  INFO herdr::server::headless: client disconnected client_id=2
2026-08-14T22:25:29.937343Z  INFO herdr::logging: pane child exited event="pane.exit" subsystem="pane" outcome="completed" pane_id=6 status="ExitStatus { code: 1, signal: None }"
2026-08-14T22:25:29.937831Z  INFO herdr::pane: pane session terminated pane=6 pid=2953 signal=Hangup
2026-08-14T22:25:29.940633Z  INFO herdr::logging: pane child exited event="pane.exit" subsystem="pane" outcome="completed" pane_id=4 status="ExitStatus { code: 1, signal: None }"
2026-08-14T22:25:29.941103Z  INFO herdr::pane: pane session terminated pane=4 pid=2946 signal=Hangup
2026-08-14T22:25:29.948883Z  INFO herdr::logging: pane child exited event="pane.exit" subsystem="pane" outcome="completed" pane_id=5 status="ExitStatus { code: 1, signal: None }"
2026-08-14T22:25:29.953786Z  INFO herdr::pane: pane session terminated pane=5 pid=2949 signal=Hangup
2026-08-14T22:37:43.884919Z  INFO herdr::api::server: api server listening path=/home/Ronaldcdz/.config/herdr/herdr.sock
2026-08-14T22:37:43.891938Z  INFO herdr::logging: spawning pane terminal event="pane.spawn.start" subsystem="pane" outcome="started" pane_id=1 rows=24 cols=80 scrollback_limit_bytes=10000000
2026-08-14T22:37:43.895897Z  INFO herdr::logging: pane child spawned event="pane.spawned" subsystem="pane" outcome="ok" pane_id=1 pid=4530
2026-08-14T22:37:43.897005Z  INFO herdr::logging: spawning pane terminal event="pane.spawn.start" subsystem="pane" outcome="started" pane_id=2 rows=24 cols=80 scrollback_limit_bytes=10000000
2026-08-14T22:37:43.900574Z  INFO herdr::logging: pane child spawned event="pane.spawned" subsystem="pane" outcome="ok" pane_id=2 pid=4533
2026-08-14T22:37:43.903280Z  INFO herdr::logging: spawning pane terminal event="pane.spawn.start" subsystem="pane" outcome="started" pane_id=3 rows=24 cols=80 scrollback_limit_bytes=10000000
2026-08-14T22:37:43.906660Z  INFO herdr::logging: pane child spawned event="pane.spawned" subsystem="pane" outcome="ok" pane_id=3 pid=4536
2026-08-14T22:37:43.909189Z  INFO herdr::logging: spawning pane terminal event="pane.spawn.start" subsystem="pane" outcome="started" pane_id=4 rows=24 cols=80 scrollback_limit_bytes=10000000
2026-08-14T22:37:43.913064Z  INFO herdr::logging: pane child spawned event="pane.spawned" subsystem="pane" outcome="ok" pane_id=4 pid=4541
2026-08-14T22:37:43.915389Z  INFO herdr::logging: spawning pane terminal event="pane.spawn.start" subsystem="pane" outcome="started" pane_id=5 rows=24 cols=80 scrollback_limit_bytes=10000000
2026-08-14T22:37:43.921419Z  INFO herdr::logging: pane child spawned event="pane.spawned" subsystem="pane" outcome="ok" pane_id=5 pid=4545
2026-08-14T22:37:43.922433Z  INFO herdr::logging: spawning pane terminal event="pane.spawn.start" subsystem="pane" outcome="started" pane_id=6 rows=24 cols=80 scrollback_limit_bytes=10000000
2026-08-14T22:37:43.930047Z  INFO herdr::logging: pane child spawned event="pane.spawned" subsystem="pane" outcome="ok" pane_id=6 pid=4549
2026-08-14T22:37:43.932101Z  INFO herdr::logging: spawning pane terminal event="pane.spawn.start" subsystem="pane" outcome="started" pane_id=7 rows=24 cols=80 scrollback_limit_bytes=10000000
2026-08-14T22:37:43.942136Z  INFO herdr::logging: pane child spawned event="pane.spawned" subsystem="pane" outcome="ok" pane_id=7 pid=4554
2026-08-14T22:37:43.948756Z  INFO herdr::logging: session restore evaluated event="persist.restore" subsystem="persist" outcome="ok" workspaces=4
2026-08-14T22:37:43.948907Z  INFO herdr::app: using pane scrollback configuration pane_scrollback_limit_bytes=10000000
2026-08-14T22:37:44.193172Z  INFO herdr::logging: checking for updates event="update.check.start" subsystem="update" outcome="started"
2026-08-14T22:37:44.200577Z  INFO herdr::server::headless: restored session already has workspaces; ignoring startup cwd cwd=/home/Ronaldcdz
2026-08-14T22:37:44.200909Z  INFO herdr::server::headless: client protocol socket listening path=/home/Ronaldcdz/.config/herdr/herdr-client.sock
2026-08-14T22:37:44.200963Z  INFO herdr::server::headless: herdr server started api_socket=/home/Ronaldcdz/.config/herdr/herdr.sock client_socket=/home/Ronaldcdz/.config/herdr/herdr-client.sock
2026-08-14T22:37:44.201354Z  INFO herdr::logging: herdr starting event="app.startup" subsystem="server" outcome="started" pid=4516
2026-08-14T22:37:44.351221Z  WARN herdr::detect::manifest_update: skipping unknown remote manifest agent agent="qwen"
2026-08-14T22:37:44.451320Z  INFO herdr::server::headless: client connected client_id=2 cols=95 rows=47 cell_width_px=0 cell_height_px=0 render_encoding=SemanticFrame
2026-08-14T22:37:44.506856Z  INFO herdr::logging: update available event="update.available" subsystem="update" outcome="ok" version="0.8.0"
2026-08-14T22:37:44.506892Z  INFO herdr::update: new stable build available at https://github.com/herdrdev/herdr/releases/download/v0.8.0/herdr-linux-x86_64
2026-08-14T22:37:44.508090Z  INFO herdr::update: auto-update check: 0.8.0 available, waiting for explicit install
2026-08-14T22:37:49.757793Z  INFO herdr::server::headless: client resize client_id=2 cols=62 rows=47 cell_width_px=0 cell_height_px=0
2026-08-14T22:37:50.458476Z  INFO herdr::server::headless: client resize client_id=2 cols=54 rows=47 cell_width_px=0 cell_height_px=0
2026-08-14T22:37:50.660361Z  INFO herdr::server::headless: client resize client_id=2 cols=51 rows=47 cell_width_px=0 cell_height_px=0
2026-08-14T22:37:50.760225Z  INFO herdr::server::headless: client resize client_id=2 cols=48 rows=47 cell_width_px=0 cell_height_px=0
2026-08-14T22:37:54.446719Z  INFO herdr::logging: tab focused event="tab.focus" subsystem="tab" outcome="ok" workspace_id="w2" tab_id="w2:t1"
2026-08-14T22:37:55.509020Z  INFO herdr::logging: tab focused event="tab.focus" subsystem="tab" outcome="ok" workspace_id="w2" tab_id="w2:tA"
2026-08-14T22:37:56.189505Z  INFO herdr::logging: tab focused event="tab.focus" subsystem="tab" outcome="ok" workspace_id="w2" tab_id="w2:t1"
2026-08-14T22:38:01.193019Z  INFO herdr::logging: session saved event="persist.save" subsystem="persist" outcome="ok" path=/home/Ronaldcdz/.config/herdr/session.json workspaces=4
2026-08-14T22:41:43.532165Z  INFO herdr::server::headless: client resize client_id=2 cols=32 rows=47 cell_width_px=0 cell_height_px=0
2026-08-14T22:41:45.434451Z  INFO herdr::server::headless: client resize client_id=2 cols=48 rows=47 cell_width_px=0 cell_height_px=0
2026-08-14T22:52:59.605019Z  INFO herdr::logging: spawning pane terminal event="pane.spawn.start" subsystem="pane" outcome="started" pane_id=8 rows=45 cols=48 scrollback_limit_bytes=10000000
2026-08-14T22:52:59.610039Z  INFO herdr::logging: pane child spawned event="pane.spawned" subsystem="pane" outcome="ok" pane_id=8 pid=21035
2026-08-14T22:52:59.611067Z  INFO herdr::logging: tab focused event="tab.focus" subsystem="tab" outcome="ok" workspace_id="w2" tab_id="w2:tB"
2026-08-14T22:53:04.617305Z  INFO herdr::logging: session saved event="persist.save" subsystem="persist" outcome="ok" path=/home/Ronaldcdz/.config/herdr/session.json workspaces=4
2026-08-14T22:53:25.895279Z  INFO herdr::logging: tab focused event="tab.focus" subsystem="tab" outcome="ok" workspace_id="w2" tab_id="w2:t1"
2026-08-14T22:53:30.899626Z  INFO herdr::logging: session saved event="persist.save" subsystem="persist" outcome="ok" path=/home/Ronaldcdz/.config/herdr/session.json workspaces=4
2026-08-14T22:53:54.735644Z  INFO herdr::logging: tab focused event="tab.focus" subsystem="tab" outcome="ok" workspace_id="w2" tab_id="w2:tB"
2026-08-14T22:53:59.739283Z  INFO herdr::logging: session saved event="persist.save" subsystem="persist" outcome="ok" path=/home/Ronaldcdz/.config/herdr/session.json workspaces=4
2026-08-14T22:54:12.249626Z  INFO herdr::app::actions: copied selection to clipboard
2026-08-14T22:54:15.431603Z  INFO herdr::logging: tab focused event="tab.focus" subsystem="tab" outcome="ok" workspace_id="w2" tab_id="w2:t1"
2026-08-14T22:54:20.435593Z  INFO herdr::logging: session saved event="persist.save" subsystem="persist" outcome="ok" path=/home/Ronaldcdz/.config/herdr/session.json workspaces=4
2026-08-14T22:54:34.120456Z  INFO herdr::logging: tab focused event="tab.focus" subsystem="tab" outcome="ok" workspace_id="w2" tab_id="w2:tB"
2026-08-14T22:54:39.124659Z  INFO herdr::logging: session saved event="persist.save" subsystem="persist" outcome="ok" path=/home/Ronaldcdz/.config/herdr/session.json workspaces=4
2026-08-14T22:54:58.094280Z  INFO herdr::app::actions: copied selection to clipboard
2026-08-14T22:55:03.094363Z  INFO herdr::logging: pane child exited event="pane.exit" subsystem="pane" outcome="completed" pane_id=8 status="ExitStatus { code: 1, signal: None }"
2026-08-14T22:55:03.136300Z  INFO herdr::pane: pane session terminated pane=8 pid=21035 signal=Hangup
2026-08-14T22:55:03.136984Z  WARN herdr::app::actions: PaneDied for unknown pane pane=8
2026-08-14T22:55:05.087482Z  INFO herdr::logging: spawning pane terminal event="pane.spawn.start" subsystem="pane" outcome="started" pane_id=9 rows=45 cols=48 scrollback_limit_bytes=10000000
2026-08-14T22:55:05.092185Z  INFO herdr::logging: pane child spawned event="pane.spawned" subsystem="pane" outcome="ok" pane_id=9 pid=23648
2026-08-14T22:55:05.092782Z  INFO herdr::logging: tab focused event="tab.focus" subsystem="tab" outcome="ok" workspace_id="w2" tab_id="w2:tC"
2026-08-14T22:55:10.097968Z  INFO herdr::logging: session saved event="persist.save" subsystem="persist" outcome="ok" path=/home/Ronaldcdz/.config/herdr/session.json workspaces=4
2026-08-14T22:55:27.852953Z  INFO herdr::logging: tab focused event="tab.focus" subsystem="tab" outcome="ok" workspace_id="w2" tab_id="w2:t1"
2026-08-14T22:55:32.857973Z  INFO herdr::logging: session saved event="persist.save" subsystem="persist" outcome="ok" path=/home/Ronaldcdz/.config/herdr/session.json workspaces=4
2026-08-14T22:55:53.942695Z  INFO herdr::logging: tab focused event="tab.focus" subsystem="tab" outcome="ok" workspace_id="w2" tab_id="w2:tC"
2026-08-14T22:55:58.947352Z  INFO herdr::logging: session saved event="persist.save" subsystem="persist" outcome="ok" path=/home/Ronaldcdz/.config/herdr/session.json workspaces=4
2026-08-14T22:56:47.230352Z  INFO herdr::logging: tab focused event="tab.focus" subsystem="tab" outcome="ok" workspace_id="w2" tab_id="w2:t1"
2026-08-14T22:56:52.235010Z  INFO herdr::logging: session saved event="persist.save" subsystem="persist" outcome="ok" path=/home/Ronaldcdz/.config/herdr/session.json workspaces=4
2026-08-14T23:05:42.024173Z  INFO herdr::logging: tab focused event="tab.focus" subsystem="tab" outcome="ok" workspace_id="w2" tab_id="w2:tC"
2026-08-14T23:05:47.028445Z  INFO herdr::logging: session saved event="persist.save" subsystem="persist" outcome="ok" path=/home/Ronaldcdz/.config/herdr/session.json workspaces=4
2026-08-14T23:07:40.614322Z  INFO herdr::logging: pane child exited event="pane.exit" subsystem="pane" outcome="completed" pane_id=9 status="ExitStatus { code: 1, signal: None }"
2026-08-14T23:07:40.652652Z  INFO herdr::pane: pane session terminated pane=9 pid=23648 signal=Hangup
2026-08-14T23:07:40.653070Z  WARN herdr::app::actions: PaneDied for unknown pane pane=9
2026-08-14T23:07:42.837588Z  INFO herdr::logging: pane child exited event="pane.exit" subsystem="pane" outcome="completed" pane_id=2 status="ExitStatus { code: 1, signal: None }"
2026-08-14T23:07:42.860275Z  INFO herdr::pane: pane session terminated pane=2 pid=4533 signal=Hangup
2026-08-14T23:07:42.861197Z  WARN herdr::app::actions: PaneDied for unknown pane pane=2
2026-08-14T23:07:44.456562Z  WARN herdr::detect::manifest_update: skipping unknown remote manifest agent agent="qwen"
2026-08-14T23:07:47.863498Z  INFO herdr::logging: session saved event="persist.save" subsystem="persist" outcome="ok" path=/home/Ronaldcdz/.config/herdr/session.json workspaces=4
2026-08-14T23:18:42.942657Z  INFO herdr::logging: tab focused event="tab.focus" subsystem="tab" outcome="ok" workspace_id="w2" tab_id="w2:t1"
2026-08-14T23:18:46.203938Z  INFO herdr::logging: spawning pane terminal event="pane.spawn.start" subsystem="pane" outcome="started" pane_id=10 rows=45 cols=48 scrollback_limit_bytes=10000000
2026-08-14T23:18:46.208521Z  INFO herdr::logging: pane child spawned event="pane.spawned" subsystem="pane" outcome="ok" pane_id=10 pid=34899
2026-08-14T23:18:46.209239Z  INFO herdr::logging: tab focused event="tab.focus" subsystem="tab" outcome="ok" workspace_id="w2" tab_id="w2:tD"
2026-08-14T23:18:47.368404Z  INFO herdr::logging: tab focused event="tab.focus" subsystem="tab" outcome="ok" workspace_id="w2" tab_id="w2:t1"
2026-08-14T23:18:48.043605Z  INFO herdr::logging: tab focused event="tab.focus" subsystem="tab" outcome="ok" workspace_id="w2" tab_id="w2:tD"
2026-08-14T23:18:53.047516Z  INFO herdr::logging: session saved event="persist.save" subsystem="persist" outcome="ok" path=/home/Ronaldcdz/.config/herdr/session.json workspaces=4
2026-08-14T23:28:15.780468Z  INFO herdr::logging: tab focused event="tab.focus" subsystem="tab" outcome="ok" workspace_id="w2" tab_id="w2:t1"
2026-08-14T23:28:20.784716Z  INFO herdr::logging: session saved event="persist.save" subsystem="persist" outcome="ok" path=/home/Ronaldcdz/.config/herdr/session.json workspaces=4
2026-08-14T23:37:44.406124Z  WARN herdr::detect::manifest_update: skipping unknown remote manifest agent agent="qwen"
2026-08-14T23:38:21.514330Z  INFO herdr::logging: tab focused event="tab.focus" subsystem="tab" outcome="ok" workspace_id="w2" tab_id="w2:tD"
2026-08-14T23:38:25.394636Z  INFO herdr::logging: spawning pane terminal event="pane.spawn.start" subsystem="pane" outcome="started" pane_id=11 rows=45 cols=48 scrollback_limit_bytes=10000000
2026-08-14T23:38:25.399362Z  INFO herdr::logging: pane child spawned event="pane.spawned" subsystem="pane" outcome="ok" pane_id=11 pid=44085
2026-08-14T23:38:25.400168Z  INFO herdr::logging: tab focused event="tab.focus" subsystem="tab" outcome="ok" workspace_id="w2" tab_id="w2:tE"
2026-08-14T23:38:30.405285Z  INFO herdr::logging: session saved event="persist.save" subsystem="persist" outcome="ok" path=/home/Ronaldcdz/.config/herdr/session.json workspaces=4
2026-08-14T23:39:02.399969Z  INFO herdr::logging: pane child exited event="pane.exit" subsystem="pane" outcome="completed" pane_id=11 status="ExitStatus { code: 1, signal: None }"
2026-08-14T23:39:02.428867Z  INFO herdr::pane: pane session terminated pane=11 pid=44085 signal=Hangup
2026-08-14T23:39:02.429485Z  WARN herdr::app::actions: PaneDied for unknown pane pane=11
2026-08-14T23:39:07.431263Z  INFO herdr::logging: session saved event="persist.save" subsystem="persist" outcome="ok" path=/home/Ronaldcdz/.config/herdr/session.json workspaces=4
2026-08-15T00:07:44.452775Z  WARN herdr::detect::manifest_update: skipping unknown remote manifest agent agent="qwen"
2026-08-15T00:35:25.306542Z  INFO herdr::logging: tab focused event="tab.focus" subsystem="tab" outcome="ok" workspace_id="w2" tab_id="w2:t1"
2026-08-15T00:35:30.311088Z  INFO herdr::logging: session saved event="persist.save" subsystem="persist" outcome="ok" path=/home/Ronaldcdz/.config/herdr/session.json workspaces=4
2026-08-15T00:37:44.463871Z  WARN herdr::detect::manifest_update: skipping unknown remote manifest agent agent="qwen"
2026-08-15T00:42:58.946393Z  INFO herdr::logging: tab focused event="tab.focus" subsystem="tab" outcome="ok" workspace_id="w2" tab_id="w2:tD"
2026-08-15T00:43:03.950417Z  INFO herdr::logging: session saved event="persist.save" subsystem="persist" outcome="ok" path=/home/Ronaldcdz/.config/herdr/session.json workspaces=4
